/*
 Navicat Premium Data Transfer

 Source Server         : 9527
 Source Server Type    : MySQL
 Source Server Version : 80021
 Source Host           : localhost:3306
 Source Schema         : t1-1

 Target Server Type    : MySQL
 Target Server Version : 80021
 File Encoding         : 65001

 Date: 05/05/2021 12:02:04
*/

SET NAMES utf8mb4;
SET FOREIGN_KEY_CHECKS = 0;

-- ----------------------------
-- Table structure for act_evt_log
-- ----------------------------
DROP TABLE IF EXISTS `act_evt_log`;
CREATE TABLE `act_evt_log`  (
  `LOG_NR_` bigint NOT NULL AUTO_INCREMENT,
  `TYPE_` varchar(64) CHARACTER SET utf8 COLLATE utf8_bin NULL DEFAULT NULL,
  `PROC_DEF_ID_` varchar(64) CHARACTER SET utf8 COLLATE utf8_bin NULL DEFAULT NULL,
  `PROC_INST_ID_` varchar(64) CHARACTER SET utf8 COLLATE utf8_bin NULL DEFAULT NULL,
  `EXECUTION_ID_` varchar(64) CHARACTER SET utf8 COLLATE utf8_bin NULL DEFAULT NULL,
  `TASK_ID_` varchar(64) CHARACTER SET utf8 COLLATE utf8_bin NULL DEFAULT NULL,
  `TIME_STAMP_` timestamp(3) NOT NULL DEFAULT CURRENT_TIMESTAMP(3) ON UPDATE CURRENT_TIMESTAMP(3),
  `USER_ID_` varchar(255) CHARACTER SET utf8 COLLATE utf8_bin NULL DEFAULT NULL,
  `DATA_` longblob NULL,
  `LOCK_OWNER_` varchar(255) CHARACTER SET utf8 COLLATE utf8_bin NULL DEFAULT NULL,
  `LOCK_TIME_` timestamp(3) NULL DEFAULT NULL,
  `IS_PROCESSED_` tinyint NULL DEFAULT 0,
  PRIMARY KEY (`LOG_NR_`) USING BTREE
) ENGINE = InnoDB AUTO_INCREMENT = 1 CHARACTER SET = utf8 COLLATE = utf8_bin ROW_FORMAT = DYNAMIC;

-- ----------------------------
-- Records of act_evt_log
-- ----------------------------

-- ----------------------------
-- Table structure for act_from_activiti_engine
-- ----------------------------
DROP TABLE IF EXISTS `act_from_activiti_engine`;
CREATE TABLE `act_from_activiti_engine`  (
  `id` int NOT NULL AUTO_INCREMENT COMMENT '模板编码',
  `code` varchar(100) CHARACTER SET utf8mb4 COLLATE utf8mb4_unicode_ci NOT NULL COMMENT '编码',
  `name` varchar(100) CHARACTER SET utf8mb4 COLLATE utf8mb4_unicode_ci NOT NULL COMMENT '模板名称',
  `form_conf` text CHARACTER SET utf8mb4 COLLATE utf8mb4_unicode_ci NULL COMMENT '表单配置',
  `drawing_controls` text CHARACTER SET utf8mb4 COLLATE utf8mb4_unicode_ci NULL COMMENT '渲染控件数据集合',
  `id_global` int NULL DEFAULT NULL COMMENT '记录目前控件全局ID-自增长',
  `tree_node_id` text CHARACTER SET utf8mb4 COLLATE utf8mb4_unicode_ci NULL COMMENT '级联下拉树形选项局部ID-内部标识-目前实现控件独立',
  `create_by` varchar(64) CHARACTER SET utf8mb4 COLLATE utf8mb4_unicode_ci NULL DEFAULT NULL COMMENT '创建用户',
  `create_time` datetime NULL DEFAULT NULL COMMENT '插件时间',
  `update_by` varchar(64) CHARACTER SET utf8mb4 COLLATE utf8mb4_unicode_ci NULL DEFAULT NULL COMMENT '修改用户\n',
  `update_time` datetime NULL DEFAULT NULL COMMENT '修改时间',
  `remarks` varchar(500) CHARACTER SET utf8mb4 COLLATE utf8mb4_unicode_ci NULL DEFAULT NULL COMMENT '备注',
  PRIMARY KEY (`id`) USING BTREE
) ENGINE = InnoDB AUTO_INCREMENT = 40 CHARACTER SET = utf8mb4 COLLATE = utf8mb4_unicode_ci COMMENT = '表单扩展表' ROW_FORMAT = DYNAMIC;

-- ----------------------------
-- Records of act_from_activiti_engine
-- ----------------------------
INSERT INTO `act_from_activiti_engine` VALUES (39, 'form1', '工作流表单1', '{\"labelWidth\":100,\"gutter\":15,\"size\":\"medium\",\"labelPosition\":\"right\",\"disabled\":false}', '[{\"style\":{\"width\":\"100%\"},\"slot\":{\"prepend\":\"\",\"append\":\"\"},\"config\":{\"formId\":101,\"defaultValue\":\"007\",\"document\":\"https://element.eleme.cn/#/zh-CN/component/input\",\"label\":\"任务编号\",\"showLabel\":true,\"required\":true,\"renderKey\":\"1011619081323510\",\"layout\":\"colFormItem\",\"tagIcon\":\"input\",\"changeTag\":true,\"tag\":\"el-input\",\"regList\":[],\"span\":12,\"vModel\":\"taskId\"},\"attrs\":{\"clearable\":true,\"readonly\":false,\"disabled\":false,\"placeholder\":\"请输入任务编号\",\"show-word-limit\":false,\"prefix-icon\":\"\",\"suffix-icon\":\"\"}},{\"style\":{\"width\":\"100%\"},\"slot\":{\"prepend\":\"\",\"append\":\"\"},\"config\":{\"formId\":107,\"defaultValue\":\"007\",\"document\":\"https://element.eleme.cn/#/zh-CN/component/input\",\"label\":\"任务名称\",\"showLabel\":true,\"required\":true,\"renderKey\":\"1071619100867395\",\"layout\":\"colFormItem\",\"tagIcon\":\"input\",\"changeTag\":true,\"tag\":\"el-input\",\"regList\":[],\"span\":12,\"vModel\":\"taskName\"},\"attrs\":{\"clearable\":true,\"readonly\":false,\"disabled\":false,\"placeholder\":\"请输入任务名称\",\"show-word-limit\":false,\"prefix-icon\":\"\",\"suffix-icon\":\"\"}},{\"style\":{\"width\":\"100%\"},\"config\":{\"formId\":112,\"defaultValue\":\"2021-05-02 00:00:00\",\"document\":\"https://element.eleme.cn/#/zh-CN/component/date-picker\",\"label\":\"提交时间\",\"showLabel\":true,\"required\":true,\"renderKey\":\"1121619101128851\",\"layout\":\"colFormItem\",\"tagIcon\":\"date\",\"changeTag\":true,\"tag\":\"el-date-picker\",\"regList\":[],\"span\":24,\"vModel\":\"createTime\"},\"attrs\":{\"clearable\":true,\"readonly\":false,\"format\":\"yyyy-MM-dd HH:mm:ss\",\"value-format\":\"yyyy-MM-dd HH:mm:ss\",\"disabled\":false,\"placeholder\":\"请输入提交时间\",\"type\":\"datetime\"}},{\"style\":{\"width\":\"100%\"},\"config\":{\"formId\":113,\"defaultValue\":\"8555\",\"document\":\"https://element.eleme.cn/#/zh-CN/component/input\",\"label\":\"请假事由\",\"showLabel\":true,\"required\":true,\"renderKey\":\"1131619101148815\",\"layout\":\"colFormItem\",\"tagIcon\":\"textarea\",\"changeTag\":true,\"tag\":\"el-input\",\"regList\":[],\"span\":24,\"vModel\":\"cause\"},\"attrs\":{\"readonly\":false,\"disabled\":false,\"placeholder\":\"请输入请假事由\",\"show-word-limit\":false,\"type\":\"textarea\",\"autosize\":{\"minRows\":4,\"maxRows\":4}}}]', 121, '{}', '小狗', '2021-04-19 23:28:47', 'admin', '2021-04-22 23:21:24', NULL);
INSERT INTO `act_from_activiti_engine` VALUES (41, '009', '加薪申请', NULL, NULL, NULL, NULL, 'admin', '2021-05-05 01:39:39', NULL, NULL, NULL);

-- ----------------------------
-- Table structure for act_ge_bytearray
-- ----------------------------
DROP TABLE IF EXISTS `act_ge_bytearray`;
CREATE TABLE `act_ge_bytearray`  (
  `ID_` varchar(64) CHARACTER SET utf8 COLLATE utf8_bin NOT NULL,
  `REV_` int NULL DEFAULT NULL,
  `NAME_` varchar(255) CHARACTER SET utf8 COLLATE utf8_bin NULL DEFAULT NULL,
  `DEPLOYMENT_ID_` varchar(64) CHARACTER SET utf8 COLLATE utf8_bin NULL DEFAULT NULL,
  `BYTES_` longblob NULL,
  `GENERATED_` tinyint NULL DEFAULT NULL,
  PRIMARY KEY (`ID_`) USING BTREE,
  INDEX `ACT_FK_BYTEARR_DEPL`(`DEPLOYMENT_ID_`) USING BTREE,
  CONSTRAINT `ACT_FK_BYTEARR_DEPL` FOREIGN KEY (`DEPLOYMENT_ID_`) REFERENCES `act_re_deployment` (`ID_`) ON DELETE RESTRICT ON UPDATE RESTRICT
) ENGINE = InnoDB CHARACTER SET = utf8 COLLATE = utf8_bin ROW_FORMAT = DYNAMIC;

-- ----------------------------
-- Records of act_ge_bytearray
-- ----------------------------
INSERT INTO `act_ge_bytearray` VALUES ('10001', 1, 'source-extra', NULL, '', NULL);
INSERT INTO `act_ge_bytearray` VALUES ('12502', 1, '007.bpmn20.xml', '12501', 0x3C3F786D6C2076657273696F6E3D22312E302220656E636F64696E673D225554462D38223F3E0A3C646566696E6974696F6E7320786D6C6E733D22687474703A2F2F7777772E6F6D672E6F72672F737065632F42504D4E2F32303130303532342F4D4F44454C2220786D6C6E733A7873693D22687474703A2F2F7777772E77332E6F72672F323030312F584D4C536368656D612D696E7374616E63652220786D6C6E733A7873643D22687474703A2F2F7777772E77332E6F72672F323030312F584D4C536368656D612220786D6C6E733A61637469766974693D22687474703A2F2F61637469766974692E6F72672F62706D6E2220786D6C6E733A62706D6E64693D22687474703A2F2F7777772E6F6D672E6F72672F737065632F42504D4E2F32303130303532342F44492220786D6C6E733A6F6D6764633D22687474703A2F2F7777772E6F6D672E6F72672F737065632F44442F32303130303532342F44432220786D6C6E733A6F6D6764693D22687474703A2F2F7777772E6F6D672E6F72672F737065632F44442F32303130303532342F44492220747970654C616E67756167653D22687474703A2F2F7777772E77332E6F72672F323030312F584D4C536368656D61222065787072657373696F6E4C616E67756167653D22687474703A2F2F7777772E77332E6F72672F313939392F585061746822207461726765744E616D6573706163653D22687474703A2F2F7777772E61637469766974692E6F72672F70726F63657373646566223E0A20203C70726F636573732069643D226161616122206E616D653D223030372220697345786563757461626C653D2274727565223E0A202020203C73746172744576656E742069643D227369642D34354235353639322D393043432D343243302D414546392D423346353536384435423143223E3C2F73746172744576656E743E0A20203C2F70726F636573733E0A20203C62706D6E64693A42504D4E4469616772616D2069643D2242504D4E4469616772616D5F61616161223E0A202020203C62706D6E64693A42504D4E506C616E652062706D6E456C656D656E743D2261616161222069643D2242504D4E506C616E655F61616161223E0A2020202020203C62706D6E64693A42504D4E53686170652062706D6E456C656D656E743D227369642D34354235353639322D393043432D343243302D414546392D423346353536384435423143222069643D2242504D4E53686170655F7369642D34354235353639322D393043432D343243302D414546392D423346353536384435423143223E0A20202020202020203C6F6D6764633A426F756E6473206865696768743D2233302E30222077696474683D2233302E302220783D2238302E343030303234343134303632352220793D223133332E30223E3C2F6F6D6764633A426F756E64733E0A2020202020203C2F62706D6E64693A42504D4E53686170653E0A202020203C2F62706D6E64693A42504D4E506C616E653E0A20203C2F62706D6E64693A42504D4E4469616772616D3E0A3C2F646566696E6974696F6E733E, 0);
INSERT INTO `act_ge_bytearray` VALUES ('12503', 1, '007.aaaa.png', '12501', 0x89504E470D0A1A0A0000000D4948445200000078000000AD08060000007B97BB4E000003944944415478DAEDD9CF4BD3711CC7710FFD191D3C4641E70E1D3C77EA1038F53BA73237DC3414FC91A2A2921E220944918120EE3090409011087598CE60E60F4C2FB644CD5F6BFEA28C98AEE9A7F727EC120589DB67139E0FF8F2BD6CDF2FBCDEDFCFEFBC3C00000000000000000000000000000000000000000000000000000000000000000000000000000000000000000000000000000000000000000000000000000000000000000000000000000000000000000000000000000000000000000064CEE4E4E4039FCF37DEDDDDBD5753539374381CE7369B4D599675EEF57A7F747474C4FAFAFAC683C1E07DD2BA46FAFBFB5BDBDBDB8F6B6B6B951458452211B5B3B3A3128984D2F47D6F6F4FCDCFCFAB919111A57FD7DCDC7C24057F427A396C7878F85E5B5BDB414343C3AFE2A55229F5BF161717554B4B8BAAABABDB95FB5DD2CC31030303CFDD6EF79974B7972AEC9F26262694CBE54AD19A7348201078515D5D7D1E8D46553A6C6C6C2879DE596767E753D2CDB2DEDEDE2E5D5C3DA6A6937E9E4CC452323E7B49394BA41BBDADBBD374B5DCBFB564A7D3795259597987B4B34026539B7ACCCD243D265755557D206DC364B6ECAAAFAF3F4F26932AD3E43DA7A5A5A50E5237A8A9A9695B2F854C585A5A521E8FE723A91B22139F7C3DCBBDCA72E8B2A4C0DF6D365B3EE91BD0DADAFA6C68684899E4F7FB93D24DB33636A1B1B1F1BDDE7E34490F07329B9E227D0324E8C3582C66B4C07A5D6CB7DBF749DF00093AF9FBE0C014FDBEE2E2E224E91BA08FFCB241BF97F40DB02CEB341B2DB8A8A8E894F40D703A9DFBD91883E5C38A93BE016EB7FB8DE959F4ECEC6C42C6E057A46F8004FDD8E7F39D982CF0E0E0E0868CC1F5A46F404949C94D592A1D9BDCC9AAA8A888B39365505959D9F4DCDC9C910A2F2C2C7C9609D65B523748027FE8F1780E4CB46297CBB526EFB348DD7C573D3536367694C9E28E8E8E2E4BD73C5D50507083C4CD6F78E4DBEDF6C368349A9166BCB6B6762013BAB8B4DE5BA49D25858585B6F2F2F27D59A7A6B5C8F178FCAB7C3CBB74CDB9D192CB1C0E477C6565E55B3A8ABBBABABA6959D68E7C3C1C0FE6524B96D676180804A2579978F9FDFEB0EE96F54743AA3938264B915F4B97BD3E3333B37E99C246229145F9DF923C23CC989BFB857EA40BADC7D0AEAEAE77A15068795B242E4E28E4F625168B6D85C3E1484F4F4F487EF7491756B75A66CBD76CC74B0A5D2B857B29D7BA5C097DE47771DF922BA8B71FD9A1020000000000F8879FA1AB3C88A2B7DB8A0000000049454E44AE426082, 1);
INSERT INTO `act_ge_bytearray` VALUES ('12506', 1, '008.bpmn20.xml', '12505', 0x3C3F786D6C2076657273696F6E3D22312E302220656E636F64696E673D225554462D38223F3E0A3C646566696E6974696F6E7320786D6C6E733D22687474703A2F2F7777772E6F6D672E6F72672F737065632F42504D4E2F32303130303532342F4D4F44454C2220786D6C6E733A7873693D22687474703A2F2F7777772E77332E6F72672F323030312F584D4C536368656D612D696E7374616E63652220786D6C6E733A7873643D22687474703A2F2F7777772E77332E6F72672F323030312F584D4C536368656D612220786D6C6E733A61637469766974693D22687474703A2F2F61637469766974692E6F72672F62706D6E2220786D6C6E733A62706D6E64693D22687474703A2F2F7777772E6F6D672E6F72672F737065632F42504D4E2F32303130303532342F44492220786D6C6E733A6F6D6764633D22687474703A2F2F7777772E6F6D672E6F72672F737065632F44442F32303130303532342F44432220786D6C6E733A6F6D6764693D22687474703A2F2F7777772E6F6D672E6F72672F737065632F44442F32303130303532342F44492220747970654C616E67756167653D22687474703A2F2F7777772E77332E6F72672F323030312F584D4C536368656D61222065787072657373696F6E4C616E67756167653D22687474703A2F2F7777772E77332E6F72672F313939392F585061746822207461726765744E616D6573706163653D22687474703A2F2F7777772E61637469766974692E6F72672F70726F63657373646566223E0A20203C70726F636573732069643D226161616122206E616D653D223030372220697345786563757461626C653D2274727565223E0A202020203C757365725461736B2069643D227369642D43373343454442382D424342352D343141342D393030422D30384336413139324542414222206E616D653D22E5BC80E58F91223E3C2F757365725461736B3E0A202020203C757365725461736B2069643D227369642D32464434453531312D354243302D344538332D424334432D44423744393334443336363222206E616D653D22E8BF90E7BBB4223E3C2F757365725461736B3E0A202020203C757365725461736B2069643D227369642D37323038433944372D413431452D343131312D393044462D38454436373835433434454322206E616D653D22E6B58BE8AF95223E3C2F757365725461736B3E0A202020203C73657175656E6365466C6F772069643D227369642D32374546433832332D413841412D344532302D383031352D3135413337323230384541442220736F757263655265663D227369642D43373343454442382D424342352D343141342D393030422D30384336413139324542414222207461726765745265663D227369642D37323038433944372D413431452D343131312D393044462D384544363738354334344543223E3C2F73657175656E6365466C6F773E0A202020203C73657175656E6365466C6F772069643D227369642D30383742423445312D323133372D343839382D383545302D3841344245443241374139362220736F757263655265663D227369642D43373343454442382D424342352D343141342D393030422D30384336413139324542414222207461726765745265663D227369642D32464434453531312D354243302D344538332D424334432D444237443933344433363632223E3C2F73657175656E6365466C6F773E0A202020203C656E644576656E742069643D227369642D44413445373330412D453034412D344636302D424446422D44373042433246314445343022206E616D653D22E7BB93E69D9F223E3C2F656E644576656E743E0A202020203C73657175656E6365466C6F772069643D227369642D45393039363144422D394539452D344532322D393945322D3135393030313231364245302220736F757263655265663D227369642D37323038433944372D413431452D343131312D393044462D38454436373835433434454322207461726765745265663D227369642D44413445373330412D453034412D344636302D424446422D443730424332463144453430223E3C2F73657175656E6365466C6F773E0A202020203C73657175656E6365466C6F772069643D227369642D32433242303443312D463533462D343931382D423031302D3231383646333536443443342220736F757263655265663D227369642D32464434453531312D354243302D344538332D424334432D44423744393334443336363222207461726765745265663D227369642D44413445373330412D453034412D344636302D424446422D443730424332463144453430223E3C2F73657175656E6365466C6F773E0A202020203C73746172744576656E742069643D227369642D35314145363839462D453745312D343341372D393932412D32314231423644424533413522206E616D653D22E5BC80E5A78B223E3C2F73746172744576656E743E0A202020203C73657175656E6365466C6F772069643D227369642D32353137373131432D433141422D343645422D383345312D4133434335423844383333372220736F757263655265663D227369642D35314145363839462D453745312D343341372D393932412D32314231423644424533413522207461726765745265663D227369642D43373343454442382D424342352D343141342D393030422D303843364131393245424142223E3C2F73657175656E6365466C6F773E0A20203C2F70726F636573733E0A20203C62706D6E64693A42504D4E4469616772616D2069643D2242504D4E4469616772616D5F61616161223E0A202020203C62706D6E64693A42504D4E506C616E652062706D6E456C656D656E743D2261616161222069643D2242504D4E506C616E655F61616161223E0A2020202020203C62706D6E64693A42504D4E53686170652062706D6E456C656D656E743D227369642D43373343454442382D424342352D343141342D393030422D303843364131393245424142222069643D2242504D4E53686170655F7369642D43373343454442382D424342352D343141342D393030422D303843364131393245424142223E0A20202020202020203C6F6D6764633A426F756E6473206865696768743D2238302E30222077696474683D223130302E302220783D223232352E302220793D223133392E30223E3C2F6F6D6764633A426F756E64733E0A2020202020203C2F62706D6E64693A42504D4E53686170653E0A2020202020203C62706D6E64693A42504D4E53686170652062706D6E456C656D656E743D227369642D32464434453531312D354243302D344538332D424334432D444237443933344433363632222069643D2242504D4E53686170655F7369642D32464434453531312D354243302D344538332D424334432D444237443933344433363632223E0A20202020202020203C6F6D6764633A426F756E6473206865696768743D2238302E30222077696474683D223130302E302220783D223433352E302220793D223236302E30223E3C2F6F6D6764633A426F756E64733E0A2020202020203C2F62706D6E64693A42504D4E53686170653E0A2020202020203C62706D6E64693A42504D4E53686170652062706D6E456C656D656E743D227369642D37323038433944372D413431452D343131312D393044462D384544363738354334344543222069643D2242504D4E53686170655F7369642D37323038433944372D413431452D343131312D393044462D384544363738354334344543223E0A20202020202020203C6F6D6764633A426F756E6473206865696768743D2238302E30222077696474683D223130302E302220783D223433352E302220793D2234352E30223E3C2F6F6D6764633A426F756E64733E0A2020202020203C2F62706D6E64693A42504D4E53686170653E0A2020202020203C62706D6E64693A42504D4E53686170652062706D6E456C656D656E743D227369642D44413445373330412D453034412D344636302D424446422D443730424332463144453430222069643D2242504D4E53686170655F7369642D44413445373330412D453034412D344636302D424446422D443730424332463144453430223E0A20202020202020203C6F6D6764633A426F756E6473206865696768743D2232382E30222077696474683D2232382E302220783D223637352E302220793D223136352E30223E3C2F6F6D6764633A426F756E64733E0A2020202020203C2F62706D6E64693A42504D4E53686170653E0A2020202020203C62706D6E64693A42504D4E53686170652062706D6E456C656D656E743D227369642D35314145363839462D453745312D343341372D393932412D323142314236444245334135222069643D2242504D4E53686170655F7369642D35314145363839462D453745312D343341372D393932412D323142314236444245334135223E0A20202020202020203C6F6D6764633A426F756E6473206865696768743D2233302E30222077696474683D2233302E302220783D223131332E302220793D223136342E30223E3C2F6F6D6764633A426F756E64733E0A2020202020203C2F62706D6E64693A42504D4E53686170653E0A2020202020203C62706D6E64693A42504D4E456467652062706D6E456C656D656E743D227369642D30383742423445312D323133372D343839382D383545302D384134424544324137413936222069643D2242504D4E456467655F7369642D30383742423445312D323133372D343839382D383545302D384134424544324137413936223E0A20202020202020203C6F6D6764693A776179706F696E7420783D223237352E302220793D223231392E30223E3C2F6F6D6764693A776179706F696E743E0A20202020202020203C6F6D6764693A776179706F696E7420783D223237352E302220793D223330302E30223E3C2F6F6D6764693A776179706F696E743E0A20202020202020203C6F6D6764693A776179706F696E7420783D223433352E302220793D223330302E30223E3C2F6F6D6764693A776179706F696E743E0A2020202020203C2F62706D6E64693A42504D4E456467653E0A2020202020203C62706D6E64693A42504D4E456467652062706D6E456C656D656E743D227369642D45393039363144422D394539452D344532322D393945322D313539303031323136424530222069643D2242504D4E456467655F7369642D45393039363144422D394539452D344532322D393945322D313539303031323136424530223E0A20202020202020203C6F6D6764693A776179706F696E7420783D223533352E302220793D2238352E30223E3C2F6F6D6764693A776179706F696E743E0A20202020202020203C6F6D6764693A776179706F696E7420783D223638392E302220793D2238352E30223E3C2F6F6D6764693A776179706F696E743E0A20202020202020203C6F6D6764693A776179706F696E7420783D223638392E302220793D223136352E30223E3C2F6F6D6764693A776179706F696E743E0A2020202020203C2F62706D6E64693A42504D4E456467653E0A2020202020203C62706D6E64693A42504D4E456467652062706D6E456C656D656E743D227369642D32433242303443312D463533462D343931382D423031302D323138364633353644344334222069643D2242504D4E456467655F7369642D32433242303443312D463533462D343931382D423031302D323138364633353644344334223E0A20202020202020203C6F6D6764693A776179706F696E7420783D223533352E302220793D223330302E30223E3C2F6F6D6764693A776179706F696E743E0A20202020202020203C6F6D6764693A776179706F696E7420783D223638392E302220793D223330302E30223E3C2F6F6D6764693A776179706F696E743E0A20202020202020203C6F6D6764693A776179706F696E7420783D223638392E302220793D223139332E30223E3C2F6F6D6764693A776179706F696E743E0A2020202020203C2F62706D6E64693A42504D4E456467653E0A2020202020203C62706D6E64693A42504D4E456467652062706D6E456C656D656E743D227369642D32374546433832332D413841412D344532302D383031352D313541333732323038454144222069643D2242504D4E456467655F7369642D32374546433832332D413841412D344532302D383031352D313541333732323038454144223E0A20202020202020203C6F6D6764693A776179706F696E7420783D223237352E302220793D223133392E30223E3C2F6F6D6764693A776179706F696E743E0A20202020202020203C6F6D6764693A776179706F696E7420783D223237352E302220793D2238352E30223E3C2F6F6D6764693A776179706F696E743E0A20202020202020203C6F6D6764693A776179706F696E7420783D223433352E302220793D2238352E30223E3C2F6F6D6764693A776179706F696E743E0A2020202020203C2F62706D6E64693A42504D4E456467653E0A2020202020203C62706D6E64693A42504D4E456467652062706D6E456C656D656E743D227369642D32353137373131432D433141422D343645422D383345312D413343433542384438333337222069643D2242504D4E456467655F7369642D32353137373131432D433141422D343645422D383345312D413343433542384438333337223E0A20202020202020203C6F6D6764693A776179706F696E7420783D223134332E302220793D223137392E30223E3C2F6F6D6764693A776179706F696E743E0A20202020202020203C6F6D6764693A776179706F696E7420783D223232352E302220793D223137392E30223E3C2F6F6D6764693A776179706F696E743E0A2020202020203C2F62706D6E64693A42504D4E456467653E0A202020203C2F62706D6E64693A42504D4E506C616E653E0A20203C2F62706D6E64693A42504D4E4469616772616D3E0A3C2F646566696E6974696F6E733E, 0);
INSERT INTO `act_ge_bytearray` VALUES ('12507', 1, '008.aaaa.png', '12505', 0x89504E470D0A1A0A0000000D49484452000002C90000015E080600000077BE828B00001B0A4944415478DAEDDD7F6CD5E5BDC0711231DC6421FB67FBC3E42E9BB937B9FB737F68E2B2C51012638C24B8A03B163A24CC00F32263A8998E91A2CC8C3236E798195B086C5C36218430C6E5A29CB6F487081170B40361F40A32283FCAB895552815F5B9DFE7DC9EDE43DB537ED81FA7FDBE5EC9272D3D85B193E3F3BCFBF03DE78C1903000000000000000000000000000000000000000000000000000000000000000000000000000000000000000000000000000000000000000000000000000000000000000000000000000000000000000000000000000000000000000000000000000000000000000000000000000000000000000000000000000000000030984208638F1D3BB671CF9E3D1F575757876C366B8678AAAAAA427D7DFDDF9329F7880400280131901B1A1A426B6B6BE8ECEC34C334E7CF9F0F7575751793607ED8A312006098C51364815C32A1DC99CD660F7B5402000CB3788985402D9D4922F9AA472500C0308BD7C48AD3928AE4E0510900304222F983F7CF84637BD78443552FE4267E1EBF266C453200402A23B9BDAD251C7C7D5168DCF6CC3513BF166F13B72219002075917CF2D09F7A05727E4E1DDA2A6E45320040FA22F9F0CECAA2911C6F13B72219002075917C30BBB86824C7DBC4AD48060010C92259240300A43D92E3AB59148BE4789BB815C90000A98BE4E65DBF2C1AC9F136712B9201005217C9175A9AC2C11D15BD2FB548BE166F13B72219002075911CE7F8BEB5BD22397E4DD88A6400807446F2952BA1F9CD5FF5BED422F95ABC4DDC8A6400805445727C47BDA3BB5614BD2639DEE65DF7443200403A22F9CA9570A6B926FCE5B51F140DE4FCC4EF89DFEB54592403008CDA48BEDEE9B15365910C0090BA48BE91D3E3FE4E95C5AE4806001875917CAB819C1FB12B920100465D241B910C002092C5A948060040248B64000044B248060040248B64000044B248060040248B64000044B248060040248B64000044B24816C9000022D988640000916C44320080483622190040241B910C00509ACACACAB2C97C5D248B640000BA3CFAE8A3214E8CE54C26738F4816C9000022B92B920B667B5F27CB2259240300A43992BB4F960B6359248B6400283949ACCC4FC2A5369935C92C36660027F437994CA639F9B84A2497CE34363686CACACAE0B16B06797EDBB5EFCCB30B03A57CDA577BBD9831663067A447F2C58B17434747C7A888E4F5EBD77B4C9AA19C9D7661A09423794D7EB14AA6C298019C621B634B32BFCF6432CFC7EF2BE5487EFEF9E7C3B265CBAEF95A6110C7CF93FF8C72A11C7FBD63C78E70E0C0813E437AFCF8F1A1A1A1219C3A75AAA44F92E3FF5F8F5D33C8B3B36B2D586317064A3992F3FF2C5EE1DE60801F5B3DE3786F12C693264C9830B6F0FB4AFD2479F5EAD5A1AEAE2E17C3F9696F6F0F3366CC08972E5DCAFD3AFFBD67CF9E0DF7DF7F7F2E867BFE39E3C68DCB0572BCFDC2850BAE49C6BE63DF012C56A43C92779795953DD4338E4B3D926308179E1AC7187EEBADB7BAA3B8E7C7FCC400AEAEAEEE7509468CE4F8F1C48913257D798648C6BE0360B162701F5B7D9E1C8F94487EFBEDB7C37DF7DD17DE79E79DEE189E3265CA7523B930AA8B4D7979B948C6BE63DF012C5630F222394EBC3CE2FBDFFF7E77F47EF39BDF2C1AC993274FEE8EE07852BC76EDDA5E71DCD775CD2219FB0E80C50A465424F73C19EE2F92CF9F3F7FCDAFF3219CFFF59D77DE99BB84C3EB2463DFB1EF00162B18F1911C5FE122C66D8CDD6F7CE31BD7BDDCA2D8AFE3A51A3B77EE14C9D877EC3B80C50A467624B7B5B5857BEFBDB7FBA5DEF2D724C797741BD37559C58D46F22BAFBC921B918C7DC7BE0358AC604447723C45DEB06143EEF39FFFFCE761C58A1561D5AA5561CE9C39FD46715353532E36E393FEE2AFE7CF9F9FFBB3E213014532F61DFB0E60B182111BC9EFBEFB6EB8FBEEBB739F6FDEBC394C9C38B1FBB6F8861BCDCDCDBD5E27399E3CC75FC788DEB87163EE497FBB76EDEABE7DC1820561DBB66D61F9F2E52219FB8E7D07B058C1C88BE423478EE4DE442486EF73CF3D977BA390C2DB172E5C18BEF0852F84279E78E29ADFB372E5CAA27F668CEAF8E4BFFC2B668864EC3B00162B1851919CD611C9D877002C5688642392B1EF0058AC10C9462463DF01B05821928D48C6BE0360B142241B918C7D07C0628548362219FB0E80C50A916C4432F61D008B1522D98864EC3B00162B44B211C9D877002C5688642392B1EF0058AC40248B64EC3BEE0DC06205225924837D07B058814816C960DF012C5620924532D877008B158864910CF61DC06205225924837D07B058814816C960DF012C56209245B248C6BE0360B142241B918C7D07C0628548362219FB0E80C50A916C4432F61D008B1522D98864EC3B00162B44B211C9D877002C5688642392B1EF0058AC10C9462463DF01B058911AD5D5D5E2B474A62389E4AB1E95D877008B95C58A61565F5F7FA6B5B555A096C0B4B4B4AC4F22F9B04725F61DC06265B16298D5D4D44CAEADAD7DFFDCB9739785EAF09D20C740AEAAAA3A91CCC31E95D877008B95C58A129084D9A46C36BB37FE537FBC26D60CF9C4FBFDB040C6BE0360B102C0BE0360B102C0BE0360B102C0BE0360B102C0BE0360B102C0BE0360B102C0BE0360B102C0BE0360B102C0BE0360B102C0BE0360B102C0BE63DF012C560060DF012C560060DF012C560060DF01FE4F0861ECB163C736EED9B3E7E3EAEAEA90CD6647DC545656C6852A2C5BB66C44FEFDABAAAA427D7DFDDF9329F7880410C940098881DCD0D0105A5B5B436767E7889CC6C6C6B061C386DCC791FAFFE1FCF9F3A1AEAEEE6212CC0F7B540288646098C513E4911CC8A3699250EECC66B3873D2A01443230CCE2251602B5742689E4AB1E950022191866F19A58715A52911C3C2A014432304222F983F7CF84637BD78443552FE4267E1EBF266C45328048065219C9ED6D2DE1E0EB8B42E3B667AE99F8B5789BB815C9002219485D249F3CF4A75E819C9F5387B68A5B910C209281F445F2E19D95452339DE266E45328048065217C907B38B8B4672BC4DDC8A6400910C8864912C920144B24886B447727C358B62911C6F13B72219402403A98BE4E65DBF2C1AC9F136712B9201443290BA48BED0D2140EEEA8E87DA945F2B5789BB815C9002219485D24C739BE6F6DAF488E5F13B62219402403E98CE42B5742F39BBFEA7DA945F2B5789BB815C9002219485524C777D43BBA6B45D16B92E36DDE754F24038CF228DEDA15C5FDCD5EF714A42192AF5C09679A6BC25F5EFB41D140CE4FFC9EF8BD4E954532C0288DE4BB92B9DA5F2467329949EE2918E5917CBDD363A7CA22192085A1BCBD9F48DE3D61C284B1EE2518E5917C23A7C7FD9D2A8B5D910C300A23F9AE62915C5656F6907B085210C9B71AC8F911BB2219609486725FD726EF758A0C298964239201E833927B5D9BEC5A6410C9462403A45E12C59B0B22B9C529328864239201447226734F4124FF877B0444B211C9008CC95D76F1D7AE4B2D9E776FF0A98410FEA9A9A969F6EF7EF7BBBAA54B975E9C376FDED5193366E47E0A2B2F2FFFE43BDFF94EE7C2850B8F555656AE4BE6DFDC6322592403502AA64D9BF6CF4910CF4DBA656332CDC97CD815C9F1FAE4E35D97603C1DBFCFBDC50DC7F1A64D9BD62E59B2E4EAFCF9F3C3AF7FFDEBB067CF9ED0D2D2123A3A3A42143FB6B6B686FDFBF78724A2C377BFFBDD4FBEF7BDEFBD376BD6ACC7DD8322592403305CE24BBB25934DA6F306DE712F3F3B93EF2F77EF515412C3337FF4A31F5D79E699677201FCD1471F851B75E0C081F0ECB3CF7E347BF6ECC38F3CF2C8BFBA3745B2480660A824A1FBA524745FBB8930EE6B1A340CD7481A77EC962D5B6AE6CC9913B66EDD7A5371DCD36BAFBD1666CE9C79D9A9B24816C9000C854C26F3E8D4A953FFA73078A74D9B167EFCE31F879A9A9AF0B7BFFD2DFCE31FFFC875CAA54B9772FF3ABE6BD7AEF0D24B2F856F7DEB5B3D43B9DDA932DD815C5B5BFBD6934F3E198E1E3D1A06C27BEFBD1792E0BEFCF8E38FFFBB7B58248B6400063190272551FB51611CAF5BB72E7759E88D686B6BCB7D7FFC7D3DDE91CF615FDAC513E418C837FA60BA51F1CF9B356B969FC644B2480660B002F9D1C2405EB06041EED4F856C4DF172F37ED11CA1A26ADE235C8F1128B813A41EEEB4479FAF4E96DC983ECCBEE6D912C92011828F11AE4C24B2C2A2A2ABA2FA9B855F1528C175F7CB1E7A5171A266DE2AB58BCF0C20B9DF11AE4C1B46DDBB6CBD3A64DDBED1E17C92219808192047255E109F2A70DE4C250EE71A2DCE0DE4E99CD9B37FF3E3E083EFCF0C330D89E78E289B3FEC942248B640006427C99B7C26B906FF5128BFE2EBD28BC4659C3A4483C458EAF831C5FE66D28343636763A4D16C9221980018AE46C3E60E393EE06C3ABAFBEEA34398DE23BE9C527EB7D9A977ABB593367CE3C1BAF1F72EFF7FF1F7D325F17C9221980BEC577C8CB3F592F9EF65EB8706150BA25BEEA458F9787D3306910DF6A7AD5AA556128BDF4D24B07E2DB3FBAF78B2BF8679D6C2693B947248B6400AED5F556D3B9FD72D9B26583DD2E8591AC61D260E9D2A517E35B4D0FA537DF7CF3BDE401B6D5BD7FFD482E98ED7D9D2C8B64910C90E2BD72637E9FACADAD1DD476896F3852B0276B983498376FDED53367CE0C69249F3D7BB63579809D74EFDF5424779F2C17C6B24816C90029DE2B9BF3FBE3403F61AFA7F8CE7C05FBB1864983193366848E8E8E218DE43FFFF9CF2193C95C4D1E648B4DD1E9F73DE593FB2F2E0CAB2A2B2BE3932105AA4806486324B7E7F7C5817AD9B7FE5E0EAE601FEE70EFA7E4C472A86DDCB8315C2F02CD8DCF860D1B04AA48064865C3E4672814FEEFB9F753E0B1C71EFB64A84F92F7EFDF1FDF15279E245798A2532C8A5B92F97D2693793E7E5F7CA242299F24C7C7D6CDDE7EE4C891DCB55FF1F3458B1685CD9B37E77E10387EFCB84806C0493243E3C9279FEC1CEA6B924F9F3EFD57D7F3DCF84FC75DB33709E34913264C185BF87DA57E4D727CCDCAE4AF5974C68D1BD7EBF72C5CB830ECDEBD3BF7F9C48913437B7B7B78F7DD77C357BFFAD570F0E041910C407EAF744D328367D1A245CD43FDEA16AFBFFEFA7F7966E80D47F2EEF86E423DE378A44472E149F1EDB7DFDEFD790CE46227C973E7CECD7D8C3FB54F9E3CB9FBEB3194EBEAEAC2C58B174532005EDD82C1F5939FFC64D550BF4E724545C536AF3178DDFFF0FB3C391E69915C38B7DD765BAF48EE395BB66CE9F7E439CEF8F1E34532005E2799C1F5C31FFEF05FE6CE9DFBF110BEE35EC7D4A953DFF56E3503A39423399E12179E14175E5A5118C9F1728AFCE7A74F9FEE3E299E3F7F7E686E6EEEF5673A4906208AEFB8D7F51CA7417FC7BDF2F2F24FBCE35E0A2D58B0E0BFF7EFDF3F54975AACF3BEE7E988E4952B575EF754784C91EB924F9C3891FB7ACFEF4D7EC0724D3200DDE2FB07E4E3353E0F6630BCFAEAAB85A7C81A264DBEFDED6F3FF2D4534F5D1D82D3E4B62472DE4E1ED0E5EEF5D11FC98527C9EFBCF34EF8CA57BED2E74972BCF6B8E7EF8DD722CF9B372FBEF14CF7D756AC58D1EB64592403A43E921FCA076C3C4D1EE827F0C53F2F69974F0ADED44BC3A4CDECD9B39BB66EDD3AA8851CAF7F8E3F815DEF3A5B464724174EBCEE3D5E3E71BD6B92E3C4D3E2F85ADAF1B28AE79E7B2E17D14D4D4D61D3A64D5E020E805E92B6D8998FD8050B160CD8CBC1C5FDE7A9A79EFAA8F01459C3A4F301F6A59933675E3E7AF4E8A0047212395B92FF8D33C94F605F766FA72B92E322134F91E3EB1FF717C9F194F8DE7BEF0DAB57AFBEE6152D1E7CF0C13067CE1C6F260240D18649E67C3E662B2A2A3E7528C7BDEBC5175F2CBC0EB95DC3A4587979F9B4D9B3675F6A6D6D1DD0403E75EAD41B53A74E3DE19F28D217C9F17289071E78A0D7BB028E2972929C7F1DE47DFBF685A79F7E3A4C9932251C387020BCFCF2CBE1EEBBEFCE9D2CC753E6C227FB8964003299CCA3F927F1E54F946FF5D28BF8FB7A9C20BBCC82DC334567CE9A35AB7DA04E94E309720CE4E4C1FBAC7B377D91BC7CF9F2B07DFBF65E27CB77DC71479FD722E75F066EFAF4E9DD6F2852F82A18F149194B962C71920C402F49CCCE280CE5788D72DC37E2AB53DCE8AB58C427E9155E831C47C370CD4F63E5E5E517FFF8C73F7EF0299ECCD7F6D39FFE744DBCC4223E68DDABE98CE4B48D480618FE8649A6AD3072632CC7D7518E6F38124F89F39762C4C39AF84E7AF18D427EF18B5F84C71E7BECE31EEF76DBAE61E8EBA7B12F253F4955CF9E3DFBECDB6FBF7DF9665E0779C78E1DAF2691BD375EE0EEFA1D912C920118EA86297C69B85B1C0DC3751F680FC7589E316346EBD2A54B0FBDF1C61B27929FBACEC497F68A2E5FBE7CF6F4E9D37FADAAAAFACFC58B176F4F7E5A3B161F58F1272FCF0015C9221980E16C98AE58BE7A3371AC61B829F15D6D9207DAFCAEF7493F9E4C47D783297E3C19DFC73CBE4DA377A111C9221980526E984C26F349D7B5C657350C8864239201522F09E37B9260CE5F7BFC1FEE1110C946240388E44C6673C1A5152DEE1110C9462403A45A12C577F5BC3E3989E649EE1910C9462403A43992B7F6F144BDBD9EA40722D9886480B406F25DC55EE5A2ACACEC21F7108864239201D218C9DBFB79D9B7DDEE2110C9462403A42D90EFBADE6B25BB361944B211C900698BE4AD37F026227BDD5320928D48064873342FEE0AE30AF706886423920110C920928D48064024834836221900910C8864910C80480644B2480640240322592403209201912C920110C9804816C900886440248B640044322092453200221910C9221900910C886423920144325032AAABABC569E94C4712C9573D2A01443230CCEAEBEBCFB4B6B60AD41298969696F549241FF6A80410C9C030ABA9A9995C5B5BFBFEB973E72E8FD4B86C6C6C0CEBD7AFCF7D1CA927C83190ABAAAA4E24F3B047258048064A40126693B2D9ECDEF84FFDF19AD8913695959571A10ACB962D0B23F1EFDF75BF1F16C8002219C06205807D07C06205807D07C06205807D07C06205807D07C06205807D07C06205807DC7BE0358AC00C0BE0358AC00C0BE0358AC00C0BE0358AC00C0BE0358AC00C0BE0358AC00C0BE0358AC2C5600D877002C5600D877002C5600D877002C5600D877002C5600D877002C5600D877002C5600D877002C5600D877002C5600D877002C5600D877002C5600D877EC3B80C50A00EC3B80C50A00EC3B80C50A00EC3B80C50A00EC3B80C50A00EC3B80C50A00EC3B80C5CA6205807D07C06205807D07C06205807D07C06205807D07C06205807D07C06205807D07C06205807D07C06205807D07C06205807D07C06205807D07C06205807DC7BE0358ACA01F2184B1C78E1DDBB867CF9E8FABABAB43369B35433C555555A1BEBEFEEFC9947B4462DF01B0585102622037343484D6D6D6D0D9D9698669CE9F3F1FEAEAEA2E26C1FCB04725F61DC06265B16298C51364815C32A1DC99CD660F7B5462DF012C56162B8659BCC442A096CE24917CD5A312FB0E60B1B25831CCE235B1E2B4A42239785462DF012C56162B4648247FF0FE99706CEF9A70A8EA85DCC4CFE3D784AD48C6BE0360B1229591DCDED6120EBEBE28346E7BE69A895F8BB7895B918C7D07C06245EA22F9E4A13FF50AE4FC9C3AB455DC8A64EC3B00162BD217C9877756168DE4789BB815C9D877002C56A42E920F6617178DE4789BB815C9D877002C568864912C92B1EF0058AC487B24C757B32816C9F136712B92B1EF0058AC485D2437EFFA65D1488EB7895B918C7D07C06245EA22F9424B5338B8A3A2F7A516C9D7E26DE2562463DF01B05891BA488E737CDFDA5E911CBF266C4532F61D008B15E98CE42B5742F39BBFEA7DA945F2B5789BB815C9D877002C56A42A92E33BEA1DDDB5A2E835C9F136EFBA2792B1EF0058AC4847245FB912CE34D784BFBCF683A2819C9FF83DF17B9D2A8B64EC3B00162B466D245FEFF4D8A9B248C6BE0360B12275917C23A7C7FD9D2A8B5D918C7D07C062C5A88BE45B0DE4FC885D918C7D07C062C5A88B642392B1EF0058AC10C9E2542463DF01B058814816C9D877EC3B80C50A44B24806FB0E60B102912C92C1BE0358AC40248B64B0EF00162B10C92219EC3B80C50A44B24806FB0E60B102912C92C1BE0358AC40248B64918C7D07C0628548362219FB0E80C50A916C4432F61D008B1522D98864EC3B00162B44B211C9D877002C5694A6B2B2B26C325F17C92219EC3B80C50AFEFFB1151F5721C6722693B947248B64B0EF00162B3CB6BA22B960B6F775B22C924532F61D008B15698EE4EE93E5C25816C92219FB0E40292E56BFED5AAC76762D5CC60CD484FE2693C934271F5789E4D299C6C6C6505959193C76CD204F6DD73AB0C62E0C947224D75E2F668C19CC4943247774748C88BFE7FAF5EB3D26CD50CE4EBB3050CA913CAFEB14794DFCA72F6306708A6D8C2DC9FC3E93C93C1FBFAFD42379DEBC79371DF2CB962D0BEBD6ADCB7DBE6BD7AE307DFAF4B063C78EB064C992923F498E7F778F5D33C8B3A66BDF99671706208D3F80F58CE3BD49184F9A3061C2D8C2EF2BF548BE78F162B8FFFEFBC35B6FBD15B66EDD1A3EF7B9CF852F7EF18BDD137FFD9BDFFCE69ADF73DF7DF7E57E5F3EB29B9B9B739FCF9D3B37343535B926190040243FBABBACACECA19E713C522239CEC99327C3BE7DFB427B7B7B9FB75FBA742937F1F3EAEAEAB07AF5EA70FCF8F15C1C7FE6339F89D1D96B56AE5C299201005218C97D9E1C8FC4488E1303B9AFD8CDCF962D5B72DF3773E6CCDCC7C71F7F3C7CFEF39FCFDD96FF330A3F77920C00C0888CE4891327764770FEC4387EFCD9CF7E16FEF0873F5C13D0F1B678DDF1EDB7DF1EC68D1B97BBCC62FEFCF922190080D115C9C5E2B6BCBC3CF7B1A1A1E19AEB91632C9F3E7D3A1C3C7830770D73BC4C634C919367910C00C0A889E418C531820B4F9BF34FD2BB70E1429832654AF8EC673F1B1E7CF0C15C28F715C8F1A459240300302A2279EDDAB5E1CE3BEF0C0F3CF040EEE3F8F1E3C36DB7DD967BD9B4C227F9150BEC312EB7000060B445F22BAFBC125E7EF9E5B071E3C650575717DADADA72A7C7F1D438FFA621F19479D3A64D61D1A24561F9F2E522190080D115C9F1C9784F3FFD74EEC438BE9CDDA953A7FAFDFEF81AC8F17AE5F84622478E1CE90EE37879457EE213FBE2D7F2D7358B640000465424C757B0C8BF8A45BCBE389E187FED6B5FCB5D6E1127BEC948BCEC22BE16F2860D1B7AFDFE78D27CC71D778CA8B7D016C9000022F953BD6E729C7889C548FCFB8B640000916C44320080483622190040241B910C0020928D48060010C94624030088642392010044B211C900008864910C00804816C900008864910C00804816C900008864910C00804816C900008864910C00804816C9000088642392010044B211C9000022D988640000916C44320080483622190040241B910C0020928D48060010C94624030088642392010052AFBABA5A9C96CE7424917CD5A312006098D5D7D79F696D6D15A825302D2D2DEB93483EEC51090030CC6A6A6A26D7D6D6BE7FEEDCB9CB4275F84E9063205755559D48E6618F4A0080129084D9A46C36BB37FE537FBC26D60CF9C4FBFDB040060000000000000000000000000000000000000000000000006040FD2F88958BFCF8D304640000000049454E44AE426082, 1);
INSERT INTO `act_ge_bytearray` VALUES ('12510', 1, '008.bpmn20.xml', '12509', 0x3C3F786D6C2076657273696F6E3D22312E302220656E636F64696E673D225554462D38223F3E0A3C646566696E6974696F6E7320786D6C6E733D22687474703A2F2F7777772E6F6D672E6F72672F737065632F42504D4E2F32303130303532342F4D4F44454C2220786D6C6E733A7873693D22687474703A2F2F7777772E77332E6F72672F323030312F584D4C536368656D612D696E7374616E63652220786D6C6E733A7873643D22687474703A2F2F7777772E77332E6F72672F323030312F584D4C536368656D612220786D6C6E733A61637469766974693D22687474703A2F2F61637469766974692E6F72672F62706D6E2220786D6C6E733A62706D6E64693D22687474703A2F2F7777772E6F6D672E6F72672F737065632F42504D4E2F32303130303532342F44492220786D6C6E733A6F6D6764633D22687474703A2F2F7777772E6F6D672E6F72672F737065632F44442F32303130303532342F44432220786D6C6E733A6F6D6764693D22687474703A2F2F7777772E6F6D672E6F72672F737065632F44442F32303130303532342F44492220747970654C616E67756167653D22687474703A2F2F7777772E77332E6F72672F323030312F584D4C536368656D61222065787072657373696F6E4C616E67756167653D22687474703A2F2F7777772E77332E6F72672F313939392F585061746822207461726765744E616D6573706163653D22687474703A2F2F7777772E61637469766974692E6F72672F70726F63657373646566223E0A20203C70726F636573732069643D226161616122206E616D653D223030372220697345786563757461626C653D2274727565223E0A202020203C757365725461736B2069643D227369642D43373343454442382D424342352D343141342D393030422D30384336413139324542414222206E616D653D22E5BC80E58F91223E3C2F757365725461736B3E0A202020203C757365725461736B2069643D227369642D32464434453531312D354243302D344538332D424334432D44423744393334443336363222206E616D653D22E8BF90E7BBB4223E3C2F757365725461736B3E0A202020203C757365725461736B2069643D227369642D37323038433944372D413431452D343131312D393044462D38454436373835433434454322206E616D653D22E6B58BE8AF95223E3C2F757365725461736B3E0A202020203C73657175656E6365466C6F772069643D227369642D32374546433832332D413841412D344532302D383031352D3135413337323230384541442220736F757263655265663D227369642D43373343454442382D424342352D343141342D393030422D30384336413139324542414222207461726765745265663D227369642D37323038433944372D413431452D343131312D393044462D384544363738354334344543223E3C2F73657175656E6365466C6F773E0A202020203C73657175656E6365466C6F772069643D227369642D30383742423445312D323133372D343839382D383545302D3841344245443241374139362220736F757263655265663D227369642D43373343454442382D424342352D343141342D393030422D30384336413139324542414222207461726765745265663D227369642D32464434453531312D354243302D344538332D424334432D444237443933344433363632223E3C2F73657175656E6365466C6F773E0A202020203C656E644576656E742069643D227369642D44413445373330412D453034412D344636302D424446422D44373042433246314445343022206E616D653D22E7BB93E69D9F223E3C2F656E644576656E743E0A202020203C73657175656E6365466C6F772069643D227369642D45393039363144422D394539452D344532322D393945322D3135393030313231364245302220736F757263655265663D227369642D37323038433944372D413431452D343131312D393044462D38454436373835433434454322207461726765745265663D227369642D44413445373330412D453034412D344636302D424446422D443730424332463144453430223E3C2F73657175656E6365466C6F773E0A202020203C73657175656E6365466C6F772069643D227369642D32433242303443312D463533462D343931382D423031302D3231383646333536443443342220736F757263655265663D227369642D32464434453531312D354243302D344538332D424334432D44423744393334443336363222207461726765745265663D227369642D44413445373330412D453034412D344636302D424446422D443730424332463144453430223E3C2F73657175656E6365466C6F773E0A202020203C73746172744576656E742069643D227369642D35314145363839462D453745312D343341372D393932412D32314231423644424533413522206E616D653D22E5BC80E5A78B223E3C2F73746172744576656E743E0A202020203C73657175656E6365466C6F772069643D227369642D32353137373131432D433141422D343645422D383345312D4133434335423844383333372220736F757263655265663D227369642D35314145363839462D453745312D343341372D393932412D32314231423644424533413522207461726765745265663D227369642D43373343454442382D424342352D343141342D393030422D303843364131393245424142223E3C2F73657175656E6365466C6F773E0A20203C2F70726F636573733E0A20203C62706D6E64693A42504D4E4469616772616D2069643D2242504D4E4469616772616D5F61616161223E0A202020203C62706D6E64693A42504D4E506C616E652062706D6E456C656D656E743D2261616161222069643D2242504D4E506C616E655F61616161223E0A2020202020203C62706D6E64693A42504D4E53686170652062706D6E456C656D656E743D227369642D43373343454442382D424342352D343141342D393030422D303843364131393245424142222069643D2242504D4E53686170655F7369642D43373343454442382D424342352D343141342D393030422D303843364131393245424142223E0A20202020202020203C6F6D6764633A426F756E6473206865696768743D2238302E30222077696474683D223130302E302220783D223232352E302220793D223133392E30223E3C2F6F6D6764633A426F756E64733E0A2020202020203C2F62706D6E64693A42504D4E53686170653E0A2020202020203C62706D6E64693A42504D4E53686170652062706D6E456C656D656E743D227369642D32464434453531312D354243302D344538332D424334432D444237443933344433363632222069643D2242504D4E53686170655F7369642D32464434453531312D354243302D344538332D424334432D444237443933344433363632223E0A20202020202020203C6F6D6764633A426F756E6473206865696768743D2238302E30222077696474683D223130302E302220783D223433352E302220793D223236302E30223E3C2F6F6D6764633A426F756E64733E0A2020202020203C2F62706D6E64693A42504D4E53686170653E0A2020202020203C62706D6E64693A42504D4E53686170652062706D6E456C656D656E743D227369642D37323038433944372D413431452D343131312D393044462D384544363738354334344543222069643D2242504D4E53686170655F7369642D37323038433944372D413431452D343131312D393044462D384544363738354334344543223E0A20202020202020203C6F6D6764633A426F756E6473206865696768743D2238302E30222077696474683D223130302E302220783D223433352E302220793D2234352E30223E3C2F6F6D6764633A426F756E64733E0A2020202020203C2F62706D6E64693A42504D4E53686170653E0A2020202020203C62706D6E64693A42504D4E53686170652062706D6E456C656D656E743D227369642D44413445373330412D453034412D344636302D424446422D443730424332463144453430222069643D2242504D4E53686170655F7369642D44413445373330412D453034412D344636302D424446422D443730424332463144453430223E0A20202020202020203C6F6D6764633A426F756E6473206865696768743D2232382E30222077696474683D2232382E302220783D223637352E302220793D223136352E30223E3C2F6F6D6764633A426F756E64733E0A2020202020203C2F62706D6E64693A42504D4E53686170653E0A2020202020203C62706D6E64693A42504D4E53686170652062706D6E456C656D656E743D227369642D35314145363839462D453745312D343341372D393932412D323142314236444245334135222069643D2242504D4E53686170655F7369642D35314145363839462D453745312D343341372D393932412D323142314236444245334135223E0A20202020202020203C6F6D6764633A426F756E6473206865696768743D2233302E30222077696474683D2233302E302220783D223131332E302220793D223136342E30223E3C2F6F6D6764633A426F756E64733E0A2020202020203C2F62706D6E64693A42504D4E53686170653E0A2020202020203C62706D6E64693A42504D4E456467652062706D6E456C656D656E743D227369642D30383742423445312D323133372D343839382D383545302D384134424544324137413936222069643D2242504D4E456467655F7369642D30383742423445312D323133372D343839382D383545302D384134424544324137413936223E0A20202020202020203C6F6D6764693A776179706F696E7420783D223237352E302220793D223231392E30223E3C2F6F6D6764693A776179706F696E743E0A20202020202020203C6F6D6764693A776179706F696E7420783D223237352E302220793D223330302E30223E3C2F6F6D6764693A776179706F696E743E0A20202020202020203C6F6D6764693A776179706F696E7420783D223433352E302220793D223330302E30223E3C2F6F6D6764693A776179706F696E743E0A2020202020203C2F62706D6E64693A42504D4E456467653E0A2020202020203C62706D6E64693A42504D4E456467652062706D6E456C656D656E743D227369642D45393039363144422D394539452D344532322D393945322D313539303031323136424530222069643D2242504D4E456467655F7369642D45393039363144422D394539452D344532322D393945322D313539303031323136424530223E0A20202020202020203C6F6D6764693A776179706F696E7420783D223533352E302220793D2238352E30223E3C2F6F6D6764693A776179706F696E743E0A20202020202020203C6F6D6764693A776179706F696E7420783D223638392E302220793D2238352E30223E3C2F6F6D6764693A776179706F696E743E0A20202020202020203C6F6D6764693A776179706F696E7420783D223638392E302220793D223136352E30223E3C2F6F6D6764693A776179706F696E743E0A2020202020203C2F62706D6E64693A42504D4E456467653E0A2020202020203C62706D6E64693A42504D4E456467652062706D6E456C656D656E743D227369642D32433242303443312D463533462D343931382D423031302D323138364633353644344334222069643D2242504D4E456467655F7369642D32433242303443312D463533462D343931382D423031302D323138364633353644344334223E0A20202020202020203C6F6D6764693A776179706F696E7420783D223533352E302220793D223330302E30223E3C2F6F6D6764693A776179706F696E743E0A20202020202020203C6F6D6764693A776179706F696E7420783D223638392E302220793D223330302E30223E3C2F6F6D6764693A776179706F696E743E0A20202020202020203C6F6D6764693A776179706F696E7420783D223638392E302220793D223139332E30223E3C2F6F6D6764693A776179706F696E743E0A2020202020203C2F62706D6E64693A42504D4E456467653E0A2020202020203C62706D6E64693A42504D4E456467652062706D6E456C656D656E743D227369642D32374546433832332D413841412D344532302D383031352D313541333732323038454144222069643D2242504D4E456467655F7369642D32374546433832332D413841412D344532302D383031352D313541333732323038454144223E0A20202020202020203C6F6D6764693A776179706F696E7420783D223237352E302220793D223133392E30223E3C2F6F6D6764693A776179706F696E743E0A20202020202020203C6F6D6764693A776179706F696E7420783D223237352E302220793D2238352E30223E3C2F6F6D6764693A776179706F696E743E0A20202020202020203C6F6D6764693A776179706F696E7420783D223433352E302220793D2238352E30223E3C2F6F6D6764693A776179706F696E743E0A2020202020203C2F62706D6E64693A42504D4E456467653E0A2020202020203C62706D6E64693A42504D4E456467652062706D6E456C656D656E743D227369642D32353137373131432D433141422D343645422D383345312D413343433542384438333337222069643D2242504D4E456467655F7369642D32353137373131432D433141422D343645422D383345312D413343433542384438333337223E0A20202020202020203C6F6D6764693A776179706F696E7420783D223134332E302220793D223137392E30223E3C2F6F6D6764693A776179706F696E743E0A20202020202020203C6F6D6764693A776179706F696E7420783D223232352E302220793D223137392E30223E3C2F6F6D6764693A776179706F696E743E0A2020202020203C2F62706D6E64693A42504D4E456467653E0A202020203C2F62706D6E64693A42504D4E506C616E653E0A20203C2F62706D6E64693A42504D4E4469616772616D3E0A3C2F646566696E6974696F6E733E, 0);
INSERT INTO `act_ge_bytearray` VALUES ('12511', 1, '008.aaaa.png', '12509', 0x89504E470D0A1A0A0000000D49484452000002C90000015E080600000077BE828B00001B0A4944415478DAEDDD7F6CD5E5BDC0711231DC6421FB67FBC3E42E9BB937B9FB737F68E2B2C51012638C24B8A03B163A24CC00F32263A8998E91A2CC8C3236E798195B086C5C36218430C6E5A29CB6F487081170B40361F40A32283FCAB895552815F5B9DFE7DC9EDE43DB537ED81FA7FDBE5EC9272D3D85B193E3F3BCFBF03DE78C1903000000000000000000000000000000000000000000000000000000000000000000000000000000000000000000000000000000000000000000000000000000000000000000000000000000000000000000000000000000000000000000000000000000000000000000000000000000000000000000000000000000000030984208638F1D3BB671CF9E3D1F575757876C366B8678AAAAAA427D7DFDDF9329F7880400280131901B1A1A426B6B6BE8ECEC34C334E7CF9F0F7575751793607ED8A312006098C51364815C32A1DC99CD660F7B5402000CB3788985402D9D4922F9AA472500C0308BD7C48AD3928AE4E0510900304222F983F7CF84637BD78443552FE4267E1EBF266C453200402A23B9BDAD251C7C7D5168DCF6CC3513BF166F13B72219002075917CF2D09F7A05727E4E1DDA2A6E45320040FA22F9F0CECAA2911C6F13B72219002075917C30BBB86824C7DBC4AD48060010C92259240300A43D92E3AB59148BE4789BB815C90000A98BE4E65DBF2C1AC9F136712B9201005217C9175A9AC2C11D15BD2FB548BE166F13B72219002075911CE7F8BEB5BD22397E4DD88A6400807446F2952BA1F9CD5FF5BED422F95ABC4DDC8A6400805445727C47BDA3BB5614BD2639DEE65DF7443200403A22F9CA9570A6B926FCE5B51F140DE4FCC4EF89DFEB54592403008CDA48BEDEE9B15365910C0090BA48BE91D3E3FE4E95C5AE4806001875917CAB819C1FB12B920100465D241B910C002092C5A948060040248B64000044B248060040248B64000044B248060040248B64000044B248060040248B64000044B24816C9000022D988640000916C44320080483622190040241B910C00509ACACACAB2C97C5D248B640000BA3CFAE8A3214E8CE54C26738F4816C9000022B92B920B667B5F27CB2259240300A43992BB4F960B6359248B6400283949ACCC4FC2A5369935C92C36660027F437994CA639F9B84A2497CE34363686CACACAE0B16B06797EDBB5EFCCB30B03A57CDA577BBD9831663067A447F2C58B17434747C7A888E4F5EBD77B4C9AA19C9D7661A09423794D7EB14AA6C298019C621B634B32BFCF6432CFC7EF2BE5487EFEF9E7C3B265CBAEF95A6110C7CF93FF8C72A11C7FBD63C78E70E0C0813E437AFCF8F1A1A1A1219C3A75AAA44F92E3FF5F8F5D33C8B3B36B2D586317064A3992F3FF2C5EE1DE60801F5B3DE3786F12C693264C9830B6F0FB4AFD2479F5EAD5A1AEAE2E17C3F9696F6F0F3366CC08972E5DCAFD3AFFBD67CF9E0DF7DF7F7F2E867BFE39E3C68DCB0572BCFDC2850BAE49C6BE63DF012C56A43C92779795953DD4338E4B3D926308179E1AC7187EEBADB7BAA3B8E7C7FCC400AEAEAEEE7509468CE4F8F1C48913257D798648C6BE0360B162701F5B7D9E1C8F94487EFBEDB7C37DF7DD17DE79E79DEE189E3265CA7523B930AA8B4D7979B948C6BE63DF012C5630F222394EBC3CE2FBDFFF7E77F47EF39BDF2C1AC993274FEE8EE07852BC76EDDA5E71DCD775CD2219FB0E80C50A465424F73C19EE2F92CF9F3F7FCDAFF3219CFFF59D77DE99BB84C3EB2463DFB1EF00162B18F1911C5FE122C66D8CDD6F7CE31BD7BDDCA2D8AFE3A51A3B77EE14C9D877EC3B80C50A467624B7B5B5857BEFBDB7FBA5DEF2D724C797741BD37559C58D46F22BAFBC921B918C7DC7BE0358AC604447723C45DEB06143EEF39FFFFCE761C58A1561D5AA5561CE9C39FD46715353532E36E393FEE2AFE7CF9F9FFBB3E213014532F61DFB0E60B182111BC9EFBEFB6EB8FBEEBB739F6FDEBC394C9C38B1FBB6F8861BCDCDCDBD5E27399E3CC75FC788DEB87163EE497FBB76EDEABE7DC1820561DBB66D61F9F2E52219FB8E7D07B058C1C88BE423478EE4DE442486EF73CF3D977BA390C2DB172E5C18BEF0852F84279E78E29ADFB372E5CAA27F668CEAF8E4BFFC2B668864EC3B00162B1851919CD611C9D877002C5688642392B1EF0058AC10C9462463DF01B05821928D48C6BE0360B142241B918C7D07C0628548362219FB0E80C50A916C4432F61D008B1522D98864EC3B00162B44B211C9D877002C5688642392B1EF0058AC40248B64EC3BEE0DC06205225924837D07B058814816C960DF012C5620924532D877008B158864910CF61DC06205225924837D07B058814816C960DF012C56209245B248C6BE0360B142241B918C7D07C0628548362219FB0E80C50A916C4432F61D008B1522D98864EC3B00162B44B211C9D877002C5688642392B1EF0058AC10C9462463DF01B058911AD5D5D5E2B474A62389E4AB1E95D877008B95C58A61565F5F7FA6B5B555A096C0B4B4B4AC4F22F9B04725F61DC06265B16298D5D4D44CAEADAD7DFFDCB9739785EAF09D20C740AEAAAA3A91CCC31E95D877008B95C58A129084D9A46C36BB37FE537FBC26D60CF9C4FBFDB040C6BE0360B102C0BE0360B102C0BE0360B102C0BE0360B102C0BE0360B102C0BE0360B102C0BE0360B102C0BE0360B102C0BE0360B102C0BE0360B102C0BE63DF012C560060DF012C560060DF012C560060DF01FE4F0861ECB163C736EED9B3E7E3EAEAEA90CD6647DC545656C6852A2C5BB66C44FEFDABAAAA427D7DFDDF9329F7880410C940098881DCD0D0105A5B5B436767E7889CC6C6C6B061C386DCC791FAFFE1FCF9F3A1AEAEEE6212CC0F7B540288646098C513E4911CC8A3699250EECC66B3873D2A01443230CCE2251602B5742689E4AB1E950022191866F19A58715A52911C3C2A014432304222F983F7CF84637BD78443552FE4267E1EBF266C45328048065219C9ED6D2DE1E0EB8B42E3B667AE99F8B5789BB815C9002219485D249F3CF4A75E819C9F5387B68A5B910C209281F445F2E19D95452339DE266E45328048065217C907B38B8B4672BC4DDC8A6400910C8864912C920144B24886B447727C358B62911C6F13B72219402403A98BE4E65DBF2C1AC9F136712B9201443290BA48BED0D2140EEEA8E87DA945F2B5789BB815C9002219485D24C739BE6F6DAF488E5F13B62219402403E98CE42B5742F39BBFEA7DA945F2B5789BB815C9002219485524C777D43BBA6B45D16B92E36DDE754F24038CF228DEDA15C5FDCD5EF714A42192AF5C09679A6BC25F5EFB41D140CE4FFC9EF8BD4E954532C0288DE4BB92B9DA5F2467329949EE2918E5917CBDD363A7CA22192085A1BCBD9F48DE3D61C284B1EE2518E5917C23A7C7FD9D2A8B5D910C300A23F9AE62915C5656F6907B085210C9B71AC8F911BB2219609486725FD726EF758A0C298964239201E833927B5D9BEC5A6410C9462403A45E12C59B0B22B9C529328864239201447226734F4124FF877B0444B211C9008CC95D76F1D7AE4B2D9E776FF0A98410FEA9A9A969F6EF7EF7BBBAA54B975E9C376FDED5193366E47E0A2B2F2FFFE43BDFF94EE7C2850B8F555656AE4BE6DFDC6322592403502AA64D9BF6CF4910CF4DBA656332CDC97CD815C9F1FAE4E35D97603C1DBFCFBDC50DC7F1A64D9BD62E59B2E4EAFCF9F3C3AF7FFDEBB067CF9ED0D2D2123A3A3A42143FB6B6B686FDFBF78724A2C377BFFBDD4FBEF7BDEFBD376BD6ACC7DD8322592403305CE24BBB25934DA6F306DE712F3F3B93EF2F77EF515412C3337FF4A31F5D79E699677201FCD1471F851B75E0C081F0ECB3CF7E347BF6ECC38F3CF2C8BFBA3745B2480660A824A1FBA524745FBB8930EE6B1A340CD7481A77EC962D5B6AE6CC9913B66EDD7A5371DCD36BAFBD1666CE9C79D9A9B24816C9000C854C26F3E8D4A953FFA73078A74D9B167EFCE31F879A9A9AF0B7BFFD2DFCE31FFFC875CAA54B9772FF3ABE6BD7AEF0D24B2F856F7DEB5B3D43B9DDA932DD815C5B5BFBD6934F3E198E1E3D1A06C27BEFBD1792E0BEFCF8E38FFFBB7B58248B6400063190272551FB51611CAF5BB72E7759E88D686B6BCB7D7FFC7D3DDE91CF615FDAC513E418C837FA60BA51F1CF9B356B969FC644B2480660B002F9D1C2405EB06041EED4F856C4DF172F37ED11CA1A26ADE235C8F1128B813A41EEEB4479FAF4E96DC983ECCBEE6D912C92011828F11AE4C24B2C2A2A2ABA2FA9B855F1528C175F7CB1E7A5171A266DE2AB58BCF0C20B9DF11AE4C1B46DDBB6CBD3A64DDBED1E17C92219808192047255E109F2A70DE4C250EE71A2DCE0DE4E99CD9B37FF3E3E083EFCF0C330D89E78E289B3FEC942248B640006427C99B7C26B906FF5128BFE2EBD28BC4659C3A4483C458EAF831C5FE66D28343636763A4D16C9221980018AE46C3E60E393EE06C3ABAFBEEA34398DE23BE9C527EB7D9A977ABB593367CE3C1BAF1F72EFF7FF1F7D325F17C9221980BEC577C8CB3F592F9EF65EB8706150BA25BEEA458F9787D3306910DF6A7AD5AA556128BDF4D24B07E2DB3FBAF78B2BF8679D6C2693B947248B6400AED5F556D3B9FD72D9B26583DD2E8591AC61D260E9D2A517E35B4D0FA537DF7CF3BDE401B6D5BD7FFD482E98ED7D9D2C8B64910C90E2BD72637E9FACADAD1DD476896F3852B0276B983498376FDED53367CE0C69249F3D7BB63579809D74EFDF5424779F2C17C6B24816C90029DE2B9BF3FBE3403F61AFA7F8CE7C05FBB1864983193366848E8E8E218DE43FFFF9CF2193C95C4D1E648B4DD1E9F73DE593FB2F2E0CAB2A2B2BE3932105AA4806486324B7E7F7C5817AD9B7FE5E0EAE601FEE70EFA7E4C472A86DDCB8315C2F02CD8DCF860D1B04AA48064865C3E4672814FEEFB9F753E0B1C71EFB64A84F92F7EFDF1FDF15279E245798A2532C8A5B92F97D2693793E7E5F7CA242299F24C7C7D6CDDE7EE4C891DCB55FF1F3458B1685CD9B37E77E10387EFCB84806C0493243E3C9279FEC1CEA6B924F9F3EFD57D7F3DCF84FC75DB33709E34913264C185BF87DA57E4D727CCDCAE4AF5974C68D1BD7EBF72C5CB830ECDEBD3BF7F9C48913437B7B7B78F7DD77C357BFFAD570F0E041910C407EAF744D328367D1A245CD43FDEA16AFBFFEFA7F7966E80D47F2EEF86E423DE378A44472E149F1EDB7DFDEFD790CE46227C973E7CECD7D8C3FB54F9E3CB9FBEB3194EBEAEAC2C58B174532005EDD82C1F5939FFC64D550BF4E724545C536AF3178DDFFF0FB3C391E69915C38B7DD765BAF48EE395BB66CE9F7E439CEF8F1E34532005E2799C1F5C31FFEF05FE6CE9DFBF110BEE35EC7D4A953DFF56E3503A39423399E12179E14175E5A5118C9F1728AFCE7A74F9FEE3E299E3F7F7E686E6EEEF5673A4906208AEFB8D7F51CA7417FC7BDF2F2F24FBCE35E0A2D58B0E0BFF7EFDF3F54975AACF3BEE7E988E4952B575EF754784C91EB924F9C3891FB7ACFEF4D7EC0724D3200DDE2FB07E4E3353E0F6630BCFAEAAB85A7C81A264DBEFDED6F3FF2D4534F5D1D82D3E4B62472DE4E1ED0E5EEF5D11FC98527C9EFBCF34EF8CA57BED2E74972BCF6B8E7EF8DD722CF9B372FBEF14CF7D756AC58D1EB64592403A43E921FCA076C3C4D1EE827F0C53F2F69974F0ADED44BC3A4CDECD9B39BB66EDD3AA8851CAF7F8E3F815DEF3A5B464724174EBCEE3D5E3E71BD6B92E3C4D3E2F85ADAF1B28AE79E7B2E17D14D4D4D61D3A64D5E020E805E92B6D8998FD8050B160CD8CBC1C5FDE7A9A79EFAA8F01459C3A4F301F6A59933675E3E7AF4E8A0047212395B92FF8D33C94F605F766FA72B92E322134F91E3EB1FF717C9F194F8DE7BEF0DAB57AFBEE6152D1E7CF0C13067CE1C6F260240D18649E67C3E662B2A2A3E7528C7BDEBC5175F2CBC0EB95DC3A4587979F9B4D9B3675F6A6D6D1DD0403E75EAD41B53A74E3DE19F28D217C9F17289071E78A0D7BB028E2972929C7F1DE47DFBF685A79F7E3A4C9932251C387020BCFCF2CBE1EEBBEFCE9D2CC753E6C227FB8964003299CCA3F927F1E54F946FF5D28BF8FB7A9C20BBCC82DC334567CE9A35AB7DA04E94E309720CE4E4C1FBAC7B377D91BC7CF9F2B07DFBF65E27CB77DC71479FD722E75F066EFAF4E9DD6F2852F82A18F149194B962C71920C402F49CCCE280CE5788D72DC37E2AB53DCE8AB58C427E9155E831C47C370CD4F63E5E5E517FFF8C73F7EF0299ECCD7F6D39FFE744DBCC4223E68DDABE98CE4B48D480618FE8649A6AD3072632CC7D7518E6F38124F89F39762C4C39AF84E7AF18D427EF18B5F84C71E7BECE31EEF76DBAE61E8EBA7B12F253F4955CF9E3DFBECDB6FBF7DF9665E0779C78E1DAF2691BD375EE0EEFA1D912C920118EA86297C69B85B1C0DC3751F680FC7589E316346EBD2A54B0FBDF1C61B27929FBACEC497F68A2E5FBE7CF6F4E9D37FADAAAAFACFC58B176F4F7E5A3B161F58F1272FCF0015C9221980E16C98AE58BE7A3371AC61B829F15D6D9207DAFCAEF7493F9E4C47D783297E3C19DFC73CBE4DA377A111C9221980526E984C26F349D7B5C657350C8864239201522F09E37B9260CE5F7BFC1FEE1110C946240388E44C6673C1A5152DEE1110C9462403A45A12C577F5BC3E3989E649EE1910C9462403A43992B7F6F144BDBD9EA40722D9886480B406F25DC55EE5A2ACACEC21F7108864239201D218C9DBFB79D9B7DDEE2110C9462403A42D90EFBADE6B25BB361944B211C900698BE4AD37F026227BDD5320928D48064873342FEE0AE30AF706886423920110C920928D48064024834836221900910C8864910C80480644B2480640240322592403209201912C920110C9804816C900886440248B640044322092453200221910C9221900910C886423920144325032AAABABC569E94C4712C9573D2A01443230CCEAEBEBCFB4B6B60AD41298969696F549241FF6A80410C9C030ABA9A9995C5B5BFBFEB973E72E8FD4B86C6C6C0CEBD7AFCF7D1CA927C83190ABAAAA4E24F3B047258048064A40126693B2D9ECDEF84FFDF19AD8913695959571A10ACB962D0B23F1EFDF75BF1F16C8002219C06205807D07C06205807D07C06205807D07C06205807D07C06205807D07C06205807DC7BE0358AC00C0BE0358AC00C0BE0358AC00C0BE0358AC00C0BE0358AC00C0BE0358AC00C0BE0358AC2C5600D877002C5600D877002C5600D877002C5600D877002C5600D877002C5600D877002C5600D877002C5600D877002C5600D877002C5600D877002C5600D877EC3B80C50A00EC3B80C50A00EC3B80C50A00EC3B80C50A00EC3B80C50A00EC3B80C50A00EC3B80C5CA6205807D07C06205807D07C06205807D07C06205807D07C06205807D07C06205807D07C06205807D07C06205807D07C06205807D07C06205807D07C06205807DC7BE0358ACA01F2184B1C78E1DDBB867CF9E8FABABAB43369B35433C555555A1BEBEFEEFC9947B4462DF01B0585102622037343484D6D6D6D0D9D9698669CE9F3F1FEAEAEA2E26C1FCB04725F61DC06265B16298C51364815C32A1DC99CD660F7B5462DF012C56162B8659BCC442A096CE24917CD5A312FB0E60B1B25831CCE235B1E2B4A42239785462DF012C56162B4648247FF0FE99706CEF9A70A8EA85DCC4CFE3D784AD48C6BE0360B1229591DCDED6120EBEBE28346E7BE69A895F8BB7895B918C7D07C06245EA22F9E4A13FF50AE4FC9C3AB455DC8A64EC3B00162BD217C9877756168DE4789BB815C9D877002C56A42E920F6617178DE4789BB815C9D877002C568864912C92B1EF0058AC487B24C757B32816C9F136712B92B1EF0058AC485D2437EFFA65D1488EB7895B918C7D07C06245EA22F9424B5338B8A3A2F7A516C9D7E26DE2562463DF01B05891BA488E737CDFDA5E911CBF266C4532F61D008B15E98CE42B5742F39BBFEA7DA945F2B5789BB815C9D877002C56A42A92E33BEA1DDDB5A2E835C9F136EFBA2792B1EF0058AC4847245FB912CE34D784BFBCF683A2819C9FF83DF17B9D2A8B64EC3B00162B466D245FEFF4D8A9B248C6BE0360B12275917C23A7C7FD9D2A8B5D918C7D07C062C5A88BE45B0DE4FC885D918C7D07C062C5A88B642392B1EF0058AC10C9E2542463DF01B058814816C9D877EC3B80C50A44B24806FB0E60B102912C92C1BE0358AC40248B64B0EF00162B10C92219EC3B80C50A44B24806FB0E60B102912C92C1BE0358AC40248B64918C7D07C0628548362219FB0E80C50A916C4432F61D008B1522D98864EC3B00162B44B211C9D877002C5694A6B2B2B26C325F17C92219EC3B80C50AFEFFB1151F5721C6722693B947248B64B0EF00162B3CB6BA22B960B6F775B22C924532F61D008B15698EE4EE93E5C25816C92219FB0E40292E56BFED5AAC76762D5CC60CD484FE2693C934271F5789E4D299C6C6C6505959193C76CD204F6DD73AB0C62E0C947224D75E2F668C19CC4943247774748C88BFE7FAF5EB3D26CD50CE4EBB3050CA913CAFEB14794DFCA72F6306708A6D8C2DC9FC3E93C93C1FBFAFD42379DEBC79371DF2CB962D0BEBD6ADCB7DBE6BD7AE307DFAF4B063C78EB064C992923F498E7F778F5D33C8B3A66BDF99671706208D3F80F58CE3BD49184F9A3061C2D8C2EF2BF548BE78F162B8FFFEFBC35B6FBD15B66EDD1A3EF7B9CF852F7EF18BDD137FFD9BDFFCE69ADF73DF7DF7E57E5F3EB29B9B9B739FCF9D3B37343535B926190040243FBABBACACECA19E713C522239CEC99327C3BE7DFB427B7B7B9FB75FBA742937F1F3EAEAEAB07AF5EA70FCF8F15C1C7FE6339F89D1D96B56AE5C299201005218C97D9E1C8FC4488E1303B9AFD8CDCF962D5B72DF3773E6CCDCC7C71F7F3C7CFEF39FCFDD96FF330A3F77920C00C0888CE4891327764770FEC4387EFCD9CF7E16FEF0873F5C13D0F1B678DDF1EDB7DF1EC68D1B97BBCC62FEFCF922190080D115C9C5E2B6BCBC3CF7B1A1A1E19AEB91632C9F3E7D3A1C3C7830770D73BC4C634C919367910C00C0A889E418C531820B4F9BF34FD2BB70E1429832654AF8EC673F1B1E7CF0C15C28F715C8F1A459240300302A2279EDDAB5E1CE3BEF0C0F3CF040EEE3F8F1E3C36DB7DD967BD9B4C227F9150BEC312EB7000060B445F22BAFBC125E7EF9E5B071E3C650575717DADADA72A7C7F1D438FFA621F19479D3A64D61D1A24561F9F2E522190080D115C9F1C9784F3FFD74EEC438BE9CDDA953A7FAFDFEF81AC8F17AE5F84622478E1CE90EE37879457EE213FBE2D7F2D7358B640000465424C757B0C8BF8A45BCBE389E187FED6B5FCB5D6E1127BEC948BCEC22BE16F2860D1B7AFDFE78D27CC71D778CA8B7D016C9000022F953BD6E729C7889C548FCFB8B640000916C44320080483622190040241B910C0020928D48060010C94624030088642392010044B211C900008864910C00804816C900008864910C00804816C900008864910C00804816C900008864910C00804816C9000088642392010044B211C9000022D988640000916C44320080483622190040241B910C0020928D48060010C94624030088642392010052AFBABA5A9C96CE7424917CD5A312006098D5D7D79F696D6D15A825302D2D2DEB93483EEC51090030CC6A6A6A26D7D6D6BE7FEEDCB9CB4275F84E9063205755559D48E6618F4A0080129084D9A46C36BB37FE537FBC26D60CF9C4FBFDB040060000000000000000000000000000000000000000000000006040FD2F88958BFCF8D304640000000049454E44AE426082, 1);
INSERT INTO `act_ge_bytearray` VALUES ('12514', 1, '请假实例.bpmn20.xml', '12513', 0x3C3F786D6C2076657273696F6E3D22312E302220656E636F64696E673D225554462D38223F3E0A3C646566696E6974696F6E7320786D6C6E733D22687474703A2F2F7777772E6F6D672E6F72672F737065632F42504D4E2F32303130303532342F4D4F44454C2220786D6C6E733A7873693D22687474703A2F2F7777772E77332E6F72672F323030312F584D4C536368656D612D696E7374616E63652220786D6C6E733A7873643D22687474703A2F2F7777772E77332E6F72672F323030312F584D4C536368656D612220786D6C6E733A61637469766974693D22687474703A2F2F61637469766974692E6F72672F62706D6E2220786D6C6E733A62706D6E64693D22687474703A2F2F7777772E6F6D672E6F72672F737065632F42504D4E2F32303130303532342F44492220786D6C6E733A6F6D6764633D22687474703A2F2F7777772E6F6D672E6F72672F737065632F44442F32303130303532342F44432220786D6C6E733A6F6D6764693D22687474703A2F2F7777772E6F6D672E6F72672F737065632F44442F32303130303532342F44492220747970654C616E67756167653D22687474703A2F2F7777772E77332E6F72672F323030312F584D4C536368656D61222065787072657373696F6E4C616E67756167653D22687474703A2F2F7777772E77332E6F72672F313939392F585061746822207461726765744E616D6573706163653D22687474703A2F2F7777772E61637469766974692E6F72672F70726F63657373646566223E0A20203C70726F636573732069643D224C6561766522206E616D653D22E8AFB7E58187E5AE9EE4BE8B2220697345786563757461626C653D2274727565223E0A202020203C73746172744576656E742069643D227369642D35314544324646352D383836342D343946332D414646422D30434641334336394646394322206E616D653D22E5BC80E5A78BE4BA8BE4BBB6223E3C2F73746172744576656E743E0A202020203C757365725461736B2069643D227369642D32463438433933422D343143302D344638302D394546322D44323234363531333642353722206E616D653D22E5B08FE78B97E5AEA1E689B9222061637469766974693A61737369676E65653D22E5B08FE78B97222061637469766974693A666F726D4B65793D22666F726D31223E3C2F757365725461736B3E0A202020203C73657175656E6365466C6F772069643D227369642D39383741373230372D423735452D344138362D424145452D3842453730334632373139312220736F757263655265663D227369642D35314544324646352D383836342D343946332D414646422D30434641334336394646394322207461726765745265663D227369642D32463438433933422D343143302D344638302D394546322D443232343635313336423537223E3C2F73657175656E6365466C6F773E0A202020203C757365725461736B2069643D227369642D45364437464434462D444339312D343943342D423631372D44383632323637313045304222206E616D653D22E5B08FE58FAFE788B1E5AEA1E689B9222061637469766974693A61737369676E65653D22E5B08FE58FAFE788B1223E3C2F757365725461736B3E0A202020203C73657175656E6365466C6F772069643D227369642D42424237373031352D393642352D344234452D414242452D3432384339394641344239302220736F757263655265663D227369642D32463438433933422D343143302D344638302D394546322D44323234363531333642353722207461726765745265663D227369642D45364437464434462D444339312D343943342D423631372D443836323236373130453042223E3C2F73657175656E6365466C6F773E0A202020203C656E644576656E742069643D227369642D38444136344337332D434437322D343534312D383135442D35313543304133444137354422206E616D653D22E7BB93E69D9FE4BA8BE4BBB6223E3C2F656E644576656E743E0A202020203C73657175656E6365466C6F772069643D227369642D35313843373738332D304531312D344645322D424145462D4346434332384235413538412220736F757263655265663D227369642D45364437464434462D444339312D343943342D423631372D44383632323637313045304222207461726765745265663D227369642D38444136344337332D434437322D343534312D383135442D353135433041334441373544223E3C2F73657175656E6365466C6F773E0A20203C2F70726F636573733E0A20203C62706D6E64693A42504D4E4469616772616D2069643D2242504D4E4469616772616D5F4C65617665223E0A202020203C62706D6E64693A42504D4E506C616E652062706D6E456C656D656E743D224C65617665222069643D2242504D4E506C616E655F4C65617665223E0A2020202020203C62706D6E64693A42504D4E53686170652062706D6E456C656D656E743D227369642D35314544324646352D383836342D343946332D414646422D304346413343363946463943222069643D2242504D4E53686170655F7369642D35314544324646352D383836342D343946332D414646422D304346413343363946463943223E0A20202020202020203C6F6D6764633A426F756E6473206865696768743D2233302E30222077696474683D2233302E302220783D223135302E302220793D223132332E30223E3C2F6F6D6764633A426F756E64733E0A2020202020203C2F62706D6E64693A42504D4E53686170653E0A2020202020203C62706D6E64693A42504D4E53686170652062706D6E456C656D656E743D227369642D32463438433933422D343143302D344638302D394546322D443232343635313336423537222069643D2242504D4E53686170655F7369642D32463438433933422D343143302D344638302D394546322D443232343635313336423537223E0A20202020202020203C6F6D6764633A426F756E6473206865696768743D2238302E30222077696474683D223130302E302220783D223237302E302220793D2239382E30223E3C2F6F6D6764633A426F756E64733E0A2020202020203C2F62706D6E64693A42504D4E53686170653E0A2020202020203C62706D6E64693A42504D4E53686170652062706D6E456C656D656E743D227369642D45364437464434462D444339312D343943342D423631372D443836323236373130453042222069643D2242504D4E53686170655F7369642D45364437464434462D444339312D343943342D423631372D443836323236373130453042223E0A20202020202020203C6F6D6764633A426F756E6473206865696768743D2238302E30222077696474683D223130302E302220783D223436302E302220793D2239382E30223E3C2F6F6D6764633A426F756E64733E0A2020202020203C2F62706D6E64693A42504D4E53686170653E0A2020202020203C62706D6E64693A42504D4E53686170652062706D6E456C656D656E743D227369642D38444136344337332D434437322D343534312D383135442D353135433041334441373544222069643D2242504D4E53686170655F7369642D38444136344337332D434437322D343534312D383135442D353135433041334441373544223E0A20202020202020203C6F6D6764633A426F756E6473206865696768743D2232382E30222077696474683D2232382E302220783D223634352E302220793D223132342E30223E3C2F6F6D6764633A426F756E64733E0A2020202020203C2F62706D6E64693A42504D4E53686170653E0A2020202020203C62706D6E64693A42504D4E456467652062706D6E456C656D656E743D227369642D39383741373230372D423735452D344138362D424145452D384245373033463237313931222069643D2242504D4E456467655F7369642D39383741373230372D423735452D344138362D424145452D384245373033463237313931223E0A20202020202020203C6F6D6764693A776179706F696E7420783D223138302E302220793D223133382E30223E3C2F6F6D6764693A776179706F696E743E0A20202020202020203C6F6D6764693A776179706F696E7420783D223237302E302220793D223133382E30223E3C2F6F6D6764693A776179706F696E743E0A2020202020203C2F62706D6E64693A42504D4E456467653E0A2020202020203C62706D6E64693A42504D4E456467652062706D6E456C656D656E743D227369642D42424237373031352D393642352D344234452D414242452D343238433939464134423930222069643D2242504D4E456467655F7369642D42424237373031352D393642352D344234452D414242452D343238433939464134423930223E0A20202020202020203C6F6D6764693A776179706F696E7420783D223337302E302220793D223133382E30223E3C2F6F6D6764693A776179706F696E743E0A20202020202020203C6F6D6764693A776179706F696E7420783D223436302E302220793D223133382E30223E3C2F6F6D6764693A776179706F696E743E0A2020202020203C2F62706D6E64693A42504D4E456467653E0A2020202020203C62706D6E64693A42504D4E456467652062706D6E456C656D656E743D227369642D35313843373738332D304531312D344645322D424145462D434643433238423541353841222069643D2242504D4E456467655F7369642D35313843373738332D304531312D344645322D424145462D434643433238423541353841223E0A20202020202020203C6F6D6764693A776179706F696E7420783D223536302E302220793D223133382E30223E3C2F6F6D6764693A776179706F696E743E0A20202020202020203C6F6D6764693A776179706F696E7420783D223634352E302220793D223133382E30223E3C2F6F6D6764693A776179706F696E743E0A2020202020203C2F62706D6E64693A42504D4E456467653E0A202020203C2F62706D6E64693A42504D4E506C616E653E0A20203C2F62706D6E64693A42504D4E4469616772616D3E0A3C2F646566696E6974696F6E733E, 0);
INSERT INTO `act_ge_bytearray` VALUES ('12515', 1, '请假实例.Leave.png', '12513', 0x89504E470D0A1A0A0000000D49484452000002AB000000BC08060000005F57E7FB00000FD14944415478DAEDDD7F8895F59E07F0A0A28D88088A08160A365AFFEEAF8DB69020222ABAD18FB19929650AA7BC69A645714D742B49FB65B51B5B21DD122F1612E6BAAED6CCA869A66C59EAB5ECEAE68FCC1F8DDB7ACD9BE3A4F9ECF339CC238FC7199D1FE7D7E8EB055F9C997366460EEF33EFEFF99EEFF33C679C010000000000000000000000000000000000000000000000000000000000000000000000000000000000000000000000000000000000000000000000000000000000000000000000000000000000000000000000000000000000000000000000000000000000000000000000000000000000000000000000000000000000000000000000000000000000000000000000000000000000000000000000000000000000000000000000000000000000000000000000000000000000000000000000000000000000000000000000000000000000000000000000000000000000000000000000000000000000000000000000000000000000000000000000000000000000000000259524C9599B376F9EB36AD5AADFDADADA92969616A3C2A3B5B53559B66CD9FFA6A35122E55EEE0120270A7BF9F2E5497B7B7BD2D9D9695469ECD9B327F9E4934FF6A5057EA754CABDDC034097585952D83553DC9D2D2D2D1BA452EEE51E00BAC45BA00AB376465ADA87A452EEE51E00BAC4DE31655953A59D48A5DCCB3D00F4B1B4FFF6D75DC9E6CFFF987CDDFA7461C4C7F13545ABB4E5DE907B00AA5ADAFBF7EE48D67F343159BBE0F163467C2D6E53B64A5BEE0DB907A06AA5BDFDEBFF38AEB0B3F1C3D7F395ADD2967B43EE01A85E696F5832ADC7D28EDB94ADD2967B43EE01A85A69AF6F99DC6369C76DCA5669CBBD21F700286DA58DDCCB3D004ABB78C451D03D9576DCA66C95B6DC1B720F40D54A7BD38A7FEBB1B4E33665ABB4E5DE907B00AA56DA3FED5897ACFF78D2F16F85A65F8BDB94ADD2967B43EE01A85A69C7D8F2C5CCE34A3BBEA66895B6DC1B720F40754BFBE0C164D367FF7EFC5BA1E9D7E23665ABB4E5DE907B00AA52DA71A59E8D2BFEB5C7BD7B719BABF9286DB937E41E80CA96F6C183C9AE4D8B933F2FFA438F859D8DB84FDCD76A93D2967B43EE01287B699F6C55C96A93D2967BB9977B00AA56DABD59553AD16A93F255DA726FC83D00652BEDFE16763694AFD2967B43EE01285B691B4A5BEE0DB90740691B4A5BEE0DB90740692B6DE45EEE0150DA86D2967B43EE815A9424C9DFAD5BB7AEF9DD77DFFD64EAD4A9FBC68C197368C48811C9B061C392C6C6C6230F3DF450E7840913364F9B366D563AFED123A6B40DA52DF786DC57574343C3DFD7D5D53D9C76F59C746C4AC7FEE8ED7474A4634B7ADBDCF4DFC7E27E1E2D06F524F5830F3E98F9CC33CF1C1A3B766CF2E69B6F26AB56AD4A76ECD8917474742421FE6D6F6F4F56AF5E9DA493D9E491471E39F2E8A38F6E1D3972E4031E41A56D286DB937E4BEB2EEB9E79EDFA5A3251D9D5D93D3DE8C25E9FD1B3D7A0C2AE9A4B4E9D9679F3DF8F8E38F1726A2870F1F4E7A6BCD9A35C9934F3E79B8B9B979C35D77DD75854753691B4A5BEEE59EF24A279C97A713CE457D98A0763796EB6D06C36AEA59F3E6CD5BFCE0830F26F3E7CFEFD324B5D8A2458B92A6A6A603565995B6A1B4E55EEE299FBABABA61F5F5F5FF979F7836343424CF3DF75CB278F1E2E4FBEFBF4F7EFEF9E74237FFF2CB2F85774857AC58914C9F3E3DB9F7DE7B8B27ACFBADB252D313D5A54B97FEF7E8D1A3938D1B3726A5B075EBD6249DF81E78E081077EEF1156DA4A5B69CBBDDC53F289EA2DE9E4F2707E923A6BD6ACC216BDDED8BB776FE1FEF17DF9496BFA332D34517B62453526AABD0D786FC5CF1B3972A4576A4A5B692B6DB9977B4ABCA29A9FA88E1B37AEB08ADA1FF17DB1F5AF68C2AAB7A91DB14735DEFA2FD58A6A772BACF7DD77DFDE34F8433CDA4A5B6923F772CFC0C41ED5FC5BFF93264D3AFA567F7FC516812953A6146F09D0DB545F1CF5FFF4D34F77C61ED5725AB060C181868686951E71A5ADB4917BB96760D2896A6B7E4575A013D5FC84B5688575B9479BAA9B3B77EE9F2298BFFEFA6B526EA3468DDAED6D05A5ADB4917BB9A7FFE2F454F93DAAFD7DEBFF445B02F27B58F536555F558DF3A8C6E9A92A61EDDAB59D565795B6D246EEE59E014D565BB289641C1C550EB367CFB6BA4A6D882B53C54155033945555F353535ED8EBD361EFD81FDA14AC73F2B6DA52DF7722FF7A757C6E38A53D94155B1FAF9D34F3F95A5ABE32C0145A7B5D2DB54475C4275C68C1949254D9F3E7D4D5CE2CDA3DF7FB9B7665AEAEAEAFE49692B6DB9977BB93F3D32DE7509D5C2FD9E7FFEF972F7757EB2AAB7A98EA953A7EE8B4BA856D2679F7DB6350DFD7C8FFEC0FFA0E5C6C2EE5E8D2B6DA52DF786DC9F5A194FBF3627BB7DE9D2A565EDEBB87040EEFFA2B7A98E3163C61CDAB56B574527ABBB77EF6E4F43BFDDA35FD23F68475F8DE7FFB0296DA52DF786DC9F5A194F3FDF947DBDD40756158B2B5DE5FE1F7A9BEA18316244D2D1D151D1C9EA575F7D95D4D5D51D4A833FD9E8F738E1F59DD3C737FE98CD50DAB533D6AE5D9B4C9B362D915DB9977B638019FF35FBBC54A7AB3AD169AC72BFBFC3AC89AABD8AABB43973E624277B421AA519A77269C7E6FFC1F4FF7DEFBDF76452EE4FBBE783DC97775442FEF799355115C3870F3F52E995D5D5AB57C7153762657592D1EFD1D31FAF1DE9F853FAEAFB5FE27ED52AEDC8D4D9679F9D7CFBEDB73DDEE78B2FBE4876EEDC59F8B8ADAD2DB687144E6CBD69D3A65EFDFCEBAFBF3ED9B3674F8FF789DB2EBCF0C2C2CF8BFB37353525DBB66D2BDC76EBADB7167E5FA55798E26008D91DFCB9EF4DBE4B35F6EDDB57787EBCFFFEFB3D3E376AF9F920F765C978A795554E2BA3478FEEACF49ED57482F2177B5F4ABEAFE9F3F48FD82D43870E3D2B7FBF6AAE30A5BFFE84B7AF59B3A650B0EFBCF34E72C30D37143EBFEEBAEB8E2BEAECE373CF3D3739FFFCF30BE3A28B2E3AE6E328E1F838EE932FF0FCFFA1A78FEDDD93FB52E7FBD24B2F4D2EB9E492E4B2CB2EEB765C70C10585DB23B3D9F7C45959CE3BEFBCC26D91E91837DE786372C71D772437DD745372CD35D714CEA739189F0F725FDA8CDBB3CA6967E2C4899B2A7D36808F3EFAE8BF1C5558B23F682BE34A26C5653D1826AB315E79E595E4CA2BAF2C7CFCF6DB6F17BEA778ECDFBFFFB89F17C51B9707CE56668B7F67DC7EA242CE3E8EEF3FD16A94D296FB81E4BBAFDF1B5BA41E7BECB1C2C7B11AF9C4134F14F27FFBEDB717563EB35C0FB6E783DC9736E3CE06C069E785175E9851E9F3AC4E9A346981F3B50DF80F5AB72B4AD59EACAE5FBF3EB9FBEEBB8F2BC3789B314E5C9DBFEFA851A3220BC99831639279F3E625D75E7BED312BA9312EBEF8E2A393D55855CA4A375B258AB7A8B2FBC6C76FBCF146E1E3DB6EBBED98096F7CBDB89CDF7AEBADC21FE0F8636CB22AF7A5CE77769FE2D1D364B5BBFBF6F4FD83EDF920F7A5CDB8F3AC72DA79EAA9A7FEE1E1871FFEAD8257B0EAA8AFAFFFCE95302AA3D293D5975F7EF9E85B95F9328CFF479AB363EEFBC30F3F14FE9D39736672CE39E76485764C29C75B9AD964352BE4DE147956DAF995A5EC3EB1F520FE5DB972A56D00725FB67C7737292DE56475303D1FE4BEB4E20A565DC77D94FD0A568D8D8D475CC18A9A306EDCB8FF59BD7A75A5B600CC728DE15377B21A7B4FBB7BCB3146ECBD8B83AA8A27ACF116E715575CD16D99E7F7F4F5A6D0BB9B00C46AD892254BEC5995FB8AE7BB2F93D59850C688839EE2EDFFEE8EF62F7EE761B03C1FE4BEF4E2BCABD924325E4095C3ECD9B3F3ABAA7A9BEABAFFFEFBEF1A3F7EFCA10AACAEEEADAFAFFF327D92357AD44FBDC9EADCB973932953A6F458805192F1567FF6F9962D5B0AE5BF7DFBF6A307821497791C70D253F9F7341188B17CF9F2C2DEBFF8DA8B2FBE58980098ACCA7D25F3DDD76D00D9183A7468B7DF17FB594FB4725BCBCF07B92FCB64F577D9443256574B7DA055FCBCB4AF8FE42E4AA0B7A9BEE6E6E675B141BF9C627F6CBC3A3BD97E3306DF64355648AFBAEAAA63F6ED75578071118A28FDF838FD435828F8F8F8CC33CF3CAEDCE3F3D81ED09F95A4D87717A7153AA317473F7FF3CD3726AB725FF27C171F7D9FBD53D0DDD7B3119382D8BF9DDF5210ABA9DD6D31184CCF07B92F8F342F4BB2C9649CF6AF54A7B18A15FEF1E3C71FCEAFAAEA6D6A25F4973735351DD8B871635926AAEBD6AD9B97FE8E5DE9ABB3211EED536FB21AA79D5AB870E1498F788E733CC68A6AF1E9A98A4B3CFB3CCE6599DFA317A7F0E9E9E7C7812FF9A3A57B2AE428EEF8387E6F4C3EAEBEFA6A9355B92F4BBEB3FDD627DBCB1A47E1C7BB0C7190537C1E2B9F13264C2864340E44CCF677179F5B75B03C1FE4BE7CBD9D8E3DD9A4320E581DE8843526AA53A64CC9EF53DDAFB7A9298D8D8D0DCDCDCDBFB4B7B79774A29AFEA1FDB4BEBE7E9BB7114EDDC96A7E4441C7E96FCEE8E55B8BAFBFFE7A61DF6A71B97FF7DD77C7ED59EDEBA983B215DB9840C4FDE3A8E83845561472ACDAC6F683F8DC6455EECB95EFE209669C822ACB65FE84FDD9DBFCF1F3E3E398BCC68BB59830C46AEDC94EDA5FCBCF07B92F9FBABABA61D9C156D90A6B7FB704C4F715ADA87AFB9FDAD4D0D0D03472E4C8FDA55A618D15D598A8A64FA8273DBAA7C76435269FB1776FECD8B127BD6FDC2F26AAD99574B211251A05DADD3EBDEC609428D7FCA97AF223F6C1C6CF9D3871E2D1B7367BFA59F6ACCA7DB9F25D3CE2346D37DF7C7361DF6877B7C72A6A5C5020B2FBEAABAF165EB0C569A662D23064C89063565207D3F341EECBBEC23A223F618D3DAC71D0551C94D7DBA3FEE360AAFC1ED5187A9B9A7FA5D6D8D8B8EFC30F3FFCDB000EBADAFBD24B2FFD31DEFA8F279247F5F499AC1A4A5BEE0DB9AF7C6FA7636F7EB21993D6380F6B5C3820564DB32D02F1A226AE4C155B405E7BEDB564F8F0E1BF155D356BBFDE66B0BC52BB3C7D95D5D6DCDCBCFBCB2FBF3CD097F3A87EFCF1C7B3D3C9EEE7B129DB5E17A56D286DB9977BA9AC4C6FE74F69D5CFA1B71994E1BF3326AD23468C689F3A75EAD79F7EFAE9B6F415D9AED87B150E1C38B07BE7CE9D7F696D6DFDCFC993272F4C5FC96D8EB0C7AB32470F2A6D4369CBBD21F795EFEDAE49EBA1BE4C52F536835E5C31230DFFD8AE6B126F49474757C0E3DFED71CDE0B8149B2B5C286D4369CBBD21F77A1B40692B6DE45EEE0150DA86D2967B43EE0150DA4A1BB9977B0094B6A1B4E5DE907B0094B6A1B4E5DE907B0094B6D246EEE51E00A56D286DB937E41E00A5ADB4917BB90740691B4A5BEE0DB90740691B4A5BEEE51E0094B6D246EEE51E00A56D286DB937E41E00A5ADB4917BB90740691B4A5BEE0DB90740692B6DA52DF7720F004A5B69CBBDBCC93D004ADB50DA726FC83D004A5B6923F7720F80D23694B6DC1B720F80D256DAC8BDDC0380D256DA726FC83D00B5ABADAD4D59D6CEE8484BFB9054CABDDC03409765CB96ED6A6F6F5798353076ECD8F15E5ADA1BA452EEE51E00BA2C5EBCF8B6A54B97FEF5C71F7F3CA038ABB7B21485DDDADABA2D1D774AA5DCCB3D00E4A445714B4B4BCBE7F1565CEC1D332A3EE271DFA0B0E55EEE010000000000000000000000000000000000000000000000E897FF07B072271F5E441E220000000049454E44AE426082, 1);
INSERT INTO `act_ge_bytearray` VALUES ('12530', 2, 'source', NULL, 0x7B227265736F757263654964223A223132353239222C2270726F70657274696573223A7B2270726F636573735F6964223A22616263222C226E616D65223A2232303230222C22646F63756D656E746174696F6E223A22222C2270726F636573735F617574686F72223A226279204272756365204C6565222C2270726F636573735F76657273696F6E223A22222C2270726F636573735F6E616D657370616365223A22687474703A2F2F7777772E61637469766974692E6F72672F70726F63657373646566222C22657865637574696F6E6C697374656E657273223A22222C226576656E746C697374656E657273223A22222C227369676E616C646566696E6974696F6E73223A22222C226D657373616765646566696E6974696F6E73223A22227D2C227374656E63696C223A7B226964223A2242504D4E4469616772616D227D2C226368696C64536861706573223A5B7B227265736F757263654964223A227369642D33363233304536322D423630322D343435432D413531372D414334393330353732343635222C2270726F70657274696573223A7B226F766572726964656964223A22222C226E616D65223A22222C22646F63756D656E746174696F6E223A22222C22657865637574696F6E6C697374656E657273223A22222C22696E69746961746F72223A22222C22666F726D6B6579646566696E6974696F6E223A22222C22666F726D70726F70657274696573223A22227D2C227374656E63696C223A7B226964223A2253746172744E6F6E654576656E74227D2C226368696C64536861706573223A5B5D2C226F7574676F696E67223A5B7B227265736F757263654964223A227369642D34434442393037432D443143392D343830312D384145432D364345373945443934454442227D5D2C22626F756E6473223A7B226C6F7765725269676874223A7B2278223A3132332E343030303234343134303632352C2279223A3331397D2C2275707065724C656674223A7B2278223A39332E343030303234343134303632352C2279223A3238397D7D2C22646F636B657273223A5B5D7D2C7B227265736F757263654964223A227369642D42373544343735332D383737372D343333462D393844452D383441384238374641463445222C2270726F70657274696573223A7B227461736B6C697374656E657273223A22222C226F766572726964656964223A22222C226E616D65223A22222C22646F63756D656E746174696F6E223A22222C226173796E6368726F6E6F7573646566696E6974696F6E223A2266616C7365222C226578636C7573697665646566696E6974696F6E223A2266616C7365222C22657865637574696F6E6C697374656E657273223A22222C226D756C7469696E7374616E63655F74797065223A224E6F6E65222C226D756C7469696E7374616E63655F63617264696E616C697479223A22222C226D756C7469696E7374616E63655F636F6C6C656374696F6E223A22222C226D756C7469696E7374616E63655F7661726961626C65223A22222C226D756C7469696E7374616E63655F636F6E646974696F6E223A22222C226973666F72636F6D70656E736174696F6E223A2266616C7365222C22757365727461736B61737369676E6D656E74223A22222C22666F726D6B6579646566696E6974696F6E223A22222C2264756564617465646566696E6974696F6E223A22222C227072696F72697479646566696E6974696F6E223A22222C22666F726D70726F70657274696573223A22227D2C227374656E63696C223A7B226964223A22557365725461736B227D2C226368696C64536861706573223A5B5D2C226F7574676F696E67223A5B7B227265736F757263654964223A227369642D41424442353344352D323933432D344242372D423930312D363146304236373130313043227D5D2C22626F756E6473223A7B226C6F7765725269676874223A7B2278223A3437352E343030303234343134303632352C2279223A3334347D2C2275707065724C656674223A7B2278223A3337352E343030303234343134303632352C2279223A3236347D7D2C22646F636B657273223A5B5D7D2C7B227265736F757263654964223A227369642D34434442393037432D443143392D343830312D384145432D364345373945443934454442222C2270726F70657274696573223A7B226F766572726964656964223A22222C226E616D65223A22222C22646F63756D656E746174696F6E223A22222C22636F6E646974696F6E73657175656E6365666C6F77223A22222C22657865637574696F6E6C697374656E657273223A22222C2264656661756C74666C6F77223A2266616C7365227D2C227374656E63696C223A7B226964223A2253657175656E6365466C6F77227D2C226368696C64536861706573223A5B5D2C226F7574676F696E67223A5B7B227265736F757263654964223A227369642D42373544343735332D383737372D343333462D393844452D383441384238374641463445227D5D2C22626F756E6473223A7B226C6F7765725269676874223A7B2278223A3337342E383638373734343134303632352C2279223A3330347D2C2275707065724C656674223A7B2278223A3132342E323539333939343134303632352C2279223A3330347D7D2C22646F636B657273223A5B7B2278223A31352C2279223A31357D2C7B2278223A35302C2279223A34307D5D2C22746172676574223A7B227265736F757263654964223A227369642D42373544343735332D383737372D343333462D393844452D383441384238374641463445227D7D2C7B227265736F757263654964223A227369642D35463534363432382D363945432D343133452D423632342D334136414345444535374637222C2270726F70657274696573223A7B226F766572726964656964223A22222C226E616D65223A22222C22646F63756D656E746174696F6E223A22222C22657865637574696F6E6C697374656E657273223A22227D2C227374656E63696C223A7B226964223A22456E644E6F6E654576656E74227D2C226368696C64536861706573223A5B5D2C226F7574676F696E67223A5B5D2C22626F756E6473223A7B226C6F7765725269676874223A7B2278223A3734382E343030303234343134303632352C2279223A3331377D2C2275707065724C656674223A7B2278223A3732302E343030303234343134303632352C2279223A3238397D7D2C22646F636B657273223A5B5D7D2C7B227265736F757263654964223A227369642D41424442353344352D323933432D344242372D423930312D363146304236373130313043222C2270726F70657274696573223A7B226F766572726964656964223A22222C226E616D65223A22222C22646F63756D656E746174696F6E223A22222C22636F6E646974696F6E73657175656E6365666C6F77223A22222C22657865637574696F6E6C697374656E657273223A22222C2264656661756C74666C6F77223A2266616C7365227D2C227374656E63696C223A7B226964223A2253657175656E6365466C6F77227D2C226368696C64536861706573223A5B5D2C226F7574676F696E67223A5B7B227265736F757263654964223A227369642D35463534363432382D363945432D343133452D423632342D334136414345444535374637227D5D2C22626F756E6473223A7B226C6F7765725269676874223A7B2278223A3732302E313232363835393030363635332C2279223A3330332E38333636303735323039393232337D2C2275707065724C656674223A7B2278223A3437352E383838333030343237343539372C2279223A3330332E30343632303439373930303737377D7D2C22646F636B657273223A5B7B2278223A35302C2279223A34307D2C7B2278223A31342C2279223A31347D5D2C22746172676574223A7B227265736F757263654964223A227369642D35463534363432382D363945432D343133452D423632342D334136414345444535374637227D7D5D2C22626F756E6473223A7B226C6F7765725269676874223A7B2278223A313230302C2279223A313035307D2C2275707065724C656674223A7B2278223A302C2279223A307D7D2C227374656E63696C736574223A7B2275726C223A227374656E63696C736574732F62706D6E322E302F62706D6E322E302E6A736F6E222C226E616D657370616365223A22687474703A2F2F62336D6E2E6F72672F7374656E63696C7365742F62706D6E322E3023227D2C227373657874656E73696F6E73223A5B5D7D, NULL);
INSERT INTO `act_ge_bytearray` VALUES ('15001', 1, 'source-extra', NULL, '', NULL);
INSERT INTO `act_ge_bytearray` VALUES ('15003', 1, '2020.bpmn20.xml', '15002', 0x3C3F786D6C2076657273696F6E3D22312E302220656E636F64696E673D225554462D38223F3E0A3C646566696E6974696F6E7320786D6C6E733D22687474703A2F2F7777772E6F6D672E6F72672F737065632F42504D4E2F32303130303532342F4D4F44454C2220786D6C6E733A7873693D22687474703A2F2F7777772E77332E6F72672F323030312F584D4C536368656D612D696E7374616E63652220786D6C6E733A7873643D22687474703A2F2F7777772E77332E6F72672F323030312F584D4C536368656D612220786D6C6E733A61637469766974693D22687474703A2F2F61637469766974692E6F72672F62706D6E2220786D6C6E733A62706D6E64693D22687474703A2F2F7777772E6F6D672E6F72672F737065632F42504D4E2F32303130303532342F44492220786D6C6E733A6F6D6764633D22687474703A2F2F7777772E6F6D672E6F72672F737065632F44442F32303130303532342F44432220786D6C6E733A6F6D6764693D22687474703A2F2F7777772E6F6D672E6F72672F737065632F44442F32303130303532342F44492220747970654C616E67756167653D22687474703A2F2F7777772E77332E6F72672F323030312F584D4C536368656D61222065787072657373696F6E4C616E67756167653D22687474703A2F2F7777772E77332E6F72672F313939392F585061746822207461726765744E616D6573706163653D22687474703A2F2F7777772E61637469766974692E6F72672F70726F63657373646566223E0A20203C70726F636573732069643D2261626322206E616D653D22323032302220697345786563757461626C653D2274727565223E0A202020203C73746172744576656E742069643D227369642D33363233304536322D423630322D343435432D413531372D414334393330353732343635223E3C2F73746172744576656E743E0A202020203C757365725461736B2069643D227369642D42373544343735332D383737372D343333462D393844452D383441384238374641463445223E3C2F757365725461736B3E0A202020203C73657175656E6365466C6F772069643D227369642D34434442393037432D443143392D343830312D384145432D3643453739454439344544422220736F757263655265663D227369642D33363233304536322D423630322D343435432D413531372D41433439333035373234363522207461726765745265663D227369642D42373544343735332D383737372D343333462D393844452D383441384238374641463445223E3C2F73657175656E6365466C6F773E0A202020203C656E644576656E742069643D227369642D35463534363432382D363945432D343133452D423632342D334136414345444535374637223E3C2F656E644576656E743E0A202020203C73657175656E6365466C6F772069643D227369642D41424442353344352D323933432D344242372D423930312D3631463042363731303130432220736F757263655265663D227369642D42373544343735332D383737372D343333462D393844452D38344138423837464146344522207461726765745265663D227369642D35463534363432382D363945432D343133452D423632342D334136414345444535374637223E3C2F73657175656E6365466C6F773E0A20203C2F70726F636573733E0A20203C62706D6E64693A42504D4E4469616772616D2069643D2242504D4E4469616772616D5F616263223E0A202020203C62706D6E64693A42504D4E506C616E652062706D6E456C656D656E743D22616263222069643D2242504D4E506C616E655F616263223E0A2020202020203C62706D6E64693A42504D4E53686170652062706D6E456C656D656E743D227369642D33363233304536322D423630322D343435432D413531372D414334393330353732343635222069643D2242504D4E53686170655F7369642D33363233304536322D423630322D343435432D413531372D414334393330353732343635223E0A20202020202020203C6F6D6764633A426F756E6473206865696768743D2233302E30222077696474683D2233302E302220783D2239332E343030303234343134303632352220793D223238392E30223E3C2F6F6D6764633A426F756E64733E0A2020202020203C2F62706D6E64693A42504D4E53686170653E0A2020202020203C62706D6E64693A42504D4E53686170652062706D6E456C656D656E743D227369642D42373544343735332D383737372D343333462D393844452D383441384238374641463445222069643D2242504D4E53686170655F7369642D42373544343735332D383737372D343333462D393844452D383441384238374641463445223E0A20202020202020203C6F6D6764633A426F756E6473206865696768743D2238302E30222077696474683D223130302E302220783D223337352E343030303234343134303632352220793D223236342E30223E3C2F6F6D6764633A426F756E64733E0A2020202020203C2F62706D6E64693A42504D4E53686170653E0A2020202020203C62706D6E64693A42504D4E53686170652062706D6E456C656D656E743D227369642D35463534363432382D363945432D343133452D423632342D334136414345444535374637222069643D2242504D4E53686170655F7369642D35463534363432382D363945432D343133452D423632342D334136414345444535374637223E0A20202020202020203C6F6D6764633A426F756E6473206865696768743D2232382E30222077696474683D2232382E302220783D223732302E343030303234343134303632352220793D223238392E30223E3C2F6F6D6764633A426F756E64733E0A2020202020203C2F62706D6E64693A42504D4E53686170653E0A2020202020203C62706D6E64693A42504D4E456467652062706D6E456C656D656E743D227369642D41424442353344352D323933432D344242372D423930312D363146304236373130313043222069643D2242504D4E456467655F7369642D41424442353344352D323933432D344242372D423930312D363146304236373130313043223E0A20202020202020203C6F6D6764693A776179706F696E7420783D223437352E343030303234343134303632352220793D223330332E38333831383737303232363534223E3C2F6F6D6764693A776179706F696E743E0A20202020202020203C6F6D6764693A776179706F696E7420783D223732302E343030303937373236353031382220793D223330332E30343533303732303631303836223E3C2F6F6D6764693A776179706F696E743E0A2020202020203C2F62706D6E64693A42504D4E456467653E0A2020202020203C62706D6E64693A42504D4E456467652062706D6E456C656D656E743D227369642D34434442393037432D443143392D343830312D384145432D364345373945443934454442222069643D2242504D4E456467655F7369642D34434442393037432D443143392D343830312D384145432D364345373945443934454442223E0A20202020202020203C6F6D6764693A776179706F696E7420783D223132332E343030303234343134303632352220793D223330342E30223E3C2F6F6D6764693A776179706F696E743E0A20202020202020203C6F6D6764693A776179706F696E7420783D223337352E343030303234343134303632352220793D223330342E30223E3C2F6F6D6764693A776179706F696E743E0A2020202020203C2F62706D6E64693A42504D4E456467653E0A202020203C2F62706D6E64693A42504D4E506C616E653E0A20203C2F62706D6E64693A42504D4E4469616772616D3E0A3C2F646566696E6974696F6E733E, 0);
INSERT INTO `act_ge_bytearray` VALUES ('15004', 1, '2020.abc.png', '15002', 0x89504E470D0A1A0A0000000D49484452000002F6000000F008060000006B2720140000106A4944415478DAEDDD0B7C56F57907F06EEDEEF7FBA5BBB8AD5BBB76EBB6EED6DD3A779F5DB56E13231020580813B48B0CB43A91488B4E57C746718CCECE4A29E8D8EC2C735A0318406A2CA8803A151C201AD3041085D20022A7CFC34EEC6B14242109EF0BDFEFE7F37CCE43DE37C1CF790FEFFBFB1F9F9CF3863700000000000000000000000000000000000000000000000000000000000000000000000000000000000000000000000000000000000000000000000000000000000000000000000000000000000000000000000000000000000000000000000000000000000000000000000000000000000000000000000000000000000000000000000000000000000000000000000000000000000000000000000000000000000000000000000000000000000000000000000000000000000000000000000000000000000000000000000000000000000000000000000000000000000000000000000000000000000000000000000000000000000000000000000000000000000000000000000000000000000000000000000000000000000000000000000000000000000000000000000000000000000000000000000000000000000000000000000000000000000000000000000000000000000000000000000000000000000000000000000000000000000000000000000000000000000000000000000000000000000000000000000000000000000000000000000000000000000000000000000000000000000000000000000000000000000000000000D0474551BC69F3E6CD8BDBDADA5E5AB66C59D1D2D2A286B8962E5D5AAC5CB9724754BD231200807EC950BF6AD5AAA2ABABABD8BF7FBF3A41B57DFBF662C58A152F44C83FC7510900409FE5997AA1BE6AC2FDFE969696C71C950000F4598EDF08D5D55311EC5F74540200D06739E32D505755B02F1C9500000C5AB0FFD2F31DC5E63537158F2E9D71B8B2CFAF09E3823D00003512ECF7EC6A2F1EF9DCB462FD1D535F51F9B57C4C2017EC0100A88160FFF4A39F7D55A8EFA9671E5D22900BF60000D442B07FEC9E6B8F18ECF331815CB00700A00682FD232DCD470CF6F998402ED8030020D82BC11E0080A108F679159C2305FB7C4C2017EC0100A88160BF69F59C2306FB7C4C2017EC0100A88160BFB37D43F1C8DDD35F3D86135FCBC70472C11E00801A08F6595BD6CE7F55B0CFAF09E3823D0000B512ECF7ED2B367D7EEEABC770E26BF998402ED8030050E5C13EEF2CBB71F5C78E38639F8FB9FBAC600F0040B506FB7DFB8A8E4DCB8B87EFBAFC88A1BEA7F239F95C67EF057B0000AA28D8BFDE597A67EF057B00006A20D81FCB59FAA39DBD17D0057B0000AA20D8F737D4F794802ED803005005C15E09F6000008F64AB0070040B017EC1D95000008F6823D5063468E1CF923757575179E77DE798BA33645ED892AA2BAA3B6C4639F89ED947C9EBD750A58B162C57BE7CD9B77FBCC9933BB2EBAE8A20363C68C399407447D7DFDA1499326BDD8DCDCDC317BF6ECDB972C59F2DBF61620D80BF6C089377CF8F0B3A35A22B3ED2B83FCB1D43DF13DF5F6DE4968CE9C39575C79E595BB9B9A9A8A08F6455B5B5BD1DEDE5E7477771729B75D5D5DC5030F3C50DC7CF3CD453EEFB2CB2E7B2E82FE87EC3D40B017EC81A117E1FCB4A83BFB10E65FAB560D1B36EC2DF6E649E0A69B6E7AF7B469D3764C9D3AF570683F78F06071ACD6AD5B575C7EF9E5C5C5175FFC6C6CDF696F82602F500BF6C0D0A8ABAB3B6FF8F0E13B2A43FAC891238B6BAEB9A658BE7C79B16DDBB662F7EEDD8733DBDEBD7B0F9FB05DBD7A75316BD6AC62D4A851BDC3FD1E67EF6BDC0D37DCF0D1091326BCB464C9923E05FADEEEBAEBAEA2B1B1F1A0B3F720D80BD4823D3024A1FE7D11C65FAC0CF40B162C383C5D712C76EDDA75F8F9F97D95013FC2FD387BB7062D5CB870D685175E7868E3C68DC540D8BA756B113FEFA5ABAEBAEA23F62E08F64AB007062DD49F5719EA274F9E7CF8EC7C7FE4F7E5D446AF70EFCC7D2DB9FEFAEB6764A83FD655DDB1CA9F3769D2A4834D4D4D93EC6510EC95600F0CAC72A67E7B4F089F3E7DFACBE336FD95633A3367CEEC3D96F3367BBB06343737BF3DC76606EA4CFD6B9DB91F376EDCBEF1E3C7BFC3DE06C15E09F6C0C029AF7CF3F299FAE30DF595E1BED799FB55F6760D88176D5BCED40FA69CB9BFE0820B9EB0B741B057823D3060A1FEECCA99FAFE8EDF1C6D2CA772E6DE484E959B366D5AE39429530E1D3870A0186CF1F7EC1F3D7AF4187B1D047B25D8030312EC5F3E5B9FBFF83A18162D5AE4AC7DADB8F4D24B9FC94B5A0E850D1B361413274EDC64AF8360AF047BE0E8813DEAA837FECC3BC5F6FCC26C9E55DFB973E7A0E4B7BC5A4EAF4B619EE615AA424D4D4DA7E5556B8EE7B2967D15C17EAF03024E8D0F1DC15EB007FAA762F4A5A5AEAEEEDDAFF59CF8FA853DCFBBEEBAEB0635BFE575EE2B82FD14AF5015BAE28A2BAEBBF1C61B8BA1347FFEFC03A3478F766D7B38053E74047BC11E38BEF7D88ABAB3F7C994F8DAE29EC75B5B5B0735BFE54DAC2AFE5B967885AAD025975CB2BEADAD6D48837D8EFD8C1F3F7EA5BD0F27FF878E602FD80303F61EFBF2C9949EF7DAF8F3A69EAF0FF42FCDF69677A8ADF8EF78DA2B54852260EFECE8E818D2609FD7B51F356AD4767B1F4EFE0F1DC15EB0E784FB9AE6E6E6AF1D366CD81B4F3FFDF437C5F6EBCF38E38C6F686868F8C6E8BFE9CC33CFFCE6F84CFE96E8BFF5ACB3CEFAB69123477E7BF4DF118F7FE7881123BE2BFAEF1E3D7AF4F7C4BFE9EF8DFEFBE2B9DF1FFD0F44FF83F5F5F53F14FFE67F38FA37E7AC776C7F2CBEE7C773DC36FA9F88FE27EBEAEA7E2AFAB744FFD3D1FF4CF46FCD6BA147FFB3D1BF3DFA7744FF73F1FD3F1FFD3BA3FF8578EE2FC6CFF8A5E8DF15FD2FC7F65763FB6BF1B55FCFFF3B18CFFB8DE87FF3DC73CFFDAD7CAF89FE77A27F4FF4BF1BFDE9D1FF5EF4BF1FFD1F44FF87D1FF517CDF1FC7CFF893E8FF34FA33A27F6FDEA535FE7C663CEFACE8DF5F5E5DE6CFA3FF8BE8FF32FA73A21F16FDB9D1D7E50DA0A21F1EFD88E847E6D561A21F15FDE8E8C744DF10FDD8D87E20EFD41ADBF1518DD14F88ED5FC56317443F31FA49394213FD45D17F30FABF8EBE29FA8BA39F1CFDDFE4A8CB91DE637B2A9E9BA1FE40CF9F07EA129747BBF465C5DFDFED9F56158A7FA007BABBBB8734D83FF4D043F9C1FF521C14CD4AA99AAE63F9D0B951B0AF9E5ABF7E7D71EDB5D7E67BF055F1DACC88FA70F41F89EDCCA8ABA3BF26B67F17AFDDB5D15F17FDDF47FFD1E8AF8FFE1FA29F15FD3FC67676FCF9635173A2BF21B6FF1C3537FA7F89EDBCA88F47FFAFF9FA477D22BEE7DF627B53D427A3BF39B6F3A33E15FD82D87E3A6A61F48B627B6B6CFF3DC70BE2FBFF23B6FF19755BF49F89ED7F45DD1EFD67730C20EABFA3BF23B6FF93FFB728FABB62FBB9A8BBCBAB842C8D5A16FDF2D8DE13DB15B15D9957F488BA376A75D4E7A3EE8B6A8BBA3FEA0B516BA2D6463D10F560FCDC8762BB2E6A7DF41B62FB70D423F1F31E8DEDFFC6F6F1D83E11B5B13C7BFA64D4FF456D8EDA12B535EAA9A86D799633EA99A8F6A867A33AA2BE18D519D555DE606847D4CEF8BB76C5F6F9A817E2EFD89D37078AFA5254FE9EDA97335845ED8BDA5F86BBFC05CA8351F9F97AE8F5FE7DAA93AF8642E5DF274557E919B7A1B678F162FF00953A854AB0AF9EBAE5965B1C93A75E1D2AC3FEC132FCEF2F1704DDE502616FB960D8532E205EC80545B9B0782E1719E562637BB9F8E82C17231DE5E2A4BD5CAC3C5D2E60B6960B9ACDE502E7C972C1930B9F27CA85D063E5A22817478FE462A95C34ADCF4554B9987AB05C5CAD2D175CF7970BB0FBCA05D9EA7281960BB595E5C2ADB55CC4E5626E592EEECA45DEDDB9E82B177F77E662B05C142E29178AB7E7C2B15C40DE960BCA7261B9B85C68DE1A754BB9F85C988BD17251FAA95CA4968BD54FE6E2B55CC47EA25CD87E3C17BAE582776E2E80CB85F09C5C18970BE47F2A17CBB372F19C8BE85C4CE7A2FA28AFE9B3F19CFC6FF970F97A3A63CFFFABAFAFDF3FD467ECD7AD5B97678BF20D66BA52AAA6EB481F3AF941FFE9F8E0C9B3C2D305FBEA3A639F57CE88D7E6CA786DA6455D11FDDFC6F6F2785FBE2CFA0F457F69F497443F35C701722C20C703724C20C705CAB1818BCAAB714CCAD1821C31C8518372E4A0314710CA51840F449D5F8E2734E4B8428E2DE4F8428E31E438438E35E4784339E6706E8E3EE408448E42E448448E46E488448E4AE4C8448E4EE40845F47F568E539C91E315396691E316397691E317398691E3183996518E67BC2747367274234738729423473A72B423473C72D423473EA2FF9572FCE35D390E926321391E926322392E926323393E926324E538C95B73C424474D72E424474F72042547517224254753724425FA1F2DC755DE9CE32B39C692E32C39D692E32D39E692E32E39F692E32F390A932331391A932332392A932333393A932334394A932335395AD3D8D8F875E598CD1B73EC26C76F249C9372DC714D1EFBF95A573CC78C3D5F356EDCB8ED2762C63EDED03AED7D38F93F74CCD89BB1078EFB3DF6BE5CDCF67E6F2D9FE3AA387CD5840913960EF55571D6AC59D33D62C4883BEC7D38F93F74047BC11EE8F77BEC6B9E2CA9E43AF6BC4204EC0FCE9B376FDF5006FBB973E76E7540C0A9F1A123D80BF6C0E071E7595E75408C1F3F7EF750DE79F6FCF3CFEF7440C0A943B017EC81C153FE82F0E1C0BD60C18241C96E8B162DAA0CF5ABECF52AD6D0D070EFDAB56B8724D93FF8E0835F8C0370B5BD0E82BD12EC810109F667F784EE3C6B3FD0BF449B3F2F7F6EC5BD4AEAEDF52A3F20264E9CB86328CEDA3736366E76408060AF047B60E0E4653E7B82F7E4C99307ECD2977989CBA953A7BEE26CFDEB8D5F52056225B6F2B6DB6E7B6E3043FDADB7DE9A37F5B8D7010182BD12EC81010DF6A795F71A381CC0A74F9F7EDCE13E43FDCC99332B437DDEEBE06DF6768D1C10A3468DDAB971E3C641396DBF79F3E61D23468CE874408060AF047B60E0E5BD207A7E91B6E7CC7D7FC772F2FB7A9DA93782538B07C4D8B163B77775750D68B8EFECEC7C21160DCF3A2040B057823D3078F2467095E13E67E3F3176AF3AA36C77AF59BFC45D9CA99FAACBC799DBD5BA307C49831633A1F7FFCF13D0311EA9F7CF2C96DF5F5F5ED0E0810EC95600F0CBE3C511BB5AB32986750CFEBDCE74DACF26C7CCF984E8EDBE41D65F3E653B367CF2E1A1A1A7ADF78704F66437BB5C60F88E1C387EF5CB870E1C6E3F985DAF9F3E7AFCAF11B070408F602B5600F0C9D1CB1AEBC0C663F6B9511EA93EC80183B76EC96FBEFBF7F4B5F027D5B5BDBBAF8BE0D0E0840B017EC81139AE7CE2903FE8B7D09F47952D6C54E4EE2032267E467CC98F185D6D6D6879F09DD21437C6C9EEFE8E8787AD5AA556D575F7D756B3CEF29070420D80BF640F5C81B92469E6B8A7CB6386A4B547719E273FB74D492A8296E20EA8070400082BD600F008060AF047B0000047B25D8030020D80BF6000020D80BF6000008F64AB0070040B057823D000082BD600F000082BD600F008060AF047B0000047B25D8030020D80BF6000020D80BF6000008F64AB0070040B057823D000082BD12EC010010EC057B0000047B25D8030020D82BC11E0000C15E09F6000008F6823D000082BD402DD8030050E3962D5B2650574F7547B07FD1510900409FAD5CB9B2A3ABAB4BA8AE826A6F6FBF2582FD638E4A0000FA6CF9F2E5EF6F6D6D7DBEB3B3F3CBC2F5893B539FA17EE9D2A54F459DE3A80400A05F224CBEAFA5A5654D8E81E48CB71AF2CAFDFE98500F000000000000000000000000000000000000000000000000000040BF7C059D0FF114A380407D0000000049454E44AE426082, 1);
INSERT INTO `act_ge_bytearray` VALUES ('2', 3, 'source', NULL, 0x7B227265736F757263654964223A2231222C2270726F70657274696573223A7B2270726F636573735F6964223A224C65617665222C226E616D65223A22E8AFB7E58187E5AE9EE4BE8B222C22646F63756D656E746174696F6E223A22222C2270726F636573735F617574686F72223A22627920656E7466726D222C2270726F636573735F76657273696F6E223A22222C2270726F636573735F6E616D657370616365223A22687474703A2F2F7777772E61637469766974692E6F72672F70726F63657373646566222C22657865637574696F6E6C697374656E657273223A22222C226576656E746C697374656E657273223A22222C227369676E616C646566696E6974696F6E73223A22222C226D657373616765646566696E6974696F6E73223A22227D2C227374656E63696C223A7B226964223A2242504D4E4469616772616D227D2C226368696C64536861706573223A5B7B227265736F757263654964223A227369642D35314544324646352D383836342D343946332D414646422D304346413343363946463943222C2270726F70657274696573223A7B226F766572726964656964223A22222C226E616D65223A22E5BC80E5A78BE4BA8BE4BBB6222C22646F63756D656E746174696F6E223A22222C22657865637574696F6E6C697374656E657273223A22222C22696E69746961746F72223A22222C22666F726D6B6579646566696E6974696F6E223A22222C22666F726D70726F70657274696573223A22227D2C227374656E63696C223A7B226964223A2253746172744E6F6E654576656E74227D2C226368696C64536861706573223A5B5D2C226F7574676F696E67223A5B7B227265736F757263654964223A227369642D39383741373230372D423735452D344138362D424145452D384245373033463237313931227D5D2C22626F756E6473223A7B226C6F7765725269676874223A7B2278223A3138302C2279223A3135337D2C2275707065724C656674223A7B2278223A3135302C2279223A3132337D7D2C22646F636B657273223A5B5D7D2C7B227265736F757263654964223A227369642D32463438433933422D343143302D344638302D394546322D443232343635313336423537222C2270726F70657274696573223A7B227461736B6C697374656E657273223A22222C226F766572726964656964223A22222C226E616D65223A22E5B08FE78B97E5AEA1E689B9222C22646F63756D656E746174696F6E223A22222C226173796E6368726F6E6F7573646566696E6974696F6E223A2266616C7365222C226578636C7573697665646566696E6974696F6E223A2266616C7365222C22657865637574696F6E6C697374656E657273223A22222C226D756C7469696E7374616E63655F74797065223A224E6F6E65222C226D756C7469696E7374616E63655F63617264696E616C697479223A22222C226D756C7469696E7374616E63655F636F6C6C656374696F6E223A22222C226D756C7469696E7374616E63655F7661726961626C65223A22222C226D756C7469696E7374616E63655F636F6E646974696F6E223A22222C226973666F72636F6D70656E736174696F6E223A2266616C7365222C22757365727461736B61737369676E6D656E74223A7B2261737369676E6D656E74223A7B2261737369676E6565223A22E5B08FE78B97227D7D2C22666F726D6B6579646566696E6974696F6E223A22666F726D31222C2264756564617465646566696E6974696F6E223A22222C227072696F72697479646566696E6974696F6E223A22222C22666F726D70726F70657274696573223A22227D2C227374656E63696C223A7B226964223A22557365725461736B227D2C226368696C64536861706573223A5B5D2C226F7574676F696E67223A5B7B227265736F757263654964223A227369642D42424237373031352D393642352D344234452D414242452D343238433939464134423930227D5D2C22626F756E6473223A7B226C6F7765725269676874223A7B2278223A3337302C2279223A3137387D2C2275707065724C656674223A7B2278223A3237302C2279223A39387D7D2C22646F636B657273223A5B5D7D2C7B227265736F757263654964223A227369642D39383741373230372D423735452D344138362D424145452D384245373033463237313931222C2270726F70657274696573223A7B226F766572726964656964223A22222C226E616D65223A22222C22646F63756D656E746174696F6E223A22222C22636F6E646974696F6E73657175656E6365666C6F77223A22222C22657865637574696F6E6C697374656E657273223A22222C2264656661756C74666C6F77223A2266616C7365227D2C227374656E63696C223A7B226964223A2253657175656E6365466C6F77227D2C226368696C64536861706573223A5B5D2C226F7574676F696E67223A5B7B227265736F757263654964223A227369642D32463438433933422D343143302D344638302D394546322D443232343635313336423537227D5D2C22626F756E6473223A7B226C6F7765725269676874223A7B2278223A3236392E333531353632352C2279223A3133387D2C2275707065724C656674223A7B2278223A3138302E35333132352C2279223A3133387D7D2C22646F636B657273223A5B7B2278223A31352C2279223A31357D2C7B2278223A35302C2279223A34307D5D2C22746172676574223A7B227265736F757263654964223A227369642D32463438433933422D343143302D344638302D394546322D443232343635313336423537227D7D2C7B227265736F757263654964223A227369642D45364437464434462D444339312D343943342D423631372D443836323236373130453042222C2270726F70657274696573223A7B227461736B6C697374656E657273223A22222C226F766572726964656964223A22222C226E616D65223A22E5B08FE58FAFE788B1E5AEA1E689B9222C22646F63756D656E746174696F6E223A22222C226173796E6368726F6E6F7573646566696E6974696F6E223A2266616C7365222C226578636C7573697665646566696E6974696F6E223A2266616C7365222C22657865637574696F6E6C697374656E657273223A22222C226D756C7469696E7374616E63655F74797065223A224E6F6E65222C226D756C7469696E7374616E63655F63617264696E616C697479223A22222C226D756C7469696E7374616E63655F636F6C6C656374696F6E223A22222C226D756C7469696E7374616E63655F7661726961626C65223A22222C226D756C7469696E7374616E63655F636F6E646974696F6E223A22222C226973666F72636F6D70656E736174696F6E223A2266616C7365222C22757365727461736B61737369676E6D656E74223A7B2261737369676E6D656E74223A7B2261737369676E6565223A22E5B08FE58FAFE788B1227D7D2C22666F726D6B6579646566696E6974696F6E223A22222C2264756564617465646566696E6974696F6E223A22222C227072696F72697479646566696E6974696F6E223A22222C22666F726D70726F70657274696573223A22227D2C227374656E63696C223A7B226964223A22557365725461736B227D2C226368696C64536861706573223A5B5D2C226F7574676F696E67223A5B7B227265736F757263654964223A227369642D35313843373738332D304531312D344645322D424145462D434643433238423541353841227D5D2C22626F756E6473223A7B226C6F7765725269676874223A7B2278223A3536302C2279223A3137387D2C2275707065724C656674223A7B2278223A3436302C2279223A39387D7D2C22646F636B657273223A5B5D7D2C7B227265736F757263654964223A227369642D42424237373031352D393642352D344234452D414242452D343238433939464134423930222C2270726F70657274696573223A7B226F766572726964656964223A22222C226E616D65223A22222C22646F63756D656E746174696F6E223A22222C22636F6E646974696F6E73657175656E6365666C6F77223A22222C22657865637574696F6E6C697374656E657273223A22222C2264656661756C74666C6F77223A2266616C7365227D2C227374656E63696C223A7B226964223A2253657175656E6365466C6F77227D2C226368696C64536861706573223A5B5D2C226F7574676F696E67223A5B7B227265736F757263654964223A227369642D45364437464434462D444339312D343943342D423631372D443836323236373130453042227D5D2C22626F756E6473223A7B226C6F7765725269676874223A7B2278223A3435392E323733343337352C2279223A3133387D2C2275707065724C656674223A7B2278223A3337302E373236353632352C2279223A3133387D7D2C22646F636B657273223A5B7B2278223A35302C2279223A34307D2C7B2278223A35302C2279223A34307D5D2C22746172676574223A7B227265736F757263654964223A227369642D45364437464434462D444339312D343943342D423631372D443836323236373130453042227D7D2C7B227265736F757263654964223A227369642D38444136344337332D434437322D343534312D383135442D353135433041334441373544222C2270726F70657274696573223A7B226F766572726964656964223A22222C226E616D65223A22E7BB93E69D9FE4BA8BE4BBB6222C22646F63756D656E746174696F6E223A22222C22657865637574696F6E6C697374656E657273223A22227D2C227374656E63696C223A7B226964223A22456E644E6F6E654576656E74227D2C226368696C64536861706573223A5B5D2C226F7574676F696E67223A5B5D2C22626F756E6473223A7B226C6F7765725269676874223A7B2278223A3637332C2279223A3135327D2C2275707065724C656674223A7B2278223A3634352C2279223A3132347D7D2C22646F636B657273223A5B5D7D2C7B227265736F757263654964223A227369642D35313843373738332D304531312D344645322D424145462D434643433238423541353841222C2270726F70657274696573223A7B226F766572726964656964223A22222C226E616D65223A22222C22646F63756D656E746174696F6E223A22222C22636F6E646974696F6E73657175656E6365666C6F77223A22222C22657865637574696F6E6C697374656E657273223A22222C2264656661756C74666C6F77223A2266616C7365227D2C227374656E63696C223A7B226964223A2253657175656E6365466C6F77227D2C226368696C64536861706573223A5B5D2C226F7574676F696E67223A5B7B227265736F757263654964223A227369642D38444136344337332D434437322D343534312D383135442D353135433041334441373544227D5D2C22626F756E6473223A7B226C6F7765725269676874223A7B2278223A3634342E30333132352C2279223A3133387D2C2275707065724C656674223A7B2278223A3536302E34373236353632352C2279223A3133387D7D2C22646F636B657273223A5B7B2278223A35302C2279223A34307D2C7B2278223A31342C2279223A31347D5D2C22746172676574223A7B227265736F757263654964223A227369642D38444136344337332D434437322D343534312D383135442D353135433041334441373544227D7D5D2C22626F756E6473223A7B226C6F7765725269676874223A7B2278223A313230302C2279223A313035307D2C2275707065724C656674223A7B2278223A302C2279223A307D7D2C227374656E63696C736574223A7B2275726C223A227374656E63696C736574732F62706D6E322E302F62706D6E322E302E6A736F6E222C226E616D657370616365223A22687474703A2F2F62336D6E2E6F72672F7374656E63696C7365742F62706D6E322E3023227D2C227373657874656E73696F6E73223A5B5D7D, NULL);
INSERT INTO `act_ge_bytearray` VALUES ('2510', 1, '请假实例.bpmn20.xml', '2509', 0x3C3F786D6C2076657273696F6E3D22312E302220656E636F64696E673D225554462D38223F3E0A3C646566696E6974696F6E7320786D6C6E733D22687474703A2F2F7777772E6F6D672E6F72672F737065632F42504D4E2F32303130303532342F4D4F44454C2220786D6C6E733A7873693D22687474703A2F2F7777772E77332E6F72672F323030312F584D4C536368656D612D696E7374616E63652220786D6C6E733A7873643D22687474703A2F2F7777772E77332E6F72672F323030312F584D4C536368656D612220786D6C6E733A61637469766974693D22687474703A2F2F61637469766974692E6F72672F62706D6E2220786D6C6E733A62706D6E64693D22687474703A2F2F7777772E6F6D672E6F72672F737065632F42504D4E2F32303130303532342F44492220786D6C6E733A6F6D6764633D22687474703A2F2F7777772E6F6D672E6F72672F737065632F44442F32303130303532342F44432220786D6C6E733A6F6D6764693D22687474703A2F2F7777772E6F6D672E6F72672F737065632F44442F32303130303532342F44492220747970654C616E67756167653D22687474703A2F2F7777772E77332E6F72672F323030312F584D4C536368656D61222065787072657373696F6E4C616E67756167653D22687474703A2F2F7777772E77332E6F72672F313939392F585061746822207461726765744E616D6573706163653D22687474703A2F2F7777772E61637469766974692E6F72672F70726F63657373646566223E0A20203C70726F636573732069643D224C6561766522206E616D653D22E8AFB7E58187E5AE9EE4BE8B2220697345786563757461626C653D2274727565223E0A202020203C73746172744576656E742069643D227369642D35314544324646352D383836342D343946332D414646422D30434641334336394646394322206E616D653D22E5BC80E5A78BE4BA8BE4BBB6223E3C2F73746172744576656E743E0A202020203C757365725461736B2069643D227369642D32463438433933422D343143302D344638302D394546322D44323234363531333642353722206E616D653D22E5B08FE78B97E5AEA1E689B9222061637469766974693A61737369676E65653D22E5B08FE78B97222061637469766974693A666F726D4B65793D22666F726D31223E3C2F757365725461736B3E0A202020203C73657175656E6365466C6F772069643D227369642D39383741373230372D423735452D344138362D424145452D3842453730334632373139312220736F757263655265663D227369642D35314544324646352D383836342D343946332D414646422D30434641334336394646394322207461726765745265663D227369642D32463438433933422D343143302D344638302D394546322D443232343635313336423537223E3C2F73657175656E6365466C6F773E0A202020203C757365725461736B2069643D227369642D45364437464434462D444339312D343943342D423631372D44383632323637313045304222206E616D653D22E5B08FE58FAFE788B1E5AEA1E689B9222061637469766974693A61737369676E65653D22E5B08FE58FAFE788B1223E3C2F757365725461736B3E0A202020203C73657175656E6365466C6F772069643D227369642D42424237373031352D393642352D344234452D414242452D3432384339394641344239302220736F757263655265663D227369642D32463438433933422D343143302D344638302D394546322D44323234363531333642353722207461726765745265663D227369642D45364437464434462D444339312D343943342D423631372D443836323236373130453042223E3C2F73657175656E6365466C6F773E0A202020203C656E644576656E742069643D227369642D38444136344337332D434437322D343534312D383135442D35313543304133444137354422206E616D653D22E7BB93E69D9FE4BA8BE4BBB6223E3C2F656E644576656E743E0A202020203C73657175656E6365466C6F772069643D227369642D35313843373738332D304531312D344645322D424145462D4346434332384235413538412220736F757263655265663D227369642D45364437464434462D444339312D343943342D423631372D44383632323637313045304222207461726765745265663D227369642D38444136344337332D434437322D343534312D383135442D353135433041334441373544223E3C2F73657175656E6365466C6F773E0A20203C2F70726F636573733E0A20203C62706D6E64693A42504D4E4469616772616D2069643D2242504D4E4469616772616D5F4C65617665223E0A202020203C62706D6E64693A42504D4E506C616E652062706D6E456C656D656E743D224C65617665222069643D2242504D4E506C616E655F4C65617665223E0A2020202020203C62706D6E64693A42504D4E53686170652062706D6E456C656D656E743D227369642D35314544324646352D383836342D343946332D414646422D304346413343363946463943222069643D2242504D4E53686170655F7369642D35314544324646352D383836342D343946332D414646422D304346413343363946463943223E0A20202020202020203C6F6D6764633A426F756E6473206865696768743D2233302E30222077696474683D2233302E302220783D223135302E302220793D223132332E30223E3C2F6F6D6764633A426F756E64733E0A2020202020203C2F62706D6E64693A42504D4E53686170653E0A2020202020203C62706D6E64693A42504D4E53686170652062706D6E456C656D656E743D227369642D32463438433933422D343143302D344638302D394546322D443232343635313336423537222069643D2242504D4E53686170655F7369642D32463438433933422D343143302D344638302D394546322D443232343635313336423537223E0A20202020202020203C6F6D6764633A426F756E6473206865696768743D2238302E30222077696474683D223130302E302220783D223237302E302220793D2239382E30223E3C2F6F6D6764633A426F756E64733E0A2020202020203C2F62706D6E64693A42504D4E53686170653E0A2020202020203C62706D6E64693A42504D4E53686170652062706D6E456C656D656E743D227369642D45364437464434462D444339312D343943342D423631372D443836323236373130453042222069643D2242504D4E53686170655F7369642D45364437464434462D444339312D343943342D423631372D443836323236373130453042223E0A20202020202020203C6F6D6764633A426F756E6473206865696768743D2238302E30222077696474683D223130302E302220783D223436302E302220793D2239382E30223E3C2F6F6D6764633A426F756E64733E0A2020202020203C2F62706D6E64693A42504D4E53686170653E0A2020202020203C62706D6E64693A42504D4E53686170652062706D6E456C656D656E743D227369642D38444136344337332D434437322D343534312D383135442D353135433041334441373544222069643D2242504D4E53686170655F7369642D38444136344337332D434437322D343534312D383135442D353135433041334441373544223E0A20202020202020203C6F6D6764633A426F756E6473206865696768743D2232382E30222077696474683D2232382E302220783D223634352E302220793D223132342E30223E3C2F6F6D6764633A426F756E64733E0A2020202020203C2F62706D6E64693A42504D4E53686170653E0A2020202020203C62706D6E64693A42504D4E456467652062706D6E456C656D656E743D227369642D39383741373230372D423735452D344138362D424145452D384245373033463237313931222069643D2242504D4E456467655F7369642D39383741373230372D423735452D344138362D424145452D384245373033463237313931223E0A20202020202020203C6F6D6764693A776179706F696E7420783D223138302E302220793D223133382E30223E3C2F6F6D6764693A776179706F696E743E0A20202020202020203C6F6D6764693A776179706F696E7420783D223237302E302220793D223133382E30223E3C2F6F6D6764693A776179706F696E743E0A2020202020203C2F62706D6E64693A42504D4E456467653E0A2020202020203C62706D6E64693A42504D4E456467652062706D6E456C656D656E743D227369642D42424237373031352D393642352D344234452D414242452D343238433939464134423930222069643D2242504D4E456467655F7369642D42424237373031352D393642352D344234452D414242452D343238433939464134423930223E0A20202020202020203C6F6D6764693A776179706F696E7420783D223337302E302220793D223133382E30223E3C2F6F6D6764693A776179706F696E743E0A20202020202020203C6F6D6764693A776179706F696E7420783D223436302E302220793D223133382E30223E3C2F6F6D6764693A776179706F696E743E0A2020202020203C2F62706D6E64693A42504D4E456467653E0A2020202020203C62706D6E64693A42504D4E456467652062706D6E456C656D656E743D227369642D35313843373738332D304531312D344645322D424145462D434643433238423541353841222069643D2242504D4E456467655F7369642D35313843373738332D304531312D344645322D424145462D434643433238423541353841223E0A20202020202020203C6F6D6764693A776179706F696E7420783D223536302E302220793D223133382E30223E3C2F6F6D6764693A776179706F696E743E0A20202020202020203C6F6D6764693A776179706F696E7420783D223634352E302220793D223133382E30223E3C2F6F6D6764693A776179706F696E743E0A2020202020203C2F62706D6E64693A42504D4E456467653E0A202020203C2F62706D6E64693A42504D4E506C616E653E0A20203C2F62706D6E64693A42504D4E4469616772616D3E0A3C2F646566696E6974696F6E733E, 0);
INSERT INTO `act_ge_bytearray` VALUES ('2511', 1, '请假实例.Leave.png', '2509', 0x89504E470D0A1A0A0000000D49484452000002AB000000BC08060000005F57E7FB00000FD14944415478DAEDDD7F8895F59E07F0A0A28D88088A08160A365AFFEEAF8DB69020222ABAD18FB19929650AA7BC69A645714D742B49FB65B51B5B21DD122F1612E6BAAED6CCA869A66C59EAB5ECEAE68FCC1F8DDB7ACD9BE3A4F9ECF339CC238FC7199D1FE7D7E8EB055F9C997366460EEF33EFEFF99EEFF33C679C010000000000000000000000000000000000000000000000000000000000000000000000000000000000000000000000000000000000000000000000000000000000000000000000000000000000000000000000000000000000000000000000000000000000000000000000000000000000000000000000000000000000000000000000000000000000000000000000000000000000000000000000000000000000000000000000000000000000000000000000000000000000000000000000000000000000000000000000000000000000000000000000000000000000000000000000000000000000000000000000000000000000000000000000000000000000000000259524C9599B376F9EB36AD5AADFDADADA92969616A3C2A3B5B53559B66CD9FFA6A35122E55EEE0120270A7BF9F2E5497B7B7BD2D9D9695469ECD9B327F9E4934FF6A5057EA754CABDDC034097585952D83553DC9D2D2D2D1BA452EEE51E00BAC45BA00AB376465ADA87A452EEE51E00BAC4DE31655953A59D48A5DCCB3D00F4B1B4FFF6D75DC9E6CFFF987CDDFA7461C4C7F13545ABB4E5DE907B00AA5ADAFBF7EE48D67F343159BBE0F163467C2D6E53B64A5BEE0DB907A06AA5BDFDEBFF38AEB0B3F1C3D7F395ADD2967B43EE01A85E696F5832ADC7D28EDB94ADD2967B43EE01A85A69AF6F99DC6369C76DCA5669CBBD21F700286DA58DDCCB3D004ABB78C451D03D9576DCA66C95B6DC1B720F40D54A7BD38A7FEBB1B4E33665ABB4E5DE907B00AA56DA3FED5897ACFF78D2F16F85A65F8BDB94ADD2967B43EE01A85A69C7D8F2C5CCE34A3BBEA66895B6DC1B720F40754BFBE0C164D367FF7EFC5BA1E9D7E23665ABB4E5DE907B00AA52DA71A59E8D2BFEB5C7BD7B719BABF9286DB937E41E80CA96F6C183C9AE4D8B933F2FFA438F859D8DB84FDCD76A93D2967B43EE01287B699F6C55C96A93D2967BB9977B00AA56DABD59553AD16A93F255DA726FC83D00652BEDFE16763694AFD2967B43EE01285B691B4A5BEE0DB90740691B4A5BEE0DB90740692B6DE45EEE0150DA86D2967B43EE815A9424C9DFAD5BB7AEF9DD77DFFD64EAD4A9FBC68C197368C48811C9B061C392C6C6C6230F3DF450E7840913364F9B366D563AFED123A6B40DA52DF786DC57574343C3DFD7D5D53D9C76F59C746C4AC7FEE8ED7474A4634B7ADBDCF4DFC7E27E1E2D06F524F5830F3E98F9CC33CF1C1A3B766CF2E69B6F26AB56AD4A76ECD8917474742421FE6D6F6F4F56AF5E9DA493D9E491471E39F2E8A38F6E1D3972E4031E41A56D286DB937E4BEB2EEB9E79EDFA5A3251D9D5D93D3DE8C25E9FD1B3D7A0C2AE9A4B4E9D9679F3DF8F8E38F1726A2870F1F4E7A6BCD9A35C9934F3E79B8B9B979C35D77DD75854753691B4A5BEEE59EF24A279C97A713CE457D98A0763796EB6D06C36AEA59F3E6CD5BFCE0830F26F3E7CFEFD324B5D8A2458B92A6A6A603565995B6A1B4E55EEE299FBABABA61F5F5F5FF979F7836343424CF3DF75CB278F1E2E4FBEFBF4F7EFEF9E74237FFF2CB2F85774857AC58914C9F3E3DB9F7DE7B8B27ACFBADB252D313D5A54B97FEF7E8D1A3938D1B3726A5B075EBD6249DF81E78E081077EEF1156DA4A5B69CBBDDC53F289EA2DE9E4F2707E923A6BD6ACC216BDDED8BB776FE1FEF17DF9496BFA332D34517B62453526AABD0D786FC5CF1B3972A4576A4A5B692B6DB9977B4ABCA29A9FA88E1B37AEB08ADA1FF17DB1F5AF68C2AAB7A91DB14735DEFA2FD58A6A772BACF7DD77DFDE34F8433CDA4A5B6923F772CFC0C41ED5FC5BFF93264D3AFA567F7FC516812953A6146F09D0DB545F1CF5FFF4D34F77C61ED5725AB060C181868686951E71A5ADB4917BB96760D2896A6B7E4575A013D5FC84B5688575B9479BAA9B3B77EE9F2298BFFEFA6B526EA3468DDAED6D05A5ADB4917BB9A7FFE2F454F93DAAFD7DEBFF445B02F27B58F536555F558DF3A8C6E9A92A61EDDAB59D565795B6D246EEE59E014D565BB289641C1C550EB367CFB6BA4A6D882B53C54155033945555F353535ED8EBD361EFD81FDA14AC73F2B6DA52DF7722FF7A757C6E38A53D94155B1FAF9D34F3F95A5ABE32C0145A7B5D2DB54475C4275C68C1949254D9F3E7D4D5CE2CDA3DF7FB9B7665AEAEAEAFE49692B6DB9977BB93F3D32DE7509D5C2FD9E7FFEF972F7757EB2AAB7A98EA953A7EE8B4BA856D2679F7DB6350DFD7C8FFEC0FFA0E5C6C2EE5E8D2B6DA52DF786DC9F5A194FBF3627BB7DE9D2A565EDEBB87040EEFFA2B7A98E3163C61CDAB56B574527ABBB77EF6E4F43BFDDA35FD23F68475F8DE7FFB0296DA52DF786DC9F5A194F3FDF947DBDD40756158B2B5DE5FE1F7A9BEA18316244D2D1D151D1C9EA575F7D95D4D5D51D4A833FD9E8F738E1F59DD3C737FE98CD50DAB533D6AE5D9B4C9B362D915DB9977B638019FF35FBBC54A7AB3AD169AC72BFBFC3AC89AABD8AABB43973E624277B421AA519A77269C7E6FFC1F4FF7DEFBDF76452EE4FBBE783DC97775442FEF799355115C3870F3F52E995D5D5AB57C7153762657592D1EFD1D31FAF1DE9F853FAEAFB5FE27ED52AEDC8D4D9679F9D7CFBEDB73DDEE78B2FBE4876EEDC59F8B8ADAD2DB687144E6CBD69D3A65EFDFCEBAFBF3ED9B3674F8FF789DB2EBCF0C2C2CF8BFB37353525DBB66D2BDC76EBADB7167E5FA55798E26008D91DFCB9EF4DBE4B35F6EDDB57787EBCFFFEFB3D3E376AF9F920F765C978A795554E2BA3478FEEACF49ED57482F2177B5F4ABEAFE9F3F48FD82D43870E3D2B7FBF6AAE30A5BFFE84B7AF59B3A650B0EFBCF34E72C30D37143EBFEEBAEB8E2BEAECE373CF3D3739FFFCF30BE3A28B2E3AE6E328E1F838EE932FF0FCFFA1A78FEDDD93FB52E7FBD24B2F4D2EB9E492E4B2CB2EEB765C70C10585DB23B3D9F7C45959CE3BEFBCC26D91E91837DE786372C71D772437DD745372CD35D714CEA739189F0F725FDA8CDBB3CA6967E2C4899B2A7D36808F3EFAE8BF1C5558B23F682BE34A26C5653D1826AB315E79E595E4CA2BAF2C7CFCF6DB6F17BEA778ECDFBFFFB89F17C51B9707CE56668B7F67DC7EA242CE3E8EEF3FD16A94D296FB81E4BBAFDF1B5BA41E7BECB1C2C7B11AF9C4134F14F27FFBEDB717563EB35C0FB6E783DC9736E3CE06C069E785175E9851E9F3AC4E9A346981F3B50DF80F5AB72B4AD59EACAE5FBF3EB9FBEEBB8F2BC3789B314E5C9DBFEFA851A3220BC99831639279F3E625D75E7BED312BA9312EBEF8E2A393D55855CA4A375B258AB7A8B2FBC6C76FBCF146E1E3DB6EBBED98096F7CBDB89CDF7AEBADC21FE0F8636CB22AF7A5CE77769FE2D1D364B5BBFBF6F4FD83EDF920F7A5CDB8F3AC72DA79EAA9A7FEE1E1871FFEAD8257B0EAA8AFAFFFCE95302AA3D293D5975F7EF9E85B95F9328CFF479AB363EEFBC30F3F14FE9D39736672CE39E76485764C29C75B9AD964352BE4DE147956DAF995A5EC3EB1F520FE5DB972A56D00725FB67C7737292DE56475303D1FE4BEB4E20A565DC77D94FD0A568D8D8D475CC18A9A306EDCB8FF59BD7A75A5B600CC728DE15377B21A7B4FBB7BCB3146ECBD8B83AA8A27ACF116E715575CD16D99E7F7F4F5A6D0BB9B00C46AD892254BEC5995FB8AE7BB2F93D59850C688839EE2EDFFEE8EF62F7EE761B03C1FE4BEF4E2BCABD924325E4095C3ECD9B3F3ABAA7A9BEABAFFFEFBEF1A3F7EFCA10AACAEEEADAFAFFF327D92357AD44FBDC9EADCB973932953A6F458805192F1567FF6F9962D5B0AE5BF7DFBF6A307821497791C70D253F9F7341188B17CF9F2C2DEBFF8DA8B2FBE58980098ACCA7D25F3DDD76D00D9183A7468B7DF17FB594FB4725BCBCF07B92FCB64F577D9443256574B7DA055FCBCB4AF8FE42E4AA0B7A9BEE6E6E675B141BF9C627F6CBC3A3BD97E3306DF64355648AFBAEAAA63F6ED75578071118A28FDF838FD435828F8F8F8CC33CF3CAEDCE3F3D81ED09F95A4D87717A7153AA317473F7FF3CD3726AB725FF27C171F7D9FBD53D0DDD7B3119382D8BF9DDF5210ABA9DD6D31184CCF07B92F8F342F4BB2C9649CF6AF54A7B18A15FEF1E3C71FCEAFAAEA6D6A25F4973735351DD8B871635926AAEBD6AD9B97FE8E5DE9ABB3211EED536FB21AA79D5AB870E1498F788E733CC68A6AF1E9A98A4B3CFB3CCE6599DFA317A7F0E9E9E7C7812FF9A3A57B2AE428EEF8387E6F4C3EAEBEFA6A9355B92F4BBEB3FDD627DBCB1A47E1C7BB0C7190537C1E2B9F13264C2864340E44CCF677179F5B75B03C1FE4BE7CBD9D8E3DD9A4320E581DE8843526AA53A64CC9EF53DDAFB7A9298D8D8D0DCDCDCDBFB4B7B79774A29AFEA1FDB4BEBE7E9BB7114EDDC96A7E4441C7E96FCEE8E55B8BAFBFFE7A61DF6A71B97FF7DD77C7ED59EDEBA983B215DB9840C4FDE3A8E83845561472ACDAC6F683F8DC6455EECB95EFE209669C822ACB65FE84FDD9DBFCF1F3E3E398BCC68BB59830C46AEDC94EDA5FCBCF07B92F9FBABABA61D9C156D90A6B7FB704C4F715ADA87AFB9FDAD4D0D0D03472E4C8FDA55A618D15D598A8A64FA8273DBAA7C76435269FB1776FECD8B127BD6FDC2F26AAD99574B211251A05DADD3EBDEC609428D7FCA97AF223F6C1C6CF9D3871E2D1B7367BFA59F6ACCA7DB9F25D3CE2346D37DF7C7361DF6877B7C72A6A5C5020B2FBEAABAF165EB0C569A662D23064C89063565207D3F341EECBBEC23A223F618D3DAC71D0551C94D7DBA3FEE360AAFC1ED5187A9B9A7FA5D6D8D8B8EFC30F3FFCDB000EBADAFBD24B2FFD31DEFA8F279247F5F499AC1A4A5BEE0DB9AF7C6FA7636F7EB21993D6380F6B5C3820564DB32D02F1A226AE4C155B405E7BEDB564F8F0E1BF155D356BBFDE66B0BC52BB3C7D95D5D6DCDCBCFBCB2FBF3CD097F3A87EFCF1C7B3D3C9EEE7B129DB5E17A56D286DB9977BA9AC4C6FE74F69D5CFA1B71994E1BF3326AD23468C689F3A75EAD79F7EFAE9B6F415D9AED87B150E1C38B07BE7CE9D7F696D6DFDCFC993272F4C5FC96D8EB0C7AB32470F2A6D4369CBBD21F795EFEDAE49EBA1BE4C52F536835E5C31230DFFD8AE6B126F49474757C0E3DFED71CDE0B8149B2B5C286D4369CBBD21F77A1B40692B6DE45EEE0150DA86D2967B43EE0150DA4A1BB9977B0094B6A1B4E5DE907B0094B6A1B4E5DE907B0094B6D246EEE51E00A56D286DB937E41E00A5ADB4917BB90740691B4A5BEE0DB90740691B4A5BEEE51E0094B6D246EEE51E00A56D286DB937E41E00A5ADB4917BB90740691B4A5BEE0DB90740692B6DA52DF7720F004A5B69CBBDBCC93D004ADB50DA726FC83D004A5B6923F7720F80D23694B6DC1B720F80D256DAC8BDDC0380D256DA726FC83D00B5ABADAD4D59D6CEE8484BFB9054CABDDC03409765CB96ED6A6F6F5798353076ECD8F15E5ADA1BA452EEE51E00BA2C5EBCF8B6A54B97FEF5C71F7F3CA038ABB7B21485DDDADABA2D1D774AA5DCCB3D00E4A445714B4B4BCBE7F1565CEC1D332A3EE271DFA0B0E55EEE010000000000000000000000000000000000000000000000E897FF07B072271F5E441E220000000049454E44AE426082, 1);
INSERT INTO `act_ge_bytearray` VALUES ('3', 1, 'source-extra', NULL, '', NULL);
INSERT INTO `act_ge_bytearray` VALUES ('5', 1, '请假实例.bpmn20.xml', '4', 0x3C3F786D6C2076657273696F6E3D22312E302220656E636F64696E673D225554462D38223F3E0A3C646566696E6974696F6E7320786D6C6E733D22687474703A2F2F7777772E6F6D672E6F72672F737065632F42504D4E2F32303130303532342F4D4F44454C2220786D6C6E733A7873693D22687474703A2F2F7777772E77332E6F72672F323030312F584D4C536368656D612D696E7374616E63652220786D6C6E733A7873643D22687474703A2F2F7777772E77332E6F72672F323030312F584D4C536368656D612220786D6C6E733A61637469766974693D22687474703A2F2F61637469766974692E6F72672F62706D6E2220786D6C6E733A62706D6E64693D22687474703A2F2F7777772E6F6D672E6F72672F737065632F42504D4E2F32303130303532342F44492220786D6C6E733A6F6D6764633D22687474703A2F2F7777772E6F6D672E6F72672F737065632F44442F32303130303532342F44432220786D6C6E733A6F6D6764693D22687474703A2F2F7777772E6F6D672E6F72672F737065632F44442F32303130303532342F44492220747970654C616E67756167653D22687474703A2F2F7777772E77332E6F72672F323030312F584D4C536368656D61222065787072657373696F6E4C616E67756167653D22687474703A2F2F7777772E77332E6F72672F313939392F585061746822207461726765744E616D6573706163653D22687474703A2F2F7777772E61637469766974692E6F72672F70726F63657373646566223E0A20203C70726F636573732069643D224C6561766522206E616D653D22E8AFB7E58187E5AE9EE4BE8B2220697345786563757461626C653D2274727565223E0A202020203C73746172744576656E742069643D227369642D35314544324646352D383836342D343946332D414646422D30434641334336394646394322206E616D653D22E5BC80E5A78BE4BA8BE4BBB6223E3C2F73746172744576656E743E0A202020203C757365725461736B2069643D227369642D32463438433933422D343143302D344638302D394546322D44323234363531333642353722206E616D653D22E5B08FE78B97E5AEA1E689B9222061637469766974693A61737369676E65653D22E5B08FE78B97223E3C2F757365725461736B3E0A202020203C73657175656E6365466C6F772069643D227369642D39383741373230372D423735452D344138362D424145452D3842453730334632373139312220736F757263655265663D227369642D35314544324646352D383836342D343946332D414646422D30434641334336394646394322207461726765745265663D227369642D32463438433933422D343143302D344638302D394546322D443232343635313336423537223E3C2F73657175656E6365466C6F773E0A202020203C757365725461736B2069643D227369642D45364437464434462D444339312D343943342D423631372D44383632323637313045304222206E616D653D22E5B08FE58FAFE788B1E5AEA1E689B9222061637469766974693A61737369676E65653D22E5B08FE58FAFE788B1223E3C2F757365725461736B3E0A202020203C73657175656E6365466C6F772069643D227369642D42424237373031352D393642352D344234452D414242452D3432384339394641344239302220736F757263655265663D227369642D32463438433933422D343143302D344638302D394546322D44323234363531333642353722207461726765745265663D227369642D45364437464434462D444339312D343943342D423631372D443836323236373130453042223E3C2F73657175656E6365466C6F773E0A202020203C656E644576656E742069643D227369642D38444136344337332D434437322D343534312D383135442D35313543304133444137354422206E616D653D22E7BB93E69D9FE4BA8BE4BBB6223E3C2F656E644576656E743E0A202020203C73657175656E6365466C6F772069643D227369642D35313843373738332D304531312D344645322D424145462D4346434332384235413538412220736F757263655265663D227369642D45364437464434462D444339312D343943342D423631372D44383632323637313045304222207461726765745265663D227369642D38444136344337332D434437322D343534312D383135442D353135433041334441373544223E3C2F73657175656E6365466C6F773E0A20203C2F70726F636573733E0A20203C62706D6E64693A42504D4E4469616772616D2069643D2242504D4E4469616772616D5F4C65617665223E0A202020203C62706D6E64693A42504D4E506C616E652062706D6E456C656D656E743D224C65617665222069643D2242504D4E506C616E655F4C65617665223E0A2020202020203C62706D6E64693A42504D4E53686170652062706D6E456C656D656E743D227369642D35314544324646352D383836342D343946332D414646422D304346413343363946463943222069643D2242504D4E53686170655F7369642D35314544324646352D383836342D343946332D414646422D304346413343363946463943223E0A20202020202020203C6F6D6764633A426F756E6473206865696768743D2233302E30222077696474683D2233302E302220783D223135302E302220793D223132332E30223E3C2F6F6D6764633A426F756E64733E0A2020202020203C2F62706D6E64693A42504D4E53686170653E0A2020202020203C62706D6E64693A42504D4E53686170652062706D6E456C656D656E743D227369642D32463438433933422D343143302D344638302D394546322D443232343635313336423537222069643D2242504D4E53686170655F7369642D32463438433933422D343143302D344638302D394546322D443232343635313336423537223E0A20202020202020203C6F6D6764633A426F756E6473206865696768743D2238302E30222077696474683D223130302E302220783D223237302E302220793D2239382E30223E3C2F6F6D6764633A426F756E64733E0A2020202020203C2F62706D6E64693A42504D4E53686170653E0A2020202020203C62706D6E64693A42504D4E53686170652062706D6E456C656D656E743D227369642D45364437464434462D444339312D343943342D423631372D443836323236373130453042222069643D2242504D4E53686170655F7369642D45364437464434462D444339312D343943342D423631372D443836323236373130453042223E0A20202020202020203C6F6D6764633A426F756E6473206865696768743D2238302E30222077696474683D223130302E302220783D223436302E302220793D2239382E30223E3C2F6F6D6764633A426F756E64733E0A2020202020203C2F62706D6E64693A42504D4E53686170653E0A2020202020203C62706D6E64693A42504D4E53686170652062706D6E456C656D656E743D227369642D38444136344337332D434437322D343534312D383135442D353135433041334441373544222069643D2242504D4E53686170655F7369642D38444136344337332D434437322D343534312D383135442D353135433041334441373544223E0A20202020202020203C6F6D6764633A426F756E6473206865696768743D2232382E30222077696474683D2232382E302220783D223634352E302220793D223132342E30223E3C2F6F6D6764633A426F756E64733E0A2020202020203C2F62706D6E64693A42504D4E53686170653E0A2020202020203C62706D6E64693A42504D4E456467652062706D6E456C656D656E743D227369642D39383741373230372D423735452D344138362D424145452D384245373033463237313931222069643D2242504D4E456467655F7369642D39383741373230372D423735452D344138362D424145452D384245373033463237313931223E0A20202020202020203C6F6D6764693A776179706F696E7420783D223138302E302220793D223133382E30223E3C2F6F6D6764693A776179706F696E743E0A20202020202020203C6F6D6764693A776179706F696E7420783D223237302E302220793D223133382E30223E3C2F6F6D6764693A776179706F696E743E0A2020202020203C2F62706D6E64693A42504D4E456467653E0A2020202020203C62706D6E64693A42504D4E456467652062706D6E456C656D656E743D227369642D42424237373031352D393642352D344234452D414242452D343238433939464134423930222069643D2242504D4E456467655F7369642D42424237373031352D393642352D344234452D414242452D343238433939464134423930223E0A20202020202020203C6F6D6764693A776179706F696E7420783D223337302E302220793D223133382E30223E3C2F6F6D6764693A776179706F696E743E0A20202020202020203C6F6D6764693A776179706F696E7420783D223436302E302220793D223133382E30223E3C2F6F6D6764693A776179706F696E743E0A2020202020203C2F62706D6E64693A42504D4E456467653E0A2020202020203C62706D6E64693A42504D4E456467652062706D6E456C656D656E743D227369642D35313843373738332D304531312D344645322D424145462D434643433238423541353841222069643D2242504D4E456467655F7369642D35313843373738332D304531312D344645322D424145462D434643433238423541353841223E0A20202020202020203C6F6D6764693A776179706F696E7420783D223536302E302220793D223133382E30223E3C2F6F6D6764693A776179706F696E743E0A20202020202020203C6F6D6764693A776179706F696E7420783D223634352E302220793D223133382E30223E3C2F6F6D6764693A776179706F696E743E0A2020202020203C2F62706D6E64693A42504D4E456467653E0A202020203C2F62706D6E64693A42504D4E506C616E653E0A20203C2F62706D6E64693A42504D4E4469616772616D3E0A3C2F646566696E6974696F6E733E, 0);
INSERT INTO `act_ge_bytearray` VALUES ('6', 1, '请假实例.Leave.png', '4', 0x89504E470D0A1A0A0000000D49484452000002AB000000BC08060000005F57E7FB00000FD14944415478DAEDDD7F8895F59E07F0A0A28D88088A08160A365AFFEEAF8DB69020222ABAD18FB19929650AA7BC69A645714D742B49FB65B51B5B21DD122F1612E6BAAED6CCA869A66C59EAB5ECEAE68FCC1F8DDB7ACD9BE3A4F9ECF339CC238FC7199D1FE7D7E8EB055F9C997366460EEF33EFEFF99EEFF33C679C010000000000000000000000000000000000000000000000000000000000000000000000000000000000000000000000000000000000000000000000000000000000000000000000000000000000000000000000000000000000000000000000000000000000000000000000000000000000000000000000000000000000000000000000000000000000000000000000000000000000000000000000000000000000000000000000000000000000000000000000000000000000000000000000000000000000000000000000000000000000000000000000000000000000000000000000000000000000000000000000000000000000000000000000000000000000000000259524C9599B376F9EB36AD5AADFDADADA92969616A3C2A3B5B53559B66CD9FFA6A35122E55EEE0120270A7BF9F2E5497B7B7BD2D9D9695469ECD9B327F9E4934FF6A5057EA754CABDDC034097585952D83553DC9D2D2D2D1BA452EEE51E00BAC45BA00AB376465ADA87A452EEE51E00BAC4DE31655953A59D48A5DCCB3D00F4B1B4FFF6D75DC9E6CFFF987CDDFA7461C4C7F13545ABB4E5DE907B00AA5ADAFBF7EE48D67F343159BBE0F163467C2D6E53B64A5BEE0DB907A06AA5BDFDEBFF38AEB0B3F1C3D7F395ADD2967B43EE01A85E696F5832ADC7D28EDB94ADD2967B43EE01A85A69AF6F99DC6369C76DCA5669CBBD21F700286DA58DDCCB3D004ABB78C451D03D9576DCA66C95B6DC1B720F40D54A7BD38A7FEBB1B4E33665ABB4E5DE907B00AA56DA3FED5897ACFF78D2F16F85A65F8BDB94ADD2967B43EE01A85A69C7D8F2C5CCE34A3BBEA66895B6DC1B720F40754BFBE0C164D367FF7EFC5BA1E9D7E23665ABB4E5DE907B00AA52DA71A59E8D2BFEB5C7BD7B719BABF9286DB937E41E80CA96F6C183C9AE4D8B933F2FFA438F859D8DB84FDCD76A93D2967B43EE01287B699F6C55C96A93D2967BB9977B00AA56DABD59553AD16A93F255DA726FC83D00652BEDFE16763694AFD2967B43EE01285B691B4A5BEE0DB90740691B4A5BEE0DB90740692B6DE45EEE0150DA86D2967B43EE815A9424C9DFAD5BB7AEF9DD77DFFD64EAD4A9FBC68C197368C48811C9B061C392C6C6C6230F3DF450E7840913364F9B366D563AFED123A6B40DA52DF786DC57574343C3DFD7D5D53D9C76F59C746C4AC7FEE8ED7474A4634B7ADBDCF4DFC7E27E1E2D06F524F5830F3E98F9CC33CF1C1A3B766CF2E69B6F26AB56AD4A76ECD8917474742421FE6D6F6F4F56AF5E9DA493D9E491471E39F2E8A38F6E1D3972E4031E41A56D286DB937E4BEB2EEB9E79EDFA5A3251D9D5D93D3DE8C25E9FD1B3D7A0C2AE9A4B4E9D9679F3DF8F8E38F1726A2870F1F4E7A6BCD9A35C9934F3E79B8B9B979C35D77DD75854753691B4A5BEEE59EF24A279C97A713CE457D98A0763796EB6D06C36AEA59F3E6CD5BFCE0830F26F3E7CFEFD324B5D8A2458B92A6A6A603565995B6A1B4E55EEE299FBABABA61F5F5F5FF979F7836343424CF3DF75CB278F1E2E4FBEFBF4F7EFEF9E74237FFF2CB2F85774857AC58914C9F3E3DB9F7DE7B8B27ACFBADB252D313D5A54B97FEF7E8D1A3938D1B3726A5B075EBD6249DF81E78E081077EEF1156DA4A5B69CBBDDC53F289EA2DE9E4F2707E923A6BD6ACC216BDDED8BB776FE1FEF17DF9496BFA332D34517B62453526AABD0D786FC5CF1B3972A4576A4A5B692B6DB9977B4ABCA29A9FA88E1B37AEB08ADA1FF17DB1F5AF68C2AAB7A91DB14735DEFA2FD58A6A772BACF7DD77DFDE34F8433CDA4A5B6923F772CFC0C41ED5FC5BFF93264D3AFA567F7FC516812953A6146F09D0DB545F1CF5FFF4D34F77C61ED5725AB060C181868686951E71A5ADB4917BB96760D2896A6B7E4575A013D5FC84B5688575B9479BAA9B3B77EE9F2298BFFEFA6B526EA3468DDAED6D05A5ADB4917BB9A7FFE2F454F93DAAFD7DEBFF445B02F27B58F536555F558DF3A8C6E9A92A61EDDAB59D565795B6D246EEE59E014D565BB289641C1C550EB367CFB6BA4A6D882B53C54155033945555F353535ED8EBD361EFD81FDA14AC73F2B6DA52DF7722FF7A757C6E38A53D94155B1FAF9D34F3F95A5ABE32C0145A7B5D2DB54475C4275C68C1949254D9F3E7D4D5CE2CDA3DF7FB9B7665AEAEAEAFE49692B6DB9977BB93F3D32DE7509D5C2FD9E7FFEF972F7757EB2AAB7A98EA953A7EE8B4BA856D2679F7DB6350DFD7C8FFEC0FFA0E5C6C2EE5E8D2B6DA52DF786DC9F5A194FBF3627BB7DE9D2A565EDEBB87040EEFFA2B7A98E3163C61CDAB56B574527ABBB77EF6E4F43BFDDA35FD23F68475F8DE7FFB0296DA52DF786DC9F5A194F3FDF947DBDD40756158B2B5DE5FE1F7A9BEA18316244D2D1D151D1C9EA575F7D95D4D5D51D4A833FD9E8F738E1F59DD3C737FE98CD50DAB533D6AE5D9B4C9B362D915DB9977B638019FF35FBBC54A7AB3AD169AC72BFBFC3AC89AABD8AABB43973E624277B421AA519A77269C7E6FFC1F4FF7DEFBDF76452EE4FBBE783DC97775442FEF799355115C3870F3F52E995D5D5AB57C7153762657592D1EFD1D31FAF1DE9F853FAEAFB5FE27ED52AEDC8D4D9679F9D7CFBEDB73DDEE78B2FBE4876EEDC59F8B8ADAD2DB687144E6CBD69D3A65EFDFCEBAFBF3ED9B3674F8FF789DB2EBCF0C2C2CF8BFB37353525DBB66D2BDC76EBADB7167E5FA55798E26008D91DFCB9EF4DBE4B35F6EDDB57787EBCFFFEFB3D3E376AF9F920F765C978A795554E2BA3478FEEACF49ED57482F2177B5F4ABEAFE9F3F48FD82D43870E3D2B7FBF6AAE30A5BFFE84B7AF59B3A650B0EFBCF34E72C30D37143EBFEEBAEB8E2BEAECE373CF3D3739FFFCF30BE3A28B2E3AE6E328E1F838EE932FF0FCFFA1A78FEDDD93FB52E7FBD24B2F4D2EB9E492E4B2CB2EEB765C70C10585DB23B3D9F7C45959CE3BEFBCC26D91E91837DE786372C71D772437DD745372CD35D714CEA739189F0F725FDA8CDBB3CA6967E2C4899B2A7D36808F3EFAE8BF1C5558B23F682BE34A26C5653D1826AB315E79E595E4CA2BAF2C7CFCF6DB6F17BEA778ECDFBFFFB89F17C51B9707CE56668B7F67DC7EA242CE3E8EEF3FD16A94D296FB81E4BBAFDF1B5BA41E7BECB1C2C7B11AF9C4134F14F27FFBEDB717563EB35C0FB6E783DC9736E3CE06C069E785175E9851E9F3AC4E9A346981F3B50DF80F5AB72B4AD59EACAE5FBF3EB9FBEEBB8F2BC3789B314E5C9DBFEFA851A3220BC99831639279F3E625D75E7BED312BA9312EBEF8E2A393D55855CA4A375B258AB7A8B2FBC6C76FBCF146E1E3DB6EBBED98096F7CBDB89CDF7AEBADC21FE0F8636CB22AF7A5CE77769FE2D1D364B5BBFBF6F4FD83EDF920F7A5CDB8F3AC72DA79EAA9A7FEE1E1871FFEAD8257B0EAA8AFAFFFCE95302AA3D293D5975F7EF9E85B95F9328CFF479AB363EEFBC30F3F14FE9D39736672CE39E76485764C29C75B9AD964352BE4DE147956DAF995A5EC3EB1F520FE5DB972A56D00725FB67C7737292DE56475303D1FE4BEB4E20A565DC77D94FD0A568D8D8D475CC18A9A306EDCB8FF59BD7A75A5B600CC728DE15377B21A7B4FBB7BCB3146ECBD8B83AA8A27ACF116E715575CD16D99E7F7F4F5A6D0BB9B00C46AD892254BEC5995FB8AE7BB2F93D59850C688839EE2EDFFEE8EF62F7EE761B03C1FE4BEF4E2BCABD924325E4095C3ECD9B3F3ABAA7A9BEABAFFFEFBEF1A3F7EFCA10AACAEEEADAFAFFF327D92357AD44FBDC9EADCB973932953A6F458805192F1567FF6F9962D5B0AE5BF7DFBF6A307821497791C70D253F9F7341188B17CF9F2C2DEBFF8DA8B2FBE58980098ACCA7D25F3DDD76D00D9183A7468B7DF17FB594FB4725BCBCF07B92FCB64F577D9443256574B7DA055FCBCB4AF8FE42E4AA0B7A9BEE6E6E675B141BF9C627F6CBC3A3BD97E3306DF64355648AFBAEAAA63F6ED75578071118A28FDF838FD435828F8F8F8CC33CF3CAEDCE3F3D81ED09F95A4D87717A7153AA317473F7FF3CD3726AB725FF27C171F7D9FBD53D0DDD7B3119382D8BF9DDF5210ABA9DD6D31184CCF07B92F8F342F4BB2C9649CF6AF54A7B18A15FEF1E3C71FCEAFAAEA6D6A25F4973735351DD8B871635926AAEBD6AD9B97FE8E5DE9ABB3211EED536FB21AA79D5AB870E1498F788E733CC68A6AF1E9A98A4B3CFB3CCE6599DFA317A7F0E9E9E7C7812FF9A3A57B2AE428EEF8387E6F4C3EAEBEFA6A9355B92F4BBEB3FDD627DBCB1A47E1C7BB0C7190537C1E2B9F13264C2864340E44CCF677179F5B75B03C1FE4BE7CBD9D8E3DD9A4320E581DE8843526AA53A64CC9EF53DDAFB7A9298D8D8D0DCDCDCDBFB4B7B79774A29AFEA1FDB4BEBE7E9BB7114EDDC96A7E4441C7E96FCEE8E55B8BAFBFFE7A61DF6A71B97FF7DD77C7ED59EDEBA983B215DB9840C4FDE3A8E83845561472ACDAC6F683F8DC6455EECB95EFE209669C822ACB65FE84FDD9DBFCF1F3E3E398BCC68BB59830C46AEDC94EDA5FCBCF07B92F9FBABABA61D9C156D90A6B7FB704C4F715ADA87AFB9FDAD4D0D0D03472E4C8FDA55A618D15D598A8A64FA8273DBAA7C76435269FB1776FECD8B127BD6FDC2F26AAD99574B211251A05DADD3EBDEC609428D7FCA97AF223F6C1C6CF9D3871E2D1B7367BFA59F6ACCA7DB9F25D3CE2346D37DF7C7361DF6877B7C72A6A5C5020B2FBEAABAF165EB0C569A662D23064C89063565207D3F341EECBBEC23A223F618D3DAC71D0551C94D7DBA3FEE360AAFC1ED5187A9B9A7FA5D6D8D8B8EFC30F3FFCDB000EBADAFBD24B2FFD31DEFA8F279247F5F499AC1A4A5BEE0DB9AF7C6FA7636F7EB21993D6380F6B5C3820564DB32D02F1A226AE4C155B405E7BEDB564F8F0E1BF155D356BBFDE66B0BC52BB3C7D95D5D6DCDCBCFBCB2FBF3CD097F3A87EFCF1C7B3D3C9EEE7B129DB5E17A56D286DB9977BA9AC4C6FE74F69D5CFA1B71994E1BF3326AD23468C689F3A75EAD79F7EFAE9B6F415D9AED87B150E1C38B07BE7CE9D7F696D6DFDCFC993272F4C5FC96D8EB0C7AB32470F2A6D4369CBBD21F795EFEDAE49EBA1BE4C52F536835E5C31230DFFD8AE6B126F49474757C0E3DFED71CDE0B8149B2B5C286D4369CBBD21F77A1B40692B6DE45EEE0150DA86D2967B43EE0150DA4A1BB9977B0094B6A1B4E5DE907B0094B6A1B4E5DE907B0094B6D246EEE51E00A56D286DB937E41E00A5ADB4917BB90740691B4A5BEE0DB90740691B4A5BEEE51E0094B6D246EEE51E00A56D286DB937E41E00A5ADB4917BB90740691B4A5BEE0DB90740692B6DA52DF7720F004A5B69CBBDBCC93D004ADB50DA726FC83D004A5B6923F7720F80D23694B6DC1B720F80D256DAC8BDDC0380D256DA726FC83D00B5ABADAD4D59D6CEE8484BFB9054CABDDC03409765CB96ED6A6F6F5798353076ECD8F15E5ADA1BA452EEE51E00BA2C5EBCF8B6A54B97FEF5C71F7F3CA038ABB7B21485DDDADABA2D1D774AA5DCCB3D00E4A445714B4B4BCBE7F1565CEC1D332A3EE271DFA0B0E55EEE010000000000000000000000000000000000000000000000E897FF07B072271F5E441E220000000049454E44AE426082, 1);
INSERT INTO `act_ge_bytearray` VALUES ('7502', 3, 'source', NULL, 0x7B227265736F757263654964223A2237353031222C2270726F70657274696573223A7B2270726F636573735F6964223A2261616161222C226E616D65223A22303037222C22646F63756D656E746174696F6E223A22222C2270726F636573735F617574686F72223A226279204272756365204C6565222C2270726F636573735F76657273696F6E223A22222C2270726F636573735F6E616D657370616365223A22687474703A2F2F7777772E61637469766974692E6F72672F70726F63657373646566222C22657865637574696F6E6C697374656E657273223A22222C226576656E746C697374656E657273223A22222C227369676E616C646566696E6974696F6E73223A22222C226D657373616765646566696E6974696F6E73223A22227D2C227374656E63696C223A7B226964223A2242504D4E4469616772616D227D2C226368696C64536861706573223A5B7B227265736F757263654964223A227369642D43373343454442382D424342352D343141342D393030422D303843364131393245424142222C2270726F70657274696573223A7B227461736B6C697374656E657273223A22222C226F766572726964656964223A22222C226E616D65223A22E5BC80E58F91222C22646F63756D656E746174696F6E223A22222C226173796E6368726F6E6F7573646566696E6974696F6E223A2266616C7365222C226578636C7573697665646566696E6974696F6E223A2266616C7365222C22657865637574696F6E6C697374656E657273223A22222C226D756C7469696E7374616E63655F74797065223A224E6F6E65222C226D756C7469696E7374616E63655F63617264696E616C697479223A22222C226D756C7469696E7374616E63655F636F6C6C656374696F6E223A22222C226D756C7469696E7374616E63655F7661726961626C65223A22222C226D756C7469696E7374616E63655F636F6E646974696F6E223A22222C226973666F72636F6D70656E736174696F6E223A2266616C7365222C22757365727461736B61737369676E6D656E74223A22222C22666F726D6B6579646566696E6974696F6E223A22222C2264756564617465646566696E6974696F6E223A22222C227072696F72697479646566696E6974696F6E223A22222C22666F726D70726F70657274696573223A22227D2C227374656E63696C223A7B226964223A22557365725461736B227D2C226368696C64536861706573223A5B5D2C226F7574676F696E67223A5B7B227265736F757263654964223A227369642D32374546433832332D413841412D344532302D383031352D313541333732323038454144227D2C7B227265736F757263654964223A227369642D30383742423445312D323133372D343839382D383545302D384134424544324137413936227D5D2C22626F756E6473223A7B226C6F7765725269676874223A7B2278223A3332352C2279223A3231397D2C2275707065724C656674223A7B2278223A3232352C2279223A3133397D7D2C22646F636B657273223A5B5D7D2C7B227265736F757263654964223A227369642D32464434453531312D354243302D344538332D424334432D444237443933344433363632222C2270726F70657274696573223A7B227461736B6C697374656E657273223A22222C226F766572726964656964223A22222C226E616D65223A22E8BF90E7BBB4222C22646F63756D656E746174696F6E223A22222C226173796E6368726F6E6F7573646566696E6974696F6E223A2266616C7365222C226578636C7573697665646566696E6974696F6E223A2266616C7365222C22657865637574696F6E6C697374656E657273223A22222C226D756C7469696E7374616E63655F74797065223A224E6F6E65222C226D756C7469696E7374616E63655F63617264696E616C697479223A22222C226D756C7469696E7374616E63655F636F6C6C656374696F6E223A22222C226D756C7469696E7374616E63655F7661726961626C65223A22222C226D756C7469696E7374616E63655F636F6E646974696F6E223A22222C226973666F72636F6D70656E736174696F6E223A2266616C7365222C22757365727461736B61737369676E6D656E74223A22222C22666F726D6B6579646566696E6974696F6E223A22222C2264756564617465646566696E6974696F6E223A22222C227072696F72697479646566696E6974696F6E223A22222C22666F726D70726F70657274696573223A22227D2C227374656E63696C223A7B226964223A22557365725461736B227D2C226368696C64536861706573223A5B5D2C226F7574676F696E67223A5B7B227265736F757263654964223A227369642D32433242303443312D463533462D343931382D423031302D323138364633353644344334227D5D2C22626F756E6473223A7B226C6F7765725269676874223A7B2278223A3533352C2279223A3334307D2C2275707065724C656674223A7B2278223A3433352C2279223A3236307D7D2C22646F636B657273223A5B5D7D2C7B227265736F757263654964223A227369642D37323038433944372D413431452D343131312D393044462D384544363738354334344543222C2270726F70657274696573223A7B227461736B6C697374656E657273223A22222C226F766572726964656964223A22222C226E616D65223A22E6B58BE8AF95222C22646F63756D656E746174696F6E223A22222C226173796E6368726F6E6F7573646566696E6974696F6E223A2266616C7365222C226578636C7573697665646566696E6974696F6E223A2266616C7365222C22657865637574696F6E6C697374656E657273223A22222C226D756C7469696E7374616E63655F74797065223A224E6F6E65222C226D756C7469696E7374616E63655F63617264696E616C697479223A22222C226D756C7469696E7374616E63655F636F6C6C656374696F6E223A22222C226D756C7469696E7374616E63655F7661726961626C65223A22222C226D756C7469696E7374616E63655F636F6E646974696F6E223A22222C226973666F72636F6D70656E736174696F6E223A2266616C7365222C22757365727461736B61737369676E6D656E74223A22222C22666F726D6B6579646566696E6974696F6E223A22222C2264756564617465646566696E6974696F6E223A22222C227072696F72697479646566696E6974696F6E223A22222C22666F726D70726F70657274696573223A22227D2C227374656E63696C223A7B226964223A22557365725461736B227D2C226368696C64536861706573223A5B5D2C226F7574676F696E67223A5B7B227265736F757263654964223A227369642D45393039363144422D394539452D344532322D393945322D313539303031323136424530227D5D2C22626F756E6473223A7B226C6F7765725269676874223A7B2278223A3533352C2279223A3132357D2C2275707065724C656674223A7B2278223A3433352C2279223A34357D7D2C22646F636B657273223A5B5D7D2C7B227265736F757263654964223A227369642D32374546433832332D413841412D344532302D383031352D313541333732323038454144222C2270726F70657274696573223A7B226F766572726964656964223A22222C226E616D65223A22222C22646F63756D656E746174696F6E223A22222C22636F6E646974696F6E73657175656E6365666C6F77223A22222C22657865637574696F6E6C697374656E657273223A22222C2264656661756C74666C6F77223A2266616C7365227D2C227374656E63696C223A7B226964223A2253657175656E6365466C6F77227D2C226368696C64536861706573223A5B5D2C226F7574676F696E67223A5B7B227265736F757263654964223A227369642D37323038433944372D413431452D343131312D393044462D384544363738354334344543227D5D2C22626F756E6473223A7B226C6F7765725269676874223A7B2278223A3433342E37383132352C2279223A3133382E33343337357D2C2275707065724C656674223A7B2278223A3237352C2279223A38357D7D2C22646F636B657273223A5B7B2278223A35302C2279223A34307D2C7B2278223A3237352C2279223A38357D2C7B2278223A35302C2279223A34307D5D2C22746172676574223A7B227265736F757263654964223A227369642D37323038433944372D413431452D343131312D393044462D384544363738354334344543227D7D2C7B227265736F757263654964223A227369642D30383742423445312D323133372D343839382D383545302D384134424544324137413936222C2270726F70657274696573223A7B226F766572726964656964223A22222C226E616D65223A22222C22646F63756D656E746174696F6E223A22222C22636F6E646974696F6E73657175656E6365666C6F77223A22222C22657865637574696F6E6C697374656E657273223A22222C2264656661756C74666C6F77223A2266616C7365222C2273686F776469616D6F6E646D61726B6572223A66616C73657D2C227374656E63696C223A7B226964223A2253657175656E6365466C6F77227D2C226368696C64536861706573223A5B5D2C226F7574676F696E67223A5B7B227265736F757263654964223A227369642D32464434453531312D354243302D344538332D424334432D444237443933344433363632227D5D2C22626F756E6473223A7B226C6F7765725269676874223A7B2278223A3433342E37383132352C2279223A3330307D2C2275707065724C656674223A7B2278223A3237352C2279223A3231392E3730333132357D7D2C22646F636B657273223A5B7B2278223A35302C2279223A34307D2C7B2278223A3237352C2279223A3330307D2C7B2278223A35302C2279223A34307D5D2C22746172676574223A7B227265736F757263654964223A227369642D32464434453531312D354243302D344538332D424334432D444237443933344433363632227D7D2C7B227265736F757263654964223A227369642D44413445373330412D453034412D344636302D424446422D443730424332463144453430222C2270726F70657274696573223A7B226F766572726964656964223A22222C226E616D65223A22E7BB93E69D9F222C22646F63756D656E746174696F6E223A22222C22657865637574696F6E6C697374656E657273223A22227D2C227374656E63696C223A7B226964223A22456E644E6F6E654576656E74227D2C226368696C64536861706573223A5B5D2C226F7574676F696E67223A5B5D2C22626F756E6473223A7B226C6F7765725269676874223A7B2278223A3730332C2279223A3139337D2C2275707065724C656674223A7B2278223A3637352C2279223A3136357D7D2C22646F636B657273223A5B5D7D2C7B227265736F757263654964223A227369642D45393039363144422D394539452D344532322D393945322D313539303031323136424530222C2270726F70657274696573223A7B226F766572726964656964223A22222C226E616D65223A22222C22646F63756D656E746174696F6E223A22222C22636F6E646974696F6E73657175656E6365666C6F77223A22222C22657865637574696F6E6C697374656E657273223A22222C2264656661756C74666C6F77223A2266616C7365222C2273686F776469616D6F6E646D61726B6572223A66616C73657D2C227374656E63696C223A7B226964223A2253657175656E6365466C6F77227D2C226368696C64536861706573223A5B5D2C226F7574676F696E67223A5B7B227265736F757263654964223A227369642D44413445373330412D453034412D344636302D424446422D443730424332463144453430227D5D2C22626F756E6473223A7B226C6F7765725269676874223A7B2278223A3638392C2279223A3136342E37383132357D2C2275707065724C656674223A7B2278223A3533352E34303632352C2279223A38357D7D2C22646F636B657273223A5B7B2278223A35302C2279223A34307D2C7B2278223A3638392C2279223A38357D2C7B2278223A31342C2279223A31347D5D2C22746172676574223A7B227265736F757263654964223A227369642D44413445373330412D453034412D344636302D424446422D443730424332463144453430227D7D2C7B227265736F757263654964223A227369642D32433242303443312D463533462D343931382D423031302D323138364633353644344334222C2270726F70657274696573223A7B226F766572726964656964223A22222C226E616D65223A22222C22646F63756D656E746174696F6E223A22222C22636F6E646974696F6E73657175656E6365666C6F77223A22222C22657865637574696F6E6C697374656E657273223A22222C2264656661756C74666C6F77223A2266616C7365222C2273686F776469616D6F6E646D61726B6572223A66616C73657D2C227374656E63696C223A7B226964223A2253657175656E6365466C6F77227D2C226368696C64536861706573223A5B5D2C226F7574676F696E67223A5B7B227265736F757263654964223A227369642D44413445373330412D453034412D344636302D424446422D443730424332463144453430227D5D2C22626F756E6473223A7B226C6F7765725269676874223A7B2278223A3638392C2279223A3330307D2C2275707065724C656674223A7B2278223A3533352E34303632352C2279223A3139332E3233343337357D7D2C22646F636B657273223A5B7B2278223A35302C2279223A34307D2C7B2278223A3638392C2279223A3330307D2C7B2278223A31342C2279223A31347D5D2C22746172676574223A7B227265736F757263654964223A227369642D44413445373330412D453034412D344636302D424446422D443730424332463144453430227D7D2C7B227265736F757263654964223A227369642D35314145363839462D453745312D343341372D393932412D323142314236444245334135222C2270726F70657274696573223A7B226F766572726964656964223A22222C226E616D65223A22E5BC80E5A78B222C22646F63756D656E746174696F6E223A22222C22657865637574696F6E6C697374656E657273223A22222C22696E69746961746F72223A22222C22666F726D6B6579646566696E6974696F6E223A22222C22666F726D70726F70657274696573223A22227D2C227374656E63696C223A7B226964223A2253746172744E6F6E654576656E74227D2C226368696C64536861706573223A5B5D2C226F7574676F696E67223A5B7B227265736F757263654964223A227369642D32353137373131432D433141422D343645422D383345312D413343433542384438333337227D5D2C22626F756E6473223A7B226C6F7765725269676874223A7B2278223A3134332C2279223A3139347D2C2275707065724C656674223A7B2278223A3131332C2279223A3136347D7D2C22646F636B657273223A5B5D7D2C7B227265736F757263654964223A227369642D32353137373131432D433141422D343645422D383345312D413343433542384438333337222C2270726F70657274696573223A7B226F766572726964656964223A22222C226E616D65223A22222C22646F63756D656E746174696F6E223A22222C22636F6E646974696F6E73657175656E6365666C6F77223A22222C22657865637574696F6E6C697374656E657273223A22222C2264656661756C74666C6F77223A2266616C7365227D2C227374656E63696C223A7B226964223A2253657175656E6365466C6F77227D2C226368696C64536861706573223A5B5D2C226F7574676F696E67223A5B7B227265736F757263654964223A227369642D43373343454442382D424342352D343141342D393030422D303843364131393245424142227D5D2C22626F756E6473223A7B226C6F7765725269676874223A7B2278223A3232342E363137313837352C2279223A3137397D2C2275707065724C656674223A7B2278223A3134332E393239363837352C2279223A3137397D7D2C22646F636B657273223A5B7B2278223A31352C2279223A31357D2C7B2278223A35302C2279223A34307D5D2C22746172676574223A7B227265736F757263654964223A227369642D43373343454442382D424342352D343141342D393030422D303843364131393245424142227D7D5D2C22626F756E6473223A7B226C6F7765725269676874223A7B2278223A3930302C2279223A3635307D2C2275707065724C656674223A7B2278223A302C2279223A307D7D2C227374656E63696C736574223A7B2275726C223A227374656E63696C736574732F62706D6E322E302F62706D6E322E302E6A736F6E222C226E616D657370616365223A22687474703A2F2F62336D6E2E6F72672F7374656E63696C7365742F62706D6E322E3023227D2C227373657874656E73696F6E73223A5B5D7D, NULL);

-- ----------------------------
-- Table structure for act_ge_property
-- ----------------------------
DROP TABLE IF EXISTS `act_ge_property`;
CREATE TABLE `act_ge_property`  (
  `NAME_` varchar(64) CHARACTER SET utf8 COLLATE utf8_bin NOT NULL,
  `VALUE_` varchar(300) CHARACTER SET utf8 COLLATE utf8_bin NULL DEFAULT NULL,
  `REV_` int NULL DEFAULT NULL,
  PRIMARY KEY (`NAME_`) USING BTREE
) ENGINE = InnoDB CHARACTER SET = utf8 COLLATE = utf8_bin ROW_FORMAT = DYNAMIC;

-- ----------------------------
-- Records of act_ge_property
-- ----------------------------
INSERT INTO `act_ge_property` VALUES ('next.dbid', '17501', 8);
INSERT INTO `act_ge_property` VALUES ('schema.history', 'create(5.22.0.0)', 1);
INSERT INTO `act_ge_property` VALUES ('schema.version', '5.22.0.0', 1);

-- ----------------------------
-- Table structure for act_hi_actinst
-- ----------------------------
DROP TABLE IF EXISTS `act_hi_actinst`;
CREATE TABLE `act_hi_actinst`  (
  `ID_` varchar(64) CHARACTER SET utf8 COLLATE utf8_bin NOT NULL,
  `PROC_DEF_ID_` varchar(64) CHARACTER SET utf8 COLLATE utf8_bin NOT NULL,
  `PROC_INST_ID_` varchar(64) CHARACTER SET utf8 COLLATE utf8_bin NOT NULL,
  `EXECUTION_ID_` varchar(64) CHARACTER SET utf8 COLLATE utf8_bin NOT NULL,
  `ACT_ID_` varchar(255) CHARACTER SET utf8 COLLATE utf8_bin NOT NULL,
  `TASK_ID_` varchar(64) CHARACTER SET utf8 COLLATE utf8_bin NULL DEFAULT NULL,
  `CALL_PROC_INST_ID_` varchar(64) CHARACTER SET utf8 COLLATE utf8_bin NULL DEFAULT NULL,
  `ACT_NAME_` varchar(255) CHARACTER SET utf8 COLLATE utf8_bin NULL DEFAULT NULL,
  `ACT_TYPE_` varchar(255) CHARACTER SET utf8 COLLATE utf8_bin NOT NULL,
  `ASSIGNEE_` varchar(255) CHARACTER SET utf8 COLLATE utf8_bin NULL DEFAULT NULL,
  `START_TIME_` datetime(3) NOT NULL,
  `END_TIME_` datetime(3) NULL DEFAULT NULL,
  `DURATION_` bigint NULL DEFAULT NULL,
  `TENANT_ID_` varchar(255) CHARACTER SET utf8 COLLATE utf8_bin NULL DEFAULT '',
  PRIMARY KEY (`ID_`) USING BTREE,
  INDEX `ACT_IDX_HI_ACT_INST_START`(`START_TIME_`) USING BTREE,
  INDEX `ACT_IDX_HI_ACT_INST_END`(`END_TIME_`) USING BTREE,
  INDEX `ACT_IDX_HI_ACT_INST_PROCINST`(`PROC_INST_ID_`, `ACT_ID_`) USING BTREE,
  INDEX `ACT_IDX_HI_ACT_INST_EXEC`(`EXECUTION_ID_`, `ACT_ID_`) USING BTREE
) ENGINE = InnoDB CHARACTER SET = utf8 COLLATE = utf8_bin ROW_FORMAT = DYNAMIC;

-- ----------------------------
-- Records of act_hi_actinst
-- ----------------------------
INSERT INTO `act_hi_actinst` VALUES ('10', 'Leave:1:7', '8', '8', 'sid-51ED2FF5-8864-49F3-AFFB-0CFA3C69FF9C', NULL, NULL, '开始事件', 'startEvent', NULL, '2021-04-19 21:43:39.253', '2021-04-19 21:43:39.285', 32, '');
INSERT INTO `act_hi_actinst` VALUES ('14', 'Leave:1:7', '8', '8', 'sid-2F48C93B-41C0-4F80-9EF2-D22465136B57', '15', NULL, '小狗审批', 'userTask', '小狗', '2021-04-19 21:43:39.288', '2021-04-19 21:48:12.442', 273154, '');
INSERT INTO `act_hi_actinst` VALUES ('20', 'Leave:1:7', '8', '8', 'sid-E6D7FD4F-DC91-49C4-B617-D86226710E0B', '21', NULL, '小可爱审批', 'userTask', '小可爱', '2021-04-19 21:48:12.442', NULL, NULL, '');
INSERT INTO `act_hi_actinst` VALUES ('2503', 'Leave:1:7', '2501', '2501', 'sid-51ED2FF5-8864-49F3-AFFB-0CFA3C69FF9C', NULL, NULL, '开始事件', 'startEvent', NULL, '2021-04-22 19:22:36.179', '2021-04-22 19:22:36.213', 34, '');
INSERT INTO `act_hi_actinst` VALUES ('2507', 'Leave:1:7', '2501', '2501', 'sid-2F48C93B-41C0-4F80-9EF2-D22465136B57', '2508', NULL, '小狗审批', 'userTask', '小狗', '2021-04-22 19:22:36.216', NULL, NULL, '');
INSERT INTO `act_hi_actinst` VALUES ('2515', 'Leave:2:2512', '2513', '2513', 'sid-51ED2FF5-8864-49F3-AFFB-0CFA3C69FF9C', NULL, NULL, '开始事件', 'startEvent', NULL, '2021-04-22 20:45:31.814', '2021-04-22 20:45:31.815', 1, '');
INSERT INTO `act_hi_actinst` VALUES ('2519', 'Leave:2:2512', '2513', '2513', 'sid-2F48C93B-41C0-4F80-9EF2-D22465136B57', '2520', NULL, '小狗审批', 'userTask', '小狗', '2021-04-22 20:45:31.815', '2021-04-22 23:38:26.052', 10374237, '');
INSERT INTO `act_hi_actinst` VALUES ('5005', 'Leave:2:2512', '2513', '2513', 'sid-E6D7FD4F-DC91-49C4-B617-D86226710E0B', '5006', NULL, '小可爱审批', 'userTask', '小可爱', '2021-04-22 23:38:26.055', NULL, NULL, '');

-- ----------------------------
-- Table structure for act_hi_attachment
-- ----------------------------
DROP TABLE IF EXISTS `act_hi_attachment`;
CREATE TABLE `act_hi_attachment`  (
  `ID_` varchar(64) CHARACTER SET utf8 COLLATE utf8_bin NOT NULL,
  `REV_` int NULL DEFAULT NULL,
  `USER_ID_` varchar(255) CHARACTER SET utf8 COLLATE utf8_bin NULL DEFAULT NULL,
  `NAME_` varchar(255) CHARACTER SET utf8 COLLATE utf8_bin NULL DEFAULT NULL,
  `DESCRIPTION_` varchar(4000) CHARACTER SET utf8 COLLATE utf8_bin NULL DEFAULT NULL,
  `TYPE_` varchar(255) CHARACTER SET utf8 COLLATE utf8_bin NULL DEFAULT NULL,
  `TASK_ID_` varchar(64) CHARACTER SET utf8 COLLATE utf8_bin NULL DEFAULT NULL,
  `PROC_INST_ID_` varchar(64) CHARACTER SET utf8 COLLATE utf8_bin NULL DEFAULT NULL,
  `URL_` varchar(4000) CHARACTER SET utf8 COLLATE utf8_bin NULL DEFAULT NULL,
  `CONTENT_ID_` varchar(64) CHARACTER SET utf8 COLLATE utf8_bin NULL DEFAULT NULL,
  `TIME_` datetime(3) NULL DEFAULT NULL,
  PRIMARY KEY (`ID_`) USING BTREE
) ENGINE = InnoDB CHARACTER SET = utf8 COLLATE = utf8_bin ROW_FORMAT = DYNAMIC;

-- ----------------------------
-- Records of act_hi_attachment
-- ----------------------------

-- ----------------------------
-- Table structure for act_hi_comment
-- ----------------------------
DROP TABLE IF EXISTS `act_hi_comment`;
CREATE TABLE `act_hi_comment`  (
  `ID_` varchar(64) CHARACTER SET utf8 COLLATE utf8_bin NOT NULL,
  `TYPE_` varchar(255) CHARACTER SET utf8 COLLATE utf8_bin NULL DEFAULT NULL,
  `TIME_` datetime(3) NOT NULL,
  `USER_ID_` varchar(255) CHARACTER SET utf8 COLLATE utf8_bin NULL DEFAULT NULL,
  `TASK_ID_` varchar(64) CHARACTER SET utf8 COLLATE utf8_bin NULL DEFAULT NULL,
  `PROC_INST_ID_` varchar(64) CHARACTER SET utf8 COLLATE utf8_bin NULL DEFAULT NULL,
  `ACTION_` varchar(255) CHARACTER SET utf8 COLLATE utf8_bin NULL DEFAULT NULL,
  `MESSAGE_` varchar(4000) CHARACTER SET utf8 COLLATE utf8_bin NULL DEFAULT NULL,
  `FULL_MSG_` longblob NULL,
  PRIMARY KEY (`ID_`) USING BTREE
) ENGINE = InnoDB CHARACTER SET = utf8 COLLATE = utf8_bin ROW_FORMAT = DYNAMIC;

-- ----------------------------
-- Records of act_hi_comment
-- ----------------------------
INSERT INTO `act_hi_comment` VALUES ('16', 'comment', '2021-04-19 21:48:12.291', '小狗', '15', '8', 'AddComment', '请自便', 0xE8AFB7E887AAE4BEBF);
INSERT INTO `act_hi_comment` VALUES ('5001', 'comment', '2021-04-22 23:38:24.880', NULL, '2520', '2513', 'AddComment', '同意', 0xE5908CE6848F);

-- ----------------------------
-- Table structure for act_hi_detail
-- ----------------------------
DROP TABLE IF EXISTS `act_hi_detail`;
CREATE TABLE `act_hi_detail`  (
  `ID_` varchar(64) CHARACTER SET utf8 COLLATE utf8_bin NOT NULL,
  `TYPE_` varchar(255) CHARACTER SET utf8 COLLATE utf8_bin NOT NULL,
  `PROC_INST_ID_` varchar(64) CHARACTER SET utf8 COLLATE utf8_bin NULL DEFAULT NULL,
  `EXECUTION_ID_` varchar(64) CHARACTER SET utf8 COLLATE utf8_bin NULL DEFAULT NULL,
  `TASK_ID_` varchar(64) CHARACTER SET utf8 COLLATE utf8_bin NULL DEFAULT NULL,
  `ACT_INST_ID_` varchar(64) CHARACTER SET utf8 COLLATE utf8_bin NULL DEFAULT NULL,
  `NAME_` varchar(255) CHARACTER SET utf8 COLLATE utf8_bin NOT NULL,
  `VAR_TYPE_` varchar(255) CHARACTER SET utf8 COLLATE utf8_bin NULL DEFAULT NULL,
  `REV_` int NULL DEFAULT NULL,
  `TIME_` datetime(3) NOT NULL,
  `BYTEARRAY_ID_` varchar(64) CHARACTER SET utf8 COLLATE utf8_bin NULL DEFAULT NULL,
  `DOUBLE_` double NULL DEFAULT NULL,
  `LONG_` bigint NULL DEFAULT NULL,
  `TEXT_` varchar(4000) CHARACTER SET utf8 COLLATE utf8_bin NULL DEFAULT NULL,
  `TEXT2_` varchar(4000) CHARACTER SET utf8 COLLATE utf8_bin NULL DEFAULT NULL,
  PRIMARY KEY (`ID_`) USING BTREE,
  INDEX `ACT_IDX_HI_DETAIL_PROC_INST`(`PROC_INST_ID_`) USING BTREE,
  INDEX `ACT_IDX_HI_DETAIL_ACT_INST`(`ACT_INST_ID_`) USING BTREE,
  INDEX `ACT_IDX_HI_DETAIL_TIME`(`TIME_`) USING BTREE,
  INDEX `ACT_IDX_HI_DETAIL_NAME`(`NAME_`) USING BTREE,
  INDEX `ACT_IDX_HI_DETAIL_TASK_ID`(`TASK_ID_`) USING BTREE
) ENGINE = InnoDB CHARACTER SET = utf8 COLLATE = utf8_bin ROW_FORMAT = DYNAMIC;

-- ----------------------------
-- Records of act_hi_detail
-- ----------------------------

-- ----------------------------
-- Table structure for act_hi_identitylink
-- ----------------------------
DROP TABLE IF EXISTS `act_hi_identitylink`;
CREATE TABLE `act_hi_identitylink`  (
  `ID_` varchar(64) CHARACTER SET utf8 COLLATE utf8_bin NOT NULL,
  `GROUP_ID_` varchar(255) CHARACTER SET utf8 COLLATE utf8_bin NULL DEFAULT NULL,
  `TYPE_` varchar(255) CHARACTER SET utf8 COLLATE utf8_bin NULL DEFAULT NULL,
  `USER_ID_` varchar(255) CHARACTER SET utf8 COLLATE utf8_bin NULL DEFAULT NULL,
  `TASK_ID_` varchar(64) CHARACTER SET utf8 COLLATE utf8_bin NULL DEFAULT NULL,
  `PROC_INST_ID_` varchar(64) CHARACTER SET utf8 COLLATE utf8_bin NULL DEFAULT NULL,
  PRIMARY KEY (`ID_`) USING BTREE,
  INDEX `ACT_IDX_HI_IDENT_LNK_USER`(`USER_ID_`) USING BTREE,
  INDEX `ACT_IDX_HI_IDENT_LNK_TASK`(`TASK_ID_`) USING BTREE,
  INDEX `ACT_IDX_HI_IDENT_LNK_PROCINST`(`PROC_INST_ID_`) USING BTREE
) ENGINE = InnoDB CHARACTER SET = utf8 COLLATE = utf8_bin ROW_FORMAT = DYNAMIC;

-- ----------------------------
-- Records of act_hi_identitylink
-- ----------------------------
INSERT INTO `act_hi_identitylink` VALUES ('22', NULL, 'participant', '小可爱', NULL, '8');
INSERT INTO `act_hi_identitylink` VALUES ('2502', NULL, 'starter', '小狗', NULL, '2501');
INSERT INTO `act_hi_identitylink` VALUES ('2514', NULL, 'starter', '小狗', NULL, '2513');
INSERT INTO `act_hi_identitylink` VALUES ('5007', NULL, 'participant', '小可爱', NULL, '2513');
INSERT INTO `act_hi_identitylink` VALUES ('9', NULL, 'starter', '小狗', NULL, '8');

-- ----------------------------
-- Table structure for act_hi_procinst
-- ----------------------------
DROP TABLE IF EXISTS `act_hi_procinst`;
CREATE TABLE `act_hi_procinst`  (
  `ID_` varchar(64) CHARACTER SET utf8 COLLATE utf8_bin NOT NULL,
  `PROC_INST_ID_` varchar(64) CHARACTER SET utf8 COLLATE utf8_bin NOT NULL,
  `BUSINESS_KEY_` varchar(255) CHARACTER SET utf8 COLLATE utf8_bin NULL DEFAULT NULL,
  `PROC_DEF_ID_` varchar(64) CHARACTER SET utf8 COLLATE utf8_bin NOT NULL,
  `START_TIME_` datetime(3) NOT NULL,
  `END_TIME_` datetime(3) NULL DEFAULT NULL,
  `DURATION_` bigint NULL DEFAULT NULL,
  `START_USER_ID_` varchar(255) CHARACTER SET utf8 COLLATE utf8_bin NULL DEFAULT NULL,
  `START_ACT_ID_` varchar(255) CHARACTER SET utf8 COLLATE utf8_bin NULL DEFAULT NULL,
  `END_ACT_ID_` varchar(255) CHARACTER SET utf8 COLLATE utf8_bin NULL DEFAULT NULL,
  `SUPER_PROCESS_INSTANCE_ID_` varchar(64) CHARACTER SET utf8 COLLATE utf8_bin NULL DEFAULT NULL,
  `DELETE_REASON_` varchar(4000) CHARACTER SET utf8 COLLATE utf8_bin NULL DEFAULT NULL,
  `TENANT_ID_` varchar(255) CHARACTER SET utf8 COLLATE utf8_bin NULL DEFAULT '',
  `NAME_` varchar(255) CHARACTER SET utf8 COLLATE utf8_bin NULL DEFAULT NULL,
  PRIMARY KEY (`ID_`) USING BTREE,
  UNIQUE INDEX `PROC_INST_ID_`(`PROC_INST_ID_`) USING BTREE,
  INDEX `ACT_IDX_HI_PRO_INST_END`(`END_TIME_`) USING BTREE,
  INDEX `ACT_IDX_HI_PRO_I_BUSKEY`(`BUSINESS_KEY_`) USING BTREE
) ENGINE = InnoDB CHARACTER SET = utf8 COLLATE = utf8_bin ROW_FORMAT = DYNAMIC;

-- ----------------------------
-- Records of act_hi_procinst
-- ----------------------------
INSERT INTO `act_hi_procinst` VALUES ('2501', '2501', 'Leave_168', 'Leave:1:7', '2021-04-22 19:22:36.179', NULL, NULL, '小狗', 'sid-51ED2FF5-8864-49F3-AFFB-0CFA3C69FF9C', NULL, NULL, NULL, '', NULL);
INSERT INTO `act_hi_procinst` VALUES ('2513', '2513', 'Leave_169', 'Leave:2:2512', '2021-04-22 20:45:31.814', NULL, NULL, '小狗', 'sid-51ED2FF5-8864-49F3-AFFB-0CFA3C69FF9C', NULL, NULL, NULL, '', NULL);
INSERT INTO `act_hi_procinst` VALUES ('8', '8', 'Leave_167', 'Leave:1:7', '2021-04-19 21:43:39.253', NULL, NULL, '小狗', 'sid-51ED2FF5-8864-49F3-AFFB-0CFA3C69FF9C', NULL, NULL, NULL, '', NULL);

-- ----------------------------
-- Table structure for act_hi_taskinst
-- ----------------------------
DROP TABLE IF EXISTS `act_hi_taskinst`;
CREATE TABLE `act_hi_taskinst`  (
  `ID_` varchar(64) CHARACTER SET utf8 COLLATE utf8_bin NOT NULL,
  `PROC_DEF_ID_` varchar(64) CHARACTER SET utf8 COLLATE utf8_bin NULL DEFAULT NULL,
  `TASK_DEF_KEY_` varchar(255) CHARACTER SET utf8 COLLATE utf8_bin NULL DEFAULT NULL,
  `PROC_INST_ID_` varchar(64) CHARACTER SET utf8 COLLATE utf8_bin NULL DEFAULT NULL,
  `EXECUTION_ID_` varchar(64) CHARACTER SET utf8 COLLATE utf8_bin NULL DEFAULT NULL,
  `NAME_` varchar(255) CHARACTER SET utf8 COLLATE utf8_bin NULL DEFAULT NULL,
  `PARENT_TASK_ID_` varchar(64) CHARACTER SET utf8 COLLATE utf8_bin NULL DEFAULT NULL,
  `DESCRIPTION_` varchar(4000) CHARACTER SET utf8 COLLATE utf8_bin NULL DEFAULT NULL,
  `OWNER_` varchar(255) CHARACTER SET utf8 COLLATE utf8_bin NULL DEFAULT NULL,
  `ASSIGNEE_` varchar(255) CHARACTER SET utf8 COLLATE utf8_bin NULL DEFAULT NULL,
  `START_TIME_` datetime(3) NOT NULL,
  `CLAIM_TIME_` datetime(3) NULL DEFAULT NULL,
  `END_TIME_` datetime(3) NULL DEFAULT NULL,
  `DURATION_` bigint NULL DEFAULT NULL,
  `DELETE_REASON_` varchar(4000) CHARACTER SET utf8 COLLATE utf8_bin NULL DEFAULT NULL,
  `PRIORITY_` int NULL DEFAULT NULL,
  `DUE_DATE_` datetime(3) NULL DEFAULT NULL,
  `FORM_KEY_` varchar(255) CHARACTER SET utf8 COLLATE utf8_bin NULL DEFAULT NULL,
  `CATEGORY_` varchar(255) CHARACTER SET utf8 COLLATE utf8_bin NULL DEFAULT NULL,
  `TENANT_ID_` varchar(255) CHARACTER SET utf8 COLLATE utf8_bin NULL DEFAULT '',
  PRIMARY KEY (`ID_`) USING BTREE,
  INDEX `ACT_IDX_HI_TASK_INST_PROCINST`(`PROC_INST_ID_`) USING BTREE
) ENGINE = InnoDB CHARACTER SET = utf8 COLLATE = utf8_bin ROW_FORMAT = DYNAMIC;

-- ----------------------------
-- Records of act_hi_taskinst
-- ----------------------------
INSERT INTO `act_hi_taskinst` VALUES ('15', 'Leave:1:7', 'sid-2F48C93B-41C0-4F80-9EF2-D22465136B57', '8', '8', '小狗审批', NULL, NULL, NULL, '小狗', '2021-04-19 21:43:39.291', NULL, '2021-04-19 21:48:12.431', 273140, 'completed', 50, NULL, NULL, NULL, '');
INSERT INTO `act_hi_taskinst` VALUES ('21', 'Leave:1:7', 'sid-E6D7FD4F-DC91-49C4-B617-D86226710E0B', '8', '8', '小可爱审批', NULL, NULL, NULL, '小可爱', '2021-04-19 21:48:12.442', NULL, NULL, NULL, NULL, 50, NULL, NULL, NULL, '');
INSERT INTO `act_hi_taskinst` VALUES ('2508', 'Leave:1:7', 'sid-2F48C93B-41C0-4F80-9EF2-D22465136B57', '2501', '2501', '小狗审批', NULL, NULL, NULL, '小狗', '2021-04-22 19:22:36.228', NULL, NULL, NULL, NULL, 50, NULL, NULL, NULL, '');
INSERT INTO `act_hi_taskinst` VALUES ('2520', 'Leave:2:2512', 'sid-2F48C93B-41C0-4F80-9EF2-D22465136B57', '2513', '2513', '小狗审批', NULL, NULL, NULL, '小狗', '2021-04-22 20:45:31.817', NULL, '2021-04-22 23:38:25.939', 10374122, 'completed', 50, NULL, 'form1', NULL, '');
INSERT INTO `act_hi_taskinst` VALUES ('5006', 'Leave:2:2512', 'sid-E6D7FD4F-DC91-49C4-B617-D86226710E0B', '2513', '2513', '小可爱审批', NULL, NULL, NULL, '小可爱', '2021-04-22 23:38:26.056', NULL, NULL, NULL, NULL, 50, NULL, NULL, NULL, '');

-- ----------------------------
-- Table structure for act_hi_varinst
-- ----------------------------
DROP TABLE IF EXISTS `act_hi_varinst`;
CREATE TABLE `act_hi_varinst`  (
  `ID_` varchar(64) CHARACTER SET utf8 COLLATE utf8_bin NOT NULL,
  `PROC_INST_ID_` varchar(64) CHARACTER SET utf8 COLLATE utf8_bin NULL DEFAULT NULL,
  `EXECUTION_ID_` varchar(64) CHARACTER SET utf8 COLLATE utf8_bin NULL DEFAULT NULL,
  `TASK_ID_` varchar(64) CHARACTER SET utf8 COLLATE utf8_bin NULL DEFAULT NULL,
  `NAME_` varchar(255) CHARACTER SET utf8 COLLATE utf8_bin NOT NULL,
  `VAR_TYPE_` varchar(100) CHARACTER SET utf8 COLLATE utf8_bin NULL DEFAULT NULL,
  `REV_` int NULL DEFAULT NULL,
  `BYTEARRAY_ID_` varchar(64) CHARACTER SET utf8 COLLATE utf8_bin NULL DEFAULT NULL,
  `DOUBLE_` double NULL DEFAULT NULL,
  `LONG_` bigint NULL DEFAULT NULL,
  `TEXT_` varchar(4000) CHARACTER SET utf8 COLLATE utf8_bin NULL DEFAULT NULL,
  `TEXT2_` varchar(4000) CHARACTER SET utf8 COLLATE utf8_bin NULL DEFAULT NULL,
  `CREATE_TIME_` datetime(3) NULL DEFAULT NULL,
  `LAST_UPDATED_TIME_` datetime(3) NULL DEFAULT NULL,
  PRIMARY KEY (`ID_`) USING BTREE,
  INDEX `ACT_IDX_HI_PROCVAR_PROC_INST`(`PROC_INST_ID_`) USING BTREE,
  INDEX `ACT_IDX_HI_PROCVAR_NAME_TYPE`(`NAME_`, `VAR_TYPE_`) USING BTREE,
  INDEX `ACT_IDX_HI_PROCVAR_TASK_ID`(`TASK_ID_`) USING BTREE
) ENGINE = InnoDB CHARACTER SET = utf8 COLLATE = utf8_bin ROW_FORMAT = DYNAMIC;

-- ----------------------------
-- Records of act_hi_varinst
-- ----------------------------

-- ----------------------------
-- Table structure for act_id_group
-- ----------------------------
DROP TABLE IF EXISTS `act_id_group`;
CREATE TABLE `act_id_group`  (
  `ID_` varchar(64) CHARACTER SET utf8 COLLATE utf8_bin NOT NULL,
  `REV_` int NULL DEFAULT NULL,
  `NAME_` varchar(255) CHARACTER SET utf8 COLLATE utf8_bin NULL DEFAULT NULL,
  `TYPE_` varchar(255) CHARACTER SET utf8 COLLATE utf8_bin NULL DEFAULT NULL,
  PRIMARY KEY (`ID_`) USING BTREE
) ENGINE = InnoDB CHARACTER SET = utf8 COLLATE = utf8_bin ROW_FORMAT = DYNAMIC;

-- ----------------------------
-- Records of act_id_group
-- ----------------------------

-- ----------------------------
-- Table structure for act_id_info
-- ----------------------------
DROP TABLE IF EXISTS `act_id_info`;
CREATE TABLE `act_id_info`  (
  `ID_` varchar(64) CHARACTER SET utf8 COLLATE utf8_bin NOT NULL,
  `REV_` int NULL DEFAULT NULL,
  `USER_ID_` varchar(64) CHARACTER SET utf8 COLLATE utf8_bin NULL DEFAULT NULL,
  `TYPE_` varchar(64) CHARACTER SET utf8 COLLATE utf8_bin NULL DEFAULT NULL,
  `KEY_` varchar(255) CHARACTER SET utf8 COLLATE utf8_bin NULL DEFAULT NULL,
  `VALUE_` varchar(255) CHARACTER SET utf8 COLLATE utf8_bin NULL DEFAULT NULL,
  `PASSWORD_` longblob NULL,
  `PARENT_ID_` varchar(255) CHARACTER SET utf8 COLLATE utf8_bin NULL DEFAULT NULL,
  PRIMARY KEY (`ID_`) USING BTREE
) ENGINE = InnoDB CHARACTER SET = utf8 COLLATE = utf8_bin ROW_FORMAT = DYNAMIC;

-- ----------------------------
-- Records of act_id_info
-- ----------------------------

-- ----------------------------
-- Table structure for act_id_membership
-- ----------------------------
DROP TABLE IF EXISTS `act_id_membership`;
CREATE TABLE `act_id_membership`  (
  `USER_ID_` varchar(64) CHARACTER SET utf8 COLLATE utf8_bin NOT NULL,
  `GROUP_ID_` varchar(64) CHARACTER SET utf8 COLLATE utf8_bin NOT NULL,
  PRIMARY KEY (`USER_ID_`, `GROUP_ID_`) USING BTREE,
  INDEX `ACT_FK_MEMB_GROUP`(`GROUP_ID_`) USING BTREE,
  CONSTRAINT `ACT_FK_MEMB_GROUP` FOREIGN KEY (`GROUP_ID_`) REFERENCES `act_id_group` (`ID_`) ON DELETE RESTRICT ON UPDATE RESTRICT,
  CONSTRAINT `ACT_FK_MEMB_USER` FOREIGN KEY (`USER_ID_`) REFERENCES `act_id_user` (`ID_`) ON DELETE RESTRICT ON UPDATE RESTRICT
) ENGINE = InnoDB CHARACTER SET = utf8 COLLATE = utf8_bin ROW_FORMAT = DYNAMIC;

-- ----------------------------
-- Records of act_id_membership
-- ----------------------------

-- ----------------------------
-- Table structure for act_id_user
-- ----------------------------
DROP TABLE IF EXISTS `act_id_user`;
CREATE TABLE `act_id_user`  (
  `ID_` varchar(64) CHARACTER SET utf8 COLLATE utf8_bin NOT NULL,
  `REV_` int NULL DEFAULT NULL,
  `FIRST_` varchar(255) CHARACTER SET utf8 COLLATE utf8_bin NULL DEFAULT NULL,
  `LAST_` varchar(255) CHARACTER SET utf8 COLLATE utf8_bin NULL DEFAULT NULL,
  `EMAIL_` varchar(255) CHARACTER SET utf8 COLLATE utf8_bin NULL DEFAULT NULL,
  `PWD_` varchar(255) CHARACTER SET utf8 COLLATE utf8_bin NULL DEFAULT NULL,
  `PICTURE_ID_` varchar(64) CHARACTER SET utf8 COLLATE utf8_bin NULL DEFAULT NULL,
  PRIMARY KEY (`ID_`) USING BTREE
) ENGINE = InnoDB CHARACTER SET = utf8 COLLATE = utf8_bin ROW_FORMAT = DYNAMIC;

-- ----------------------------
-- Records of act_id_user
-- ----------------------------

-- ----------------------------
-- Table structure for act_leave
-- ----------------------------
DROP TABLE IF EXISTS `act_leave`;
CREATE TABLE `act_leave`  (
  `id` int NOT NULL AUTO_INCREMENT COMMENT '主键',
  `user_name` varchar(40) CHARACTER SET utf8mb4 COLLATE utf8mb4_general_ci NULL DEFAULT NULL COMMENT '用户名',
  `type` char(1) CHARACTER SET utf8mb4 COLLATE utf8mb4_general_ci NULL DEFAULT NULL COMMENT '0事假 1病假 2产假',
  `cause` varchar(255) CHARACTER SET utf8mb4 COLLATE utf8mb4_general_ci NULL DEFAULT NULL COMMENT '事由',
  `leave_time` datetime NULL DEFAULT NULL COMMENT '请假时间',
  `days` int NULL DEFAULT NULL COMMENT '请假天数',
  `status` char(1) CHARACTER SET utf8mb4 COLLATE utf8mb4_general_ci NULL DEFAULT '0' COMMENT '0未提交 1未审核 2批准 9驳回',
  `create_by` varchar(64) CHARACTER SET utf8mb4 COLLATE utf8mb4_general_ci NULL DEFAULT '' COMMENT '创建者',
  `create_time` datetime NULL DEFAULT NULL COMMENT '创建时间',
  `update_by` varchar(64) CHARACTER SET utf8mb4 COLLATE utf8mb4_general_ci NULL DEFAULT '' COMMENT '更新者',
  `update_time` datetime NULL DEFAULT NULL COMMENT '更新时间',
  `remarks` varchar(500) CHARACTER SET utf8mb4 COLLATE utf8mb4_general_ci NULL DEFAULT NULL COMMENT '备注',
  `del_flag` char(1) CHARACTER SET utf8mb4 COLLATE utf8mb4_general_ci NULL DEFAULT '0' COMMENT '删除标志（0正常 1删除）',
  PRIMARY KEY (`id`) USING BTREE
) ENGINE = InnoDB AUTO_INCREMENT = 170 CHARACTER SET = utf8mb4 COLLATE = utf8mb4_general_ci ROW_FORMAT = DYNAMIC;

-- ----------------------------
-- Records of act_leave
-- ----------------------------
INSERT INTO `act_leave` VALUES (167, '小狗', '1', '我想飞', '2021-04-06 00:00:00', 1, '1', '小狗', '2021-04-19 21:43:36', '', '2021-04-19 21:43:40', NULL, '0');
INSERT INTO `act_leave` VALUES (168, '小狗', '1', '我有病', '2021-04-06 08:00:00', 2, '1', '小狗', '2021-04-22 19:22:33', '', '2021-05-03 16:59:21', NULL, '0');
INSERT INTO `act_leave` VALUES (169, '小狗', '1', '我最终迷失了自我', '2021-04-08 00:00:00', 1, '1', '小狗', '2021-04-22 20:45:29', '', '2021-04-22 20:45:32', NULL, '1');

-- ----------------------------
-- Table structure for act_procdef_info
-- ----------------------------
DROP TABLE IF EXISTS `act_procdef_info`;
CREATE TABLE `act_procdef_info`  (
  `ID_` varchar(64) CHARACTER SET utf8 COLLATE utf8_bin NOT NULL,
  `PROC_DEF_ID_` varchar(64) CHARACTER SET utf8 COLLATE utf8_bin NOT NULL,
  `REV_` int NULL DEFAULT NULL,
  `INFO_JSON_ID_` varchar(64) CHARACTER SET utf8 COLLATE utf8_bin NULL DEFAULT NULL,
  PRIMARY KEY (`ID_`) USING BTREE,
  UNIQUE INDEX `ACT_UNIQ_INFO_PROCDEF`(`PROC_DEF_ID_`) USING BTREE,
  INDEX `ACT_IDX_INFO_PROCDEF`(`PROC_DEF_ID_`) USING BTREE,
  INDEX `ACT_FK_INFO_JSON_BA`(`INFO_JSON_ID_`) USING BTREE,
  CONSTRAINT `ACT_FK_INFO_JSON_BA` FOREIGN KEY (`INFO_JSON_ID_`) REFERENCES `act_ge_bytearray` (`ID_`) ON DELETE RESTRICT ON UPDATE RESTRICT,
  CONSTRAINT `ACT_FK_INFO_PROCDEF` FOREIGN KEY (`PROC_DEF_ID_`) REFERENCES `act_re_procdef` (`ID_`) ON DELETE RESTRICT ON UPDATE RESTRICT
) ENGINE = InnoDB CHARACTER SET = utf8 COLLATE = utf8_bin ROW_FORMAT = DYNAMIC;

-- ----------------------------
-- Records of act_procdef_info
-- ----------------------------

-- ----------------------------
-- Table structure for act_re_deployment
-- ----------------------------
DROP TABLE IF EXISTS `act_re_deployment`;
CREATE TABLE `act_re_deployment`  (
  `ID_` varchar(64) CHARACTER SET utf8 COLLATE utf8_bin NOT NULL,
  `NAME_` varchar(255) CHARACTER SET utf8 COLLATE utf8_bin NULL DEFAULT NULL,
  `CATEGORY_` varchar(255) CHARACTER SET utf8 COLLATE utf8_bin NULL DEFAULT NULL,
  `TENANT_ID_` varchar(255) CHARACTER SET utf8 COLLATE utf8_bin NULL DEFAULT '',
  `DEPLOY_TIME_` timestamp(3) NULL DEFAULT NULL,
  PRIMARY KEY (`ID_`) USING BTREE
) ENGINE = InnoDB CHARACTER SET = utf8 COLLATE = utf8_bin ROW_FORMAT = DYNAMIC;

-- ----------------------------
-- Records of act_re_deployment
-- ----------------------------
INSERT INTO `act_re_deployment` VALUES ('12501', '007', NULL, '', '2021-05-05 01:33:02.807');
INSERT INTO `act_re_deployment` VALUES ('12505', '008', NULL, '', '2021-05-05 03:26:18.112');
INSERT INTO `act_re_deployment` VALUES ('12509', '008', NULL, '', '2021-05-05 03:26:41.005');
INSERT INTO `act_re_deployment` VALUES ('12513', '请假实例', NULL, '', '2021-05-05 03:26:43.840');
INSERT INTO `act_re_deployment` VALUES ('15002', '2020', NULL, '', '2021-05-05 04:02:37.710');
INSERT INTO `act_re_deployment` VALUES ('2509', '请假实例', NULL, '', '2021-04-22 20:44:45.760');
INSERT INTO `act_re_deployment` VALUES ('4', '请假实例', NULL, '', '2021-04-19 21:42:12.766');

-- ----------------------------
-- Table structure for act_re_model
-- ----------------------------
DROP TABLE IF EXISTS `act_re_model`;
CREATE TABLE `act_re_model`  (
  `ID_` varchar(64) CHARACTER SET utf8 COLLATE utf8_bin NOT NULL,
  `REV_` int NULL DEFAULT NULL,
  `NAME_` varchar(255) CHARACTER SET utf8 COLLATE utf8_bin NULL DEFAULT NULL,
  `KEY_` varchar(255) CHARACTER SET utf8 COLLATE utf8_bin NULL DEFAULT NULL,
  `CATEGORY_` varchar(255) CHARACTER SET utf8 COLLATE utf8_bin NULL DEFAULT NULL,
  `CREATE_TIME_` timestamp(3) NULL DEFAULT NULL,
  `LAST_UPDATE_TIME_` timestamp(3) NULL DEFAULT NULL,
  `VERSION_` int NULL DEFAULT NULL,
  `META_INFO_` varchar(4000) CHARACTER SET utf8 COLLATE utf8_bin NULL DEFAULT NULL,
  `DEPLOYMENT_ID_` varchar(64) CHARACTER SET utf8 COLLATE utf8_bin NULL DEFAULT NULL,
  `EDITOR_SOURCE_VALUE_ID_` varchar(64) CHARACTER SET utf8 COLLATE utf8_bin NULL DEFAULT NULL,
  `EDITOR_SOURCE_EXTRA_VALUE_ID_` varchar(64) CHARACTER SET utf8 COLLATE utf8_bin NULL DEFAULT NULL,
  `TENANT_ID_` varchar(255) CHARACTER SET utf8 COLLATE utf8_bin NULL DEFAULT '',
  PRIMARY KEY (`ID_`) USING BTREE,
  INDEX `ACT_FK_MODEL_SOURCE`(`EDITOR_SOURCE_VALUE_ID_`) USING BTREE,
  INDEX `ACT_FK_MODEL_SOURCE_EXTRA`(`EDITOR_SOURCE_EXTRA_VALUE_ID_`) USING BTREE,
  INDEX `ACT_FK_MODEL_DEPLOYMENT`(`DEPLOYMENT_ID_`) USING BTREE,
  CONSTRAINT `ACT_FK_MODEL_DEPLOYMENT` FOREIGN KEY (`DEPLOYMENT_ID_`) REFERENCES `act_re_deployment` (`ID_`) ON DELETE RESTRICT ON UPDATE RESTRICT,
  CONSTRAINT `ACT_FK_MODEL_SOURCE` FOREIGN KEY (`EDITOR_SOURCE_VALUE_ID_`) REFERENCES `act_ge_bytearray` (`ID_`) ON DELETE RESTRICT ON UPDATE RESTRICT,
  CONSTRAINT `ACT_FK_MODEL_SOURCE_EXTRA` FOREIGN KEY (`EDITOR_SOURCE_EXTRA_VALUE_ID_`) REFERENCES `act_ge_bytearray` (`ID_`) ON DELETE RESTRICT ON UPDATE RESTRICT
) ENGINE = InnoDB CHARACTER SET = utf8 COLLATE = utf8_bin ROW_FORMAT = DYNAMIC;

-- ----------------------------
-- Records of act_re_model
-- ----------------------------
INSERT INTO `act_re_model` VALUES ('1', 5, '请假实例', 'Leave', 'office', '2021-04-19 21:39:29.899', '2021-04-22 20:44:42.400', 1, '{\"name\":\"请假实例\",\"revision\":1,\"description\":\"请假实例\"}', NULL, '2', '3', '');
INSERT INTO `act_re_model` VALUES ('12529', 4, '2020', 'abc', 'office', '2021-05-05 03:50:49.831', '2021-05-05 04:02:25.237', 1, '{\"name\":\"2020\",\"revision\":1,\"description\":\"测试\"}', NULL, '12530', '15001', '');
INSERT INTO `act_re_model` VALUES ('7501', 5, '008', 'aaaa', 'office', '2021-05-05 00:33:12.318', '2021-05-05 03:26:04.716', 1, '{\"name\":\"008\",\"revision\":1,\"description\":\"aaa\"}', NULL, '7502', '10001', '');

-- ----------------------------
-- Table structure for act_re_procdef
-- ----------------------------
DROP TABLE IF EXISTS `act_re_procdef`;
CREATE TABLE `act_re_procdef`  (
  `ID_` varchar(64) CHARACTER SET utf8 COLLATE utf8_bin NOT NULL,
  `REV_` int NULL DEFAULT NULL,
  `CATEGORY_` varchar(255) CHARACTER SET utf8 COLLATE utf8_bin NULL DEFAULT NULL,
  `NAME_` varchar(255) CHARACTER SET utf8 COLLATE utf8_bin NULL DEFAULT NULL,
  `KEY_` varchar(255) CHARACTER SET utf8 COLLATE utf8_bin NOT NULL,
  `VERSION_` int NOT NULL,
  `DEPLOYMENT_ID_` varchar(64) CHARACTER SET utf8 COLLATE utf8_bin NULL DEFAULT NULL,
  `RESOURCE_NAME_` varchar(4000) CHARACTER SET utf8 COLLATE utf8_bin NULL DEFAULT NULL,
  `DGRM_RESOURCE_NAME_` varchar(4000) CHARACTER SET utf8 COLLATE utf8_bin NULL DEFAULT NULL,
  `DESCRIPTION_` varchar(4000) CHARACTER SET utf8 COLLATE utf8_bin NULL DEFAULT NULL,
  `HAS_START_FORM_KEY_` tinyint NULL DEFAULT NULL,
  `HAS_GRAPHICAL_NOTATION_` tinyint NULL DEFAULT NULL,
  `SUSPENSION_STATE_` int NULL DEFAULT NULL,
  `TENANT_ID_` varchar(255) CHARACTER SET utf8 COLLATE utf8_bin NULL DEFAULT '',
  PRIMARY KEY (`ID_`) USING BTREE,
  UNIQUE INDEX `ACT_UNIQ_PROCDEF`(`KEY_`, `VERSION_`, `TENANT_ID_`) USING BTREE
) ENGINE = InnoDB CHARACTER SET = utf8 COLLATE = utf8_bin ROW_FORMAT = DYNAMIC;

-- ----------------------------
-- Records of act_re_procdef
-- ----------------------------
INSERT INTO `act_re_procdef` VALUES ('Leave:1:7', 2, 'office', '请假实例', 'Leave', 1, '4', '请假实例.bpmn20.xml', '请假实例.Leave.png', NULL, 0, 1, 1, '');
INSERT INTO `act_re_procdef` VALUES ('Leave:2:2512', 2, 'office', '请假实例', 'Leave', 2, '2509', '请假实例.bpmn20.xml', '请假实例.Leave.png', NULL, 0, 1, 1, '');
INSERT INTO `act_re_procdef` VALUES ('Leave:3:12516', 6, 'office', '请假实例', 'Leave', 3, '12513', '请假实例.bpmn20.xml', '请假实例.Leave.png', NULL, 0, 1, 1, '');
INSERT INTO `act_re_procdef` VALUES ('aaaa:1:12504', 2, 'office', '007', 'aaaa', 1, '12501', '007.bpmn20.xml', '007.aaaa.png', NULL, 0, 1, 1, '');
INSERT INTO `act_re_procdef` VALUES ('aaaa:2:12508', 2, 'office', '007', 'aaaa', 2, '12505', '008.bpmn20.xml', '008.aaaa.png', NULL, 0, 1, 1, '');
INSERT INTO `act_re_procdef` VALUES ('aaaa:3:12512', 2, 'office', '007', 'aaaa', 3, '12509', '008.bpmn20.xml', '008.aaaa.png', NULL, 0, 1, 1, '');
INSERT INTO `act_re_procdef` VALUES ('abc:1:15005', 2, 'office', '2020', 'abc', 1, '15002', '2020.bpmn20.xml', '2020.abc.png', NULL, 0, 1, 1, '');

-- ----------------------------
-- Table structure for act_ru_event_subscr
-- ----------------------------
DROP TABLE IF EXISTS `act_ru_event_subscr`;
CREATE TABLE `act_ru_event_subscr`  (
  `ID_` varchar(64) CHARACTER SET utf8 COLLATE utf8_bin NOT NULL,
  `REV_` int NULL DEFAULT NULL,
  `EVENT_TYPE_` varchar(255) CHARACTER SET utf8 COLLATE utf8_bin NOT NULL,
  `EVENT_NAME_` varchar(255) CHARACTER SET utf8 COLLATE utf8_bin NULL DEFAULT NULL,
  `EXECUTION_ID_` varchar(64) CHARACTER SET utf8 COLLATE utf8_bin NULL DEFAULT NULL,
  `PROC_INST_ID_` varchar(64) CHARACTER SET utf8 COLLATE utf8_bin NULL DEFAULT NULL,
  `ACTIVITY_ID_` varchar(64) CHARACTER SET utf8 COLLATE utf8_bin NULL DEFAULT NULL,
  `CONFIGURATION_` varchar(255) CHARACTER SET utf8 COLLATE utf8_bin NULL DEFAULT NULL,
  `CREATED_` timestamp(3) NOT NULL DEFAULT CURRENT_TIMESTAMP(3),
  `PROC_DEF_ID_` varchar(64) CHARACTER SET utf8 COLLATE utf8_bin NULL DEFAULT NULL,
  `TENANT_ID_` varchar(255) CHARACTER SET utf8 COLLATE utf8_bin NULL DEFAULT '',
  PRIMARY KEY (`ID_`) USING BTREE,
  INDEX `ACT_IDX_EVENT_SUBSCR_CONFIG_`(`CONFIGURATION_`) USING BTREE,
  INDEX `ACT_FK_EVENT_EXEC`(`EXECUTION_ID_`) USING BTREE,
  CONSTRAINT `ACT_FK_EVENT_EXEC` FOREIGN KEY (`EXECUTION_ID_`) REFERENCES `act_ru_execution` (`ID_`) ON DELETE RESTRICT ON UPDATE RESTRICT
) ENGINE = InnoDB CHARACTER SET = utf8 COLLATE = utf8_bin ROW_FORMAT = DYNAMIC;

-- ----------------------------
-- Records of act_ru_event_subscr
-- ----------------------------

-- ----------------------------
-- Table structure for act_ru_execution
-- ----------------------------
DROP TABLE IF EXISTS `act_ru_execution`;
CREATE TABLE `act_ru_execution`  (
  `ID_` varchar(64) CHARACTER SET utf8 COLLATE utf8_bin NOT NULL,
  `REV_` int NULL DEFAULT NULL,
  `PROC_INST_ID_` varchar(64) CHARACTER SET utf8 COLLATE utf8_bin NULL DEFAULT NULL,
  `BUSINESS_KEY_` varchar(255) CHARACTER SET utf8 COLLATE utf8_bin NULL DEFAULT NULL,
  `PARENT_ID_` varchar(64) CHARACTER SET utf8 COLLATE utf8_bin NULL DEFAULT NULL,
  `PROC_DEF_ID_` varchar(64) CHARACTER SET utf8 COLLATE utf8_bin NULL DEFAULT NULL,
  `SUPER_EXEC_` varchar(64) CHARACTER SET utf8 COLLATE utf8_bin NULL DEFAULT NULL,
  `ACT_ID_` varchar(255) CHARACTER SET utf8 COLLATE utf8_bin NULL DEFAULT NULL,
  `IS_ACTIVE_` tinyint NULL DEFAULT NULL,
  `IS_CONCURRENT_` tinyint NULL DEFAULT NULL,
  `IS_SCOPE_` tinyint NULL DEFAULT NULL,
  `IS_EVENT_SCOPE_` tinyint NULL DEFAULT NULL,
  `SUSPENSION_STATE_` int NULL DEFAULT NULL,
  `CACHED_ENT_STATE_` int NULL DEFAULT NULL,
  `TENANT_ID_` varchar(255) CHARACTER SET utf8 COLLATE utf8_bin NULL DEFAULT '',
  `NAME_` varchar(255) CHARACTER SET utf8 COLLATE utf8_bin NULL DEFAULT NULL,
  `LOCK_TIME_` timestamp(3) NULL DEFAULT NULL,
  PRIMARY KEY (`ID_`) USING BTREE,
  INDEX `ACT_IDX_EXEC_BUSKEY`(`BUSINESS_KEY_`) USING BTREE,
  INDEX `ACT_FK_EXE_PROCINST`(`PROC_INST_ID_`) USING BTREE,
  INDEX `ACT_FK_EXE_PARENT`(`PARENT_ID_`) USING BTREE,
  INDEX `ACT_FK_EXE_SUPER`(`SUPER_EXEC_`) USING BTREE,
  INDEX `ACT_FK_EXE_PROCDEF`(`PROC_DEF_ID_`) USING BTREE,
  CONSTRAINT `ACT_FK_EXE_PARENT` FOREIGN KEY (`PARENT_ID_`) REFERENCES `act_ru_execution` (`ID_`) ON DELETE RESTRICT ON UPDATE RESTRICT,
  CONSTRAINT `ACT_FK_EXE_PROCDEF` FOREIGN KEY (`PROC_DEF_ID_`) REFERENCES `act_re_procdef` (`ID_`) ON DELETE RESTRICT ON UPDATE RESTRICT,
  CONSTRAINT `ACT_FK_EXE_PROCINST` FOREIGN KEY (`PROC_INST_ID_`) REFERENCES `act_ru_execution` (`ID_`) ON DELETE CASCADE ON UPDATE CASCADE,
  CONSTRAINT `ACT_FK_EXE_SUPER` FOREIGN KEY (`SUPER_EXEC_`) REFERENCES `act_ru_execution` (`ID_`) ON DELETE RESTRICT ON UPDATE RESTRICT
) ENGINE = InnoDB CHARACTER SET = utf8 COLLATE = utf8_bin ROW_FORMAT = DYNAMIC;

-- ----------------------------
-- Records of act_ru_execution
-- ----------------------------
INSERT INTO `act_ru_execution` VALUES ('2501', 1, '2501', 'Leave_168', NULL, 'Leave:1:7', NULL, 'sid-2F48C93B-41C0-4F80-9EF2-D22465136B57', 1, 0, 1, 0, 1, 2, '', NULL, NULL);
INSERT INTO `act_ru_execution` VALUES ('2513', 2, '2513', 'Leave_169', NULL, 'Leave:2:2512', NULL, 'sid-E6D7FD4F-DC91-49C4-B617-D86226710E0B', 1, 0, 1, 0, 1, 2, '', NULL, NULL);
INSERT INTO `act_ru_execution` VALUES ('8', 2, '8', 'Leave_167', NULL, 'Leave:1:7', NULL, 'sid-E6D7FD4F-DC91-49C4-B617-D86226710E0B', 1, 0, 1, 0, 1, 2, '', NULL, NULL);

-- ----------------------------
-- Table structure for act_ru_identitylink
-- ----------------------------
DROP TABLE IF EXISTS `act_ru_identitylink`;
CREATE TABLE `act_ru_identitylink`  (
  `ID_` varchar(64) CHARACTER SET utf8 COLLATE utf8_bin NOT NULL,
  `REV_` int NULL DEFAULT NULL,
  `GROUP_ID_` varchar(255) CHARACTER SET utf8 COLLATE utf8_bin NULL DEFAULT NULL,
  `TYPE_` varchar(255) CHARACTER SET utf8 COLLATE utf8_bin NULL DEFAULT NULL,
  `USER_ID_` varchar(255) CHARACTER SET utf8 COLLATE utf8_bin NULL DEFAULT NULL,
  `TASK_ID_` varchar(64) CHARACTER SET utf8 COLLATE utf8_bin NULL DEFAULT NULL,
  `PROC_INST_ID_` varchar(64) CHARACTER SET utf8 COLLATE utf8_bin NULL DEFAULT NULL,
  `PROC_DEF_ID_` varchar(64) CHARACTER SET utf8 COLLATE utf8_bin NULL DEFAULT NULL,
  PRIMARY KEY (`ID_`) USING BTREE,
  INDEX `ACT_IDX_IDENT_LNK_USER`(`USER_ID_`) USING BTREE,
  INDEX `ACT_IDX_IDENT_LNK_GROUP`(`GROUP_ID_`) USING BTREE,
  INDEX `ACT_IDX_ATHRZ_PROCEDEF`(`PROC_DEF_ID_`) USING BTREE,
  INDEX `ACT_FK_TSKASS_TASK`(`TASK_ID_`) USING BTREE,
  INDEX `ACT_FK_IDL_PROCINST`(`PROC_INST_ID_`) USING BTREE,
  CONSTRAINT `ACT_FK_ATHRZ_PROCEDEF` FOREIGN KEY (`PROC_DEF_ID_`) REFERENCES `act_re_procdef` (`ID_`) ON DELETE RESTRICT ON UPDATE RESTRICT,
  CONSTRAINT `ACT_FK_IDL_PROCINST` FOREIGN KEY (`PROC_INST_ID_`) REFERENCES `act_ru_execution` (`ID_`) ON DELETE RESTRICT ON UPDATE RESTRICT,
  CONSTRAINT `ACT_FK_TSKASS_TASK` FOREIGN KEY (`TASK_ID_`) REFERENCES `act_ru_task` (`ID_`) ON DELETE RESTRICT ON UPDATE RESTRICT
) ENGINE = InnoDB CHARACTER SET = utf8 COLLATE = utf8_bin ROW_FORMAT = DYNAMIC;

-- ----------------------------
-- Records of act_ru_identitylink
-- ----------------------------
INSERT INTO `act_ru_identitylink` VALUES ('22', 1, NULL, 'participant', '小可爱', NULL, '8', NULL);
INSERT INTO `act_ru_identitylink` VALUES ('2502', 1, NULL, 'starter', '小狗', NULL, '2501', NULL);
INSERT INTO `act_ru_identitylink` VALUES ('2514', 1, NULL, 'starter', '小狗', NULL, '2513', NULL);
INSERT INTO `act_ru_identitylink` VALUES ('5007', 1, NULL, 'participant', '小可爱', NULL, '2513', NULL);
INSERT INTO `act_ru_identitylink` VALUES ('9', 1, NULL, 'starter', '小狗', NULL, '8', NULL);

-- ----------------------------
-- Table structure for act_ru_job
-- ----------------------------
DROP TABLE IF EXISTS `act_ru_job`;
CREATE TABLE `act_ru_job`  (
  `ID_` varchar(64) CHARACTER SET utf8 COLLATE utf8_bin NOT NULL,
  `REV_` int NULL DEFAULT NULL,
  `TYPE_` varchar(255) CHARACTER SET utf8 COLLATE utf8_bin NOT NULL,
  `LOCK_EXP_TIME_` timestamp(3) NULL DEFAULT NULL,
  `LOCK_OWNER_` varchar(255) CHARACTER SET utf8 COLLATE utf8_bin NULL DEFAULT NULL,
  `EXCLUSIVE_` tinyint(1) NULL DEFAULT NULL,
  `EXECUTION_ID_` varchar(64) CHARACTER SET utf8 COLLATE utf8_bin NULL DEFAULT NULL,
  `PROCESS_INSTANCE_ID_` varchar(64) CHARACTER SET utf8 COLLATE utf8_bin NULL DEFAULT NULL,
  `PROC_DEF_ID_` varchar(64) CHARACTER SET utf8 COLLATE utf8_bin NULL DEFAULT NULL,
  `RETRIES_` int NULL DEFAULT NULL,
  `EXCEPTION_STACK_ID_` varchar(64) CHARACTER SET utf8 COLLATE utf8_bin NULL DEFAULT NULL,
  `EXCEPTION_MSG_` varchar(4000) CHARACTER SET utf8 COLLATE utf8_bin NULL DEFAULT NULL,
  `DUEDATE_` timestamp(3) NULL DEFAULT NULL,
  `REPEAT_` varchar(255) CHARACTER SET utf8 COLLATE utf8_bin NULL DEFAULT NULL,
  `HANDLER_TYPE_` varchar(255) CHARACTER SET utf8 COLLATE utf8_bin NULL DEFAULT NULL,
  `HANDLER_CFG_` varchar(4000) CHARACTER SET utf8 COLLATE utf8_bin NULL DEFAULT NULL,
  `TENANT_ID_` varchar(255) CHARACTER SET utf8 COLLATE utf8_bin NULL DEFAULT '',
  PRIMARY KEY (`ID_`) USING BTREE,
  INDEX `ACT_FK_JOB_EXCEPTION`(`EXCEPTION_STACK_ID_`) USING BTREE,
  CONSTRAINT `ACT_FK_JOB_EXCEPTION` FOREIGN KEY (`EXCEPTION_STACK_ID_`) REFERENCES `act_ge_bytearray` (`ID_`) ON DELETE RESTRICT ON UPDATE RESTRICT
) ENGINE = InnoDB CHARACTER SET = utf8 COLLATE = utf8_bin ROW_FORMAT = DYNAMIC;

-- ----------------------------
-- Records of act_ru_job
-- ----------------------------

-- ----------------------------
-- Table structure for act_ru_task
-- ----------------------------
DROP TABLE IF EXISTS `act_ru_task`;
CREATE TABLE `act_ru_task`  (
  `ID_` varchar(64) CHARACTER SET utf8 COLLATE utf8_bin NOT NULL,
  `REV_` int NULL DEFAULT NULL,
  `EXECUTION_ID_` varchar(64) CHARACTER SET utf8 COLLATE utf8_bin NULL DEFAULT NULL,
  `PROC_INST_ID_` varchar(64) CHARACTER SET utf8 COLLATE utf8_bin NULL DEFAULT NULL,
  `PROC_DEF_ID_` varchar(64) CHARACTER SET utf8 COLLATE utf8_bin NULL DEFAULT NULL,
  `NAME_` varchar(255) CHARACTER SET utf8 COLLATE utf8_bin NULL DEFAULT NULL,
  `PARENT_TASK_ID_` varchar(64) CHARACTER SET utf8 COLLATE utf8_bin NULL DEFAULT NULL,
  `DESCRIPTION_` varchar(4000) CHARACTER SET utf8 COLLATE utf8_bin NULL DEFAULT NULL,
  `TASK_DEF_KEY_` varchar(255) CHARACTER SET utf8 COLLATE utf8_bin NULL DEFAULT NULL,
  `OWNER_` varchar(255) CHARACTER SET utf8 COLLATE utf8_bin NULL DEFAULT NULL,
  `ASSIGNEE_` varchar(255) CHARACTER SET utf8 COLLATE utf8_bin NULL DEFAULT NULL,
  `DELEGATION_` varchar(64) CHARACTER SET utf8 COLLATE utf8_bin NULL DEFAULT NULL,
  `PRIORITY_` int NULL DEFAULT NULL,
  `CREATE_TIME_` timestamp(3) NULL DEFAULT NULL,
  `DUE_DATE_` datetime(3) NULL DEFAULT NULL,
  `CATEGORY_` varchar(255) CHARACTER SET utf8 COLLATE utf8_bin NULL DEFAULT NULL,
  `SUSPENSION_STATE_` int NULL DEFAULT NULL,
  `TENANT_ID_` varchar(255) CHARACTER SET utf8 COLLATE utf8_bin NULL DEFAULT '',
  `FORM_KEY_` varchar(255) CHARACTER SET utf8 COLLATE utf8_bin NULL DEFAULT NULL,
  PRIMARY KEY (`ID_`) USING BTREE,
  INDEX `ACT_IDX_TASK_CREATE`(`CREATE_TIME_`) USING BTREE,
  INDEX `ACT_FK_TASK_EXE`(`EXECUTION_ID_`) USING BTREE,
  INDEX `ACT_FK_TASK_PROCINST`(`PROC_INST_ID_`) USING BTREE,
  INDEX `ACT_FK_TASK_PROCDEF`(`PROC_DEF_ID_`) USING BTREE,
  CONSTRAINT `ACT_FK_TASK_EXE` FOREIGN KEY (`EXECUTION_ID_`) REFERENCES `act_ru_execution` (`ID_`) ON DELETE RESTRICT ON UPDATE RESTRICT,
  CONSTRAINT `ACT_FK_TASK_PROCDEF` FOREIGN KEY (`PROC_DEF_ID_`) REFERENCES `act_re_procdef` (`ID_`) ON DELETE RESTRICT ON UPDATE RESTRICT,
  CONSTRAINT `ACT_FK_TASK_PROCINST` FOREIGN KEY (`PROC_INST_ID_`) REFERENCES `act_ru_execution` (`ID_`) ON DELETE RESTRICT ON UPDATE RESTRICT
) ENGINE = InnoDB CHARACTER SET = utf8 COLLATE = utf8_bin ROW_FORMAT = DYNAMIC;

-- ----------------------------
-- Records of act_ru_task
-- ----------------------------
INSERT INTO `act_ru_task` VALUES ('21', 1, '8', '8', 'Leave:1:7', '小可爱审批', NULL, NULL, 'sid-E6D7FD4F-DC91-49C4-B617-D86226710E0B', NULL, '小可爱', NULL, 50, '2021-04-19 21:48:12.442', NULL, NULL, 1, '', NULL);
INSERT INTO `act_ru_task` VALUES ('2508', 1, '2501', '2501', 'Leave:1:7', '小狗审批', NULL, NULL, 'sid-2F48C93B-41C0-4F80-9EF2-D22465136B57', NULL, '小狗', NULL, 50, '2021-04-22 19:22:36.216', NULL, NULL, 1, '', NULL);
INSERT INTO `act_ru_task` VALUES ('5006', 1, '2513', '2513', 'Leave:2:2512', '小可爱审批', NULL, NULL, 'sid-E6D7FD4F-DC91-49C4-B617-D86226710E0B', NULL, '小可爱', NULL, 50, '2021-04-22 23:38:26.056', NULL, NULL, 1, '', NULL);

-- ----------------------------
-- Table structure for act_ru_variable
-- ----------------------------
DROP TABLE IF EXISTS `act_ru_variable`;
CREATE TABLE `act_ru_variable`  (
  `ID_` varchar(64) CHARACTER SET utf8 COLLATE utf8_bin NOT NULL,
  `REV_` int NULL DEFAULT NULL,
  `TYPE_` varchar(255) CHARACTER SET utf8 COLLATE utf8_bin NOT NULL,
  `NAME_` varchar(255) CHARACTER SET utf8 COLLATE utf8_bin NOT NULL,
  `EXECUTION_ID_` varchar(64) CHARACTER SET utf8 COLLATE utf8_bin NULL DEFAULT NULL,
  `PROC_INST_ID_` varchar(64) CHARACTER SET utf8 COLLATE utf8_bin NULL DEFAULT NULL,
  `TASK_ID_` varchar(64) CHARACTER SET utf8 COLLATE utf8_bin NULL DEFAULT NULL,
  `BYTEARRAY_ID_` varchar(64) CHARACTER SET utf8 COLLATE utf8_bin NULL DEFAULT NULL,
  `DOUBLE_` double NULL DEFAULT NULL,
  `LONG_` bigint NULL DEFAULT NULL,
  `TEXT_` varchar(4000) CHARACTER SET utf8 COLLATE utf8_bin NULL DEFAULT NULL,
  `TEXT2_` varchar(4000) CHARACTER SET utf8 COLLATE utf8_bin NULL DEFAULT NULL,
  PRIMARY KEY (`ID_`) USING BTREE,
  INDEX `ACT_IDX_VARIABLE_TASK_ID`(`TASK_ID_`) USING BTREE,
  INDEX `ACT_FK_VAR_EXE`(`EXECUTION_ID_`) USING BTREE,
  INDEX `ACT_FK_VAR_PROCINST`(`PROC_INST_ID_`) USING BTREE,
  INDEX `ACT_FK_VAR_BYTEARRAY`(`BYTEARRAY_ID_`) USING BTREE,
  CONSTRAINT `ACT_FK_VAR_BYTEARRAY` FOREIGN KEY (`BYTEARRAY_ID_`) REFERENCES `act_ge_bytearray` (`ID_`) ON DELETE RESTRICT ON UPDATE RESTRICT,
  CONSTRAINT `ACT_FK_VAR_EXE` FOREIGN KEY (`EXECUTION_ID_`) REFERENCES `act_ru_execution` (`ID_`) ON DELETE RESTRICT ON UPDATE RESTRICT,
  CONSTRAINT `ACT_FK_VAR_PROCINST` FOREIGN KEY (`PROC_INST_ID_`) REFERENCES `act_ru_execution` (`ID_`) ON DELETE RESTRICT ON UPDATE RESTRICT
) ENGINE = InnoDB CHARACTER SET = utf8 COLLATE = utf8_bin ROW_FORMAT = DYNAMIC;

-- ----------------------------
-- Records of act_ru_variable
-- ----------------------------

-- ----------------------------
-- Table structure for dev_apiinfo
-- ----------------------------
DROP TABLE IF EXISTS `dev_apiinfo`;
CREATE TABLE `dev_apiinfo`  (
  `id` int NOT NULL AUTO_INCREMENT COMMENT '编号',
  `application_id` int NULL DEFAULT NULL COMMENT '应用编号',
  `table_id` int NULL DEFAULT NULL COMMENT '表编号',
  `table_name` varchar(60) CHARACTER SET utf8mb4 COLLATE utf8mb4_general_ci NULL DEFAULT NULL COMMENT '表名',
  `name` varchar(60) CHARACTER SET utf8mb4 COLLATE utf8mb4_general_ci NULL DEFAULT NULL COMMENT '名称',
  `code` varchar(32) CHARACTER SET utf8mb4 COLLATE utf8mb4_general_ci NULL DEFAULT NULL COMMENT '自定义编号',
  `parent_id` int NULL DEFAULT NULL COMMENT '父编号',
  `type` varchar(10) CHARACTER SET utf8mb4 COLLATE utf8mb4_general_ci NULL DEFAULT NULL COMMENT '接口类型',
  `request_type` varchar(10) CHARACTER SET utf8mb4 COLLATE utf8mb4_general_ci NULL DEFAULT NULL COMMENT '请求方式',
  `request_method` varchar(30) CHARACTER SET utf8mb4 COLLATE utf8mb4_general_ci NULL DEFAULT NULL COMMENT '请求方法',
  `fdata` text CHARACTER SET utf8mb4 COLLATE utf8mb4_general_ci NULL COMMENT '字段数据',
  `pdata` text CHARACTER SET utf8mb4 COLLATE utf8mb4_general_ci NULL COMMENT '参数数据',
  `scripts` varchar(1024) CHARACTER SET utf8mb4 COLLATE utf8mb4_general_ci NULL DEFAULT NULL COMMENT '脚本',
  `dept_id` int NULL DEFAULT NULL COMMENT '机构编号',
  `status` char(1) CHARACTER SET utf8mb4 COLLATE utf8mb4_general_ci NULL DEFAULT '0' COMMENT '状态（0-正常，1-停用）',
  `create_by` varchar(60) CHARACTER SET utf8mb4 COLLATE utf8mb4_general_ci NULL DEFAULT NULL COMMENT '创建人',
  `create_time` datetime NULL DEFAULT NULL COMMENT '创建时间',
  `update_by` varchar(60) CHARACTER SET utf8mb4 COLLATE utf8mb4_general_ci NULL DEFAULT NULL COMMENT '更新人',
  `update_time` datetime NULL DEFAULT NULL COMMENT '更新时间',
  `remarks` varchar(255) CHARACTER SET utf8mb4 COLLATE utf8mb4_general_ci NULL DEFAULT NULL COMMENT '备注',
  `del_flag` char(1) CHARACTER SET utf8mb4 COLLATE utf8mb4_general_ci NULL DEFAULT '0' COMMENT '删除标识（0-正常，1-删除）',
  PRIMARY KEY (`id`) USING BTREE
) ENGINE = InnoDB AUTO_INCREMENT = 20 CHARACTER SET = utf8mb4 COLLATE = utf8mb4_general_ci COMMENT = '接口信息' ROW_FORMAT = DYNAMIC;

-- ----------------------------
-- Records of dev_apiinfo
-- ----------------------------
INSERT INTO `dev_apiinfo` VALUES (6, 2, 3, 'intelligent_form_extend', '11', 'q31', 0, 'other', '-', '/q31', NULL, NULL, NULL, 1, '0', NULL, '2021-05-03 21:21:19', NULL, NULL, '', '1');
INSERT INTO `dev_apiinfo` VALUES (7, 2, 3, NULL, '11新增', 'save', 6, 'insert', 'post', '/save', '[{\"name\":\"表单扩展模板编码\",\"checked\":false,\"columnName\":\"id\"},{\"name\":\"表单扩展编码\",\"checked\":true,\"columnName\":\"code\"},{\"name\":\"表单扩展模板名称\",\"checked\":true,\"columnName\":\"name\"},{\"name\":\"渲染控件数据集合\",\"checked\":true,\"columnName\":\"drawing_controls\"},{\"name\":\"记录目前控件全局ID-自增长\",\"checked\":true,\"columnName\":\"id_global\"},{\"name\":\"级联下拉树形选项局部ID-内部标识-目前实现控件独立\",\"checked\":true,\"columnName\":\"tree_node_id\"},{\"name\":\"表单扩展创建用户\",\"checked\":false,\"columnName\":\"create_by\"},{\"name\":\"表单扩展插件时间\",\"checked\":false,\"columnName\":\"create_time\"},{\"name\":\"表单扩展修改用户\\n\",\"checked\":false,\"columnName\":\"update_by\"},{\"name\":\"表单扩展修改时间\",\"checked\":false,\"columnName\":\"update_time\"},{\"name\":\"表单扩展备注\",\"checked\":false,\"columnName\":\"remarks\"}]', NULL, 'insert into intelligent_form_extend (code,name,drawing_controls,id_global,tree_node_id) values (?,?,?,?,?)', 1, '0', NULL, '2021-05-03 21:21:19', NULL, NULL, NULL, '1');
INSERT INTO `dev_apiinfo` VALUES (16, 2, 3, 'intelligent_form_extend', 'q312', '123', 0, 'other', '-', '/123', NULL, NULL, NULL, 1, '0', NULL, '2021-05-03 21:24:25', NULL, NULL, '131', '1');
INSERT INTO `dev_apiinfo` VALUES (17, 2, 3, NULL, 'q312新增', 'save', 16, 'insert', 'post', '/save', '[{\"name\":\"表单扩展模板编码\",\"checked\":false,\"columnName\":\"id\"},{\"name\":\"表单扩展编码\",\"checked\":true,\"columnName\":\"code\"},{\"name\":\"表单扩展模板名称\",\"checked\":true,\"columnName\":\"name\"},{\"name\":\"渲染控件数据集合\",\"checked\":true,\"columnName\":\"drawing_controls\"},{\"name\":\"记录目前控件全局ID-自增长\",\"checked\":true,\"columnName\":\"id_global\"},{\"name\":\"级联下拉树形选项局部ID-内部标识-目前实现控件独立\",\"checked\":true,\"columnName\":\"tree_node_id\"},{\"name\":\"表单扩展创建用户\",\"checked\":false,\"columnName\":\"create_by\"},{\"name\":\"表单扩展插件时间\",\"checked\":false,\"columnName\":\"create_time\"},{\"name\":\"表单扩展修改用户\\n\",\"checked\":false,\"columnName\":\"update_by\"},{\"name\":\"表单扩展修改时间\",\"checked\":false,\"columnName\":\"update_time\"},{\"name\":\"表单扩展备注\",\"checked\":false,\"columnName\":\"remarks\"}]', NULL, 'insert into intelligent_form_extend (code,name,drawing_controls,id_global,tree_node_id) values (?,?,?,?,?)', 1, '0', NULL, '2021-05-03 21:24:25', NULL, NULL, NULL, '1');
INSERT INTO `dev_apiinfo` VALUES (18, 2, 3, NULL, 'q312修改', 'update', 16, 'update', 'post', '/update', '[{\"name\":\"表单扩展模板编码\",\"checked\":false,\"columnName\":\"id\"},{\"name\":\"表单扩展编码\",\"checked\":true,\"columnName\":\"code\"},{\"name\":\"表单扩展模板名称\",\"checked\":true,\"columnName\":\"name\"},{\"name\":\"渲染控件数据集合\",\"checked\":true,\"columnName\":\"drawing_controls\"},{\"name\":\"记录目前控件全局ID-自增长\",\"checked\":true,\"columnName\":\"id_global\"},{\"name\":\"级联下拉树形选项局部ID-内部标识-目前实现控件独立\",\"checked\":true,\"columnName\":\"tree_node_id\"},{\"name\":\"表单扩展创建用户\",\"checked\":false,\"columnName\":\"create_by\"},{\"name\":\"表单扩展插件时间\",\"checked\":false,\"columnName\":\"create_time\"},{\"name\":\"表单扩展修改用户\\n\",\"checked\":false,\"columnName\":\"update_by\"},{\"name\":\"表单扩展修改时间\",\"checked\":false,\"columnName\":\"update_time\"},{\"name\":\"表单扩展备注\",\"checked\":false,\"columnName\":\"remarks\"}]', NULL, 'update intelligent_form_extend set code = ? ,name = ? ,drawing_controls = ? ,id_global = ? ,tree_node_id = ? ', 1, '0', NULL, '2021-05-03 21:24:25', NULL, NULL, NULL, '1');
INSERT INTO `dev_apiinfo` VALUES (19, 2, 3, NULL, 'q312删除', 'remove', 16, 'delete', 'get', '/remove', '[{\"name\":\"表单扩展模板编码\",\"checked\":true,\"columnName\":\"id\"},{\"name\":\"表单扩展编码\",\"checked\":false,\"columnName\":\"code\"},{\"name\":\"表单扩展模板名称\",\"checked\":false,\"columnName\":\"name\"},{\"name\":\"渲染控件数据集合\",\"checked\":false,\"columnName\":\"drawing_controls\"},{\"name\":\"记录目前控件全局ID-自增长\",\"checked\":false,\"columnName\":\"id_global\"},{\"name\":\"级联下拉树形选项局部ID-内部标识-目前实现控件独立\",\"checked\":false,\"columnName\":\"tree_node_id\"},{\"name\":\"表单扩展创建用户\",\"checked\":false,\"columnName\":\"create_by\"},{\"name\":\"表单扩展插件时间\",\"checked\":false,\"columnName\":\"create_time\"},{\"name\":\"表单扩展修改用户\\n\",\"checked\":false,\"columnName\":\"update_by\"},{\"name\":\"表单扩展修改时间\",\"checked\":false,\"columnName\":\"update_time\"},{\"name\":\"表单扩展备注\",\"checked\":false,\"columnName\":\"remarks\"}]', NULL, 'delete intelligent_form_extend where id = ?', 1, '0', NULL, '2021-05-03 21:24:25', NULL, NULL, NULL, '1');
INSERT INTO `dev_apiinfo` VALUES (20, 2, 3, NULL, 'q312列表', 'list', 16, 'select', 'get', '/list', '[{\"name\":\"表单扩展模板编码\",\"checked\":false,\"columnName\":\"id\"},{\"name\":\"表单扩展编码\",\"checked\":true,\"columnName\":\"code\"},{\"name\":\"表单扩展模板名称\",\"checked\":true,\"columnName\":\"name\"},{\"name\":\"渲染控件数据集合\",\"checked\":true,\"columnName\":\"drawing_controls\"},{\"name\":\"记录目前控件全局ID-自增长\",\"checked\":true,\"columnName\":\"id_global\"},{\"name\":\"级联下拉树形选项局部ID-内部标识-目前实现控件独立\",\"checked\":true,\"columnName\":\"tree_node_id\"},{\"name\":\"表单扩展创建用户\",\"checked\":false,\"columnName\":\"create_by\"},{\"name\":\"表单扩展插件时间\",\"checked\":true,\"columnName\":\"create_time\"},{\"name\":\"表单扩展修改用户\\n\",\"checked\":false,\"columnName\":\"update_by\"},{\"name\":\"表单扩展修改时间\",\"checked\":false,\"columnName\":\"update_time\"},{\"name\":\"表单扩展备注\",\"checked\":false,\"columnName\":\"remarks\"}]', '[{\"name\":\"表单扩展模板编码\",\"checked\":false,\"columnName\":\"id\"},{\"name\":\"表单扩展编码\",\"checked\":true,\"columnName\":\"code\"},{\"name\":\"表单扩展模板名称\",\"checked\":true,\"columnName\":\"name\"},{\"name\":\"渲染控件数据集合\",\"checked\":true,\"columnName\":\"drawing_controls\"},{\"name\":\"记录目前控件全局ID-自增长\",\"checked\":true,\"columnName\":\"id_global\"},{\"name\":\"级联下拉树形选项局部ID-内部标识-目前实现控件独立\",\"checked\":true,\"columnName\":\"tree_node_id\"},{\"name\":\"表单扩展创建用户\",\"checked\":false,\"columnName\":\"create_by\"},{\"name\":\"表单扩展插件时间\",\"checked\":true,\"columnName\":\"create_time\"},{\"name\":\"表单扩展修改用户\\n\",\"checked\":false,\"columnName\":\"update_by\"},{\"name\":\"表单扩展修改时间\",\"checked\":false,\"columnName\":\"update_time\"},{\"name\":\"表单扩展备注\",\"checked\":false,\"columnName\":\"remarks\"}]', 'select code code, name name, drawing_controls drawingControls, id_global idGlobal, tree_node_id treeNodeId, create_time createTime from intelligent_form_extend where code = ? and name = ? and drawing_controls = ? and id_global = ? and tree_node_id = ? and create_time = ? ', 1, '0', NULL, '2021-05-03 21:24:32', NULL, NULL, NULL, '1');

-- ----------------------------
-- Table structure for dev_column
-- ----------------------------
DROP TABLE IF EXISTS `dev_column`;
CREATE TABLE `dev_column`  (
  `id` int NOT NULL AUTO_INCREMENT COMMENT '编号',
  `table_id` varchar(64) CHARACTER SET utf8mb4 COLLATE utf8mb4_general_ci NULL DEFAULT NULL COMMENT '归属表编号',
  `column_name` varchar(200) CHARACTER SET utf8mb4 COLLATE utf8mb4_general_ci NULL DEFAULT NULL COMMENT '列名称',
  `column_comment` varchar(500) CHARACTER SET utf8mb4 COLLATE utf8mb4_general_ci NULL DEFAULT NULL COMMENT '列描述',
  `column_type` varchar(100) CHARACTER SET utf8mb4 COLLATE utf8mb4_general_ci NULL DEFAULT NULL COMMENT '列类型',
  `java_type` varchar(500) CHARACTER SET utf8mb4 COLLATE utf8mb4_general_ci NULL DEFAULT NULL COMMENT 'JAVA类型',
  `java_field` varchar(200) CHARACTER SET utf8mb4 COLLATE utf8mb4_general_ci NULL DEFAULT NULL COMMENT 'JAVA字段名',
  `def_value` varchar(120) CHARACTER SET utf8 COLLATE utf8_general_ci NULL DEFAULT NULL COMMENT '默认值',
  `is_pk` char(1) CHARACTER SET utf8mb4 COLLATE utf8mb4_general_ci NULL DEFAULT '0' COMMENT '是否主键（1是）',
  `is_increment` char(1) CHARACTER SET utf8mb4 COLLATE utf8mb4_general_ci NULL DEFAULT '0' COMMENT '是否自增（1是）',
  `is_required` char(1) CHARACTER SET utf8mb4 COLLATE utf8mb4_general_ci NULL DEFAULT '0' COMMENT '是否必填（1是）',
  `is_add` char(1) CHARACTER SET utf8mb4 COLLATE utf8mb4_general_ci NULL DEFAULT '0' COMMENT '是否为新增字段（1是）',
  `is_edit` char(1) CHARACTER SET utf8mb4 COLLATE utf8mb4_general_ci NULL DEFAULT '0' COMMENT '是否编辑字段（1是）',
  `is_list` char(1) CHARACTER SET utf8mb4 COLLATE utf8mb4_general_ci NULL DEFAULT '0' COMMENT '是否列表字段（1是）',
  `is_query` char(1) CHARACTER SET utf8mb4 COLLATE utf8mb4_general_ci NULL DEFAULT '0' COMMENT '是否查询字段（1是）',
  `query_type` varchar(20) CHARACTER SET utf8mb4 COLLATE utf8mb4_general_ci NULL DEFAULT 'eq' COMMENT '查询方式（等于、不等于、大于、小于、范围）',
  `html_type` varchar(200) CHARACTER SET utf8mb4 COLLATE utf8mb4_general_ci NULL DEFAULT NULL COMMENT '显示类型（文本框、文本域、下拉框、复选框、单选框、日期控件）',
  `dict_type` varchar(200) CHARACTER SET utf8mb4 COLLATE utf8mb4_general_ci NULL DEFAULT '' COMMENT '字典类型',
  `sort` int NULL DEFAULT NULL COMMENT '排序',
  `create_by` varchar(64) CHARACTER SET utf8mb4 COLLATE utf8mb4_general_ci NULL DEFAULT '' COMMENT '创建者',
  `create_time` datetime NULL DEFAULT NULL COMMENT '创建时间',
  `update_by` varchar(64) CHARACTER SET utf8mb4 COLLATE utf8mb4_general_ci NULL DEFAULT '' COMMENT '更新者',
  `update_time` datetime NULL DEFAULT NULL COMMENT '更新时间',
  `remarks` varchar(500) CHARACTER SET utf8mb4 COLLATE utf8mb4_general_ci NULL DEFAULT NULL COMMENT '备注',
  `del_flag` char(1) CHARACTER SET utf8mb4 COLLATE utf8mb4_bin NULL DEFAULT '0' COMMENT '0-正常，1-删除',
  PRIMARY KEY (`id`) USING BTREE
) ENGINE = InnoDB AUTO_INCREMENT = 69 CHARACTER SET = utf8 COLLATE = utf8_general_ci ROW_FORMAT = DYNAMIC;

-- ----------------------------
-- Records of dev_column
-- ----------------------------
INSERT INTO `dev_column` VALUES (1, '1', 'id', '编号', 'int(11)', 'Integer', 'id', NULL, '1', '1', '0', '0', '0', '1', '0', 'eq', 'input', '', 1, NULL, '2021-05-03 21:01:48', '', NULL, NULL, '1');
INSERT INTO `dev_column` VALUES (2, '1', 'create_by', '创建人', 'varchar(60)', 'String', 'createBy', NULL, '0', '0', '0', '0', '0', '0', '0', 'eq', 'input', '', 2, NULL, '2021-05-03 21:01:48', '', NULL, NULL, '1');
INSERT INTO `dev_column` VALUES (3, '1', 'create_time', '创建时间', 'datetime', 'Date', 'createTime', NULL, '0', '0', '0', '0', '0', '1', '1', 'between', 'datetime', '', 3, NULL, '2021-05-03 21:01:48', '', NULL, NULL, '1');
INSERT INTO `dev_column` VALUES (4, '1', 'update_by', '更新人', 'varchar(60)', 'String', 'updateBy', NULL, '0', '0', '0', '0', '0', '0', '0', 'eq', 'input', '', 4, NULL, '2021-05-03 21:01:48', '', NULL, NULL, '1');
INSERT INTO `dev_column` VALUES (5, '1', 'update_time', '更新时间', 'datetime', 'Date', 'updateTime', NULL, '0', '0', '0', '0', '0', '0', '0', 'between', 'datetime', '', 5, NULL, '2021-05-03 21:01:48', '', NULL, NULL, '1');
INSERT INTO `dev_column` VALUES (6, '1', 'remarks', '备注', 'varchar(255)', 'String', 'remarks', NULL, '0', '0', '0', '1', '1', '0', '0', 'eq', 'textarea', '', 6, NULL, '2021-05-03 21:01:48', '', NULL, NULL, '1');
INSERT INTO `dev_column` VALUES (7, '1', 'del_flag', '删除标识（0-正常，1-删除）', 'char(1)', 'String', 'delFlag', '0', '0', '0', '0', '0', '0', '0', '0', 'eq', 'input', '', 7, NULL, '2021-05-03 21:01:48', '', NULL, NULL, '1');
INSERT INTO `dev_column` VALUES (8, '2', 'id', '主键ID', 'varchar(50)', 'String', 'id', NULL, '0', '0', '1', '0', '0', '0', '0', 'eq', 'input', '', 1, 'admin', '2021-05-03 21:17:00', '', NULL, NULL, '1');
INSERT INTO `dev_column` VALUES (9, '2', 'name', '姓名', 'varchar(30)', 'String', 'name', NULL, '0', '0', '0', '1', '1', '1', '1', 'like', 'input', '', 2, 'admin', '2021-05-03 21:17:00', '', NULL, NULL, '1');
INSERT INTO `dev_column` VALUES (10, '2', 'key_word', '关键词', 'varchar(255)', 'String', 'keyWord', NULL, '0', '0', '0', '1', '1', '1', '1', 'eq', 'textarea', '', 3, 'admin', '2021-05-03 21:17:00', '', NULL, NULL, '1');
INSERT INTO `dev_column` VALUES (11, '2', 'punch_time', '打卡时间', 'datetime', 'Date', 'punchTime', NULL, '0', '0', '0', '1', '1', '1', '1', 'eq', 'datetime', '', 4, 'admin', '2021-05-03 21:17:00', '', NULL, NULL, '1');
INSERT INTO `dev_column` VALUES (12, '2', 'salary_money', '工资', 'decimal(10,3)', 'Double', 'salaryMoney', NULL, '0', '0', '0', '1', '1', '1', '1', 'eq', 'input', '', 5, 'admin', '2021-05-03 21:17:00', '', NULL, NULL, '1');
INSERT INTO `dev_column` VALUES (13, '2', 'bonus_money', '奖金', 'double(10,2)', 'Double', 'bonusMoney', NULL, '0', '0', '0', '1', '1', '1', '1', 'eq', 'input', '', 6, 'admin', '2021-05-03 21:17:00', '', NULL, NULL, '1');
INSERT INTO `dev_column` VALUES (14, '2', 'sex', '性别 {男:1,女:2}', 'varchar(2)', 'String', 'sex', NULL, '0', '0', '0', '1', '1', '1', '1', 'eq', 'select', '', 7, 'admin', '2021-05-03 21:17:00', '', NULL, NULL, '1');
INSERT INTO `dev_column` VALUES (15, '2', 'age', '年龄', 'int', 'Long', 'age', NULL, '0', '0', '0', '1', '1', '1', '1', 'eq', 'input', '', 8, 'admin', '2021-05-03 21:17:00', '', NULL, NULL, '1');
INSERT INTO `dev_column` VALUES (16, '2', 'birthday', '生日', 'date', 'Date', 'birthday', NULL, '0', '0', '0', '1', '1', '1', '1', 'eq', 'datetime', '', 9, 'admin', '2021-05-03 21:17:00', '', NULL, NULL, '1');
INSERT INTO `dev_column` VALUES (17, '2', 'email', '邮箱', 'varchar(50)', 'String', 'email', NULL, '0', '0', '0', '1', '1', '1', '1', 'eq', 'input', '', 10, 'admin', '2021-05-03 21:17:00', '', NULL, NULL, '1');
INSERT INTO `dev_column` VALUES (18, '2', 'content', '个人简介', 'varchar(1000)', 'String', 'content', NULL, '0', '0', '0', '1', '1', '1', '1', 'eq', 'textarea', '', 11, 'admin', '2021-05-03 21:17:00', '', NULL, NULL, '1');
INSERT INTO `dev_column` VALUES (19, '2', 'create_by', '创建人', 'varchar(32)', 'String', 'createBy', NULL, '0', '0', '0', '0', '0', '0', '0', 'eq', 'input', '', 12, 'admin', '2021-05-03 21:17:00', '', NULL, NULL, '1');
INSERT INTO `dev_column` VALUES (20, '2', 'create_time', '创建时间', 'datetime', 'Date', 'createTime', NULL, '0', '0', '0', '0', '0', '1', '1', 'eq', 'datetime', '', 13, 'admin', '2021-05-03 21:17:00', '', NULL, NULL, '1');
INSERT INTO `dev_column` VALUES (21, '2', 'update_by', '修改人', 'varchar(32)', 'String', 'updateBy', NULL, '0', '0', '0', '0', '0', '0', '0', 'eq', 'input', '', 14, 'admin', '2021-05-03 21:17:00', '', NULL, NULL, '1');
INSERT INTO `dev_column` VALUES (22, '2', 'update_time', '修改时间', 'datetime', 'Date', 'updateTime', NULL, '0', '0', '0', '0', '0', '0', '0', 'eq', 'datetime', '', 15, 'admin', '2021-05-03 21:17:00', '', NULL, NULL, '1');
INSERT INTO `dev_column` VALUES (23, '2', 'sys_org_code', '所属部门编码', 'varchar(64)', 'String', 'sysOrgCode', NULL, '0', '0', '0', '1', '1', '1', '1', 'eq', 'input', '', 16, 'admin', '2021-05-03 21:17:00', '', NULL, NULL, '1');
INSERT INTO `dev_column` VALUES (24, '3', 'id', '表单扩展模板编码', 'int', 'Long', 'id', NULL, '0', '1', '1', '0', '0', '0', '0', 'eq', 'input', '', 1, 'admin', '2021-05-03 21:17:16', '', NULL, NULL, '0');
INSERT INTO `dev_column` VALUES (25, '3', 'code', '表单扩展编码', 'varchar(100)', 'String', 'code', NULL, '0', '0', '1', '1', '1', '1', '1', 'eq', 'input', '', 2, 'admin', '2021-05-03 21:17:16', '', NULL, NULL, '0');
INSERT INTO `dev_column` VALUES (26, '3', 'name', '表单扩展模板名称', 'varchar(100)', 'String', 'name', NULL, '0', '0', '1', '1', '1', '1', '1', 'like', 'input', '', 3, 'admin', '2021-05-03 21:17:16', '', NULL, NULL, '0');
INSERT INTO `dev_column` VALUES (27, '3', 'drawing_controls', '渲染控件数据集合', 'text', 'String', 'drawingControls', NULL, '0', '0', '0', '1', '1', '1', '1', 'eq', 'input', '', 4, 'admin', '2021-05-03 21:17:16', '', NULL, NULL, '0');
INSERT INTO `dev_column` VALUES (28, '3', 'id_global', '记录目前控件全局ID-自增长', 'int', 'Long', 'idGlobal', NULL, '0', '0', '0', '1', '1', '1', '1', 'eq', 'input', '', 5, 'admin', '2021-05-03 21:17:16', '', NULL, NULL, '0');
INSERT INTO `dev_column` VALUES (29, '3', 'tree_node_id', '级联下拉树形选项局部ID-内部标识-目前实现控件独立', 'text', 'String', 'treeNodeId', NULL, '0', '0', '0', '1', '1', '1', '1', 'eq', 'input', '', 6, 'admin', '2021-05-03 21:17:16', '', NULL, NULL, '0');
INSERT INTO `dev_column` VALUES (30, '3', 'create_by', '表单扩展创建用户', 'varchar(64)', 'String', 'createBy', NULL, '0', '0', '0', '0', '0', '0', '0', 'eq', 'input', '', 7, 'admin', '2021-05-03 21:17:16', '', NULL, NULL, '0');
INSERT INTO `dev_column` VALUES (31, '3', 'create_time', '表单扩展插件时间', 'datetime', 'Date', 'createTime', NULL, '0', '0', '0', '0', '0', '1', '1', 'eq', 'datetime', '', 8, 'admin', '2021-05-03 21:17:16', '', NULL, NULL, '0');
INSERT INTO `dev_column` VALUES (32, '3', 'update_by', '表单扩展修改用户\n', 'varchar(64)', 'String', 'updateBy', NULL, '0', '0', '0', '0', '0', '0', '0', 'eq', 'input', '', 9, 'admin', '2021-05-03 21:17:16', '', NULL, NULL, '0');
INSERT INTO `dev_column` VALUES (33, '3', 'update_time', '表单扩展修改时间', 'datetime', 'Date', 'updateTime', NULL, '0', '0', '0', '0', '0', '0', '0', 'eq', 'datetime', '', 10, 'admin', '2021-05-03 21:17:16', '', NULL, NULL, '0');
INSERT INTO `dev_column` VALUES (34, '3', 'remarks', '表单扩展备注', 'varchar(500)', 'String', 'remarks', NULL, '0', '0', '0', '0', '0', '0', '0', 'eq', 'textarea', '', 11, 'admin', '2021-05-03 21:17:16', '', NULL, NULL, '0');
INSERT INTO `dev_column` VALUES (35, '4', 'id', '编号', 'int', 'Long', 'id', NULL, '0', '1', '1', '0', '0', '0', '0', 'eq', 'input', '', 1, 'admin', '2021-05-03 21:18:43', '', NULL, NULL, '0');
INSERT INTO `dev_column` VALUES (36, '4', 'create_by', '创建人', 'varchar(60)', 'String', 'createBy', NULL, '0', '0', '0', '0', '0', '0', '0', 'eq', 'input', '', 2, 'admin', '2021-05-03 21:18:43', '', NULL, NULL, '0');
INSERT INTO `dev_column` VALUES (37, '4', 'create_time', '创建时间', 'datetime', 'Date', 'createTime', NULL, '0', '0', '0', '0', '0', '1', '1', 'eq', 'datetime', '', 3, 'admin', '2021-05-03 21:18:43', '', NULL, NULL, '0');
INSERT INTO `dev_column` VALUES (38, '4', 'update_by', '更新人', 'varchar(60)', 'String', 'updateBy', NULL, '0', '0', '0', '0', '0', '0', '0', 'eq', 'input', '', 4, 'admin', '2021-05-03 21:18:43', '', NULL, NULL, '0');
INSERT INTO `dev_column` VALUES (39, '4', 'update_time', '更新时间', 'datetime', 'Date', 'updateTime', NULL, '0', '0', '0', '0', '0', '0', '0', 'eq', 'datetime', '', 5, 'admin', '2021-05-03 21:18:43', '', NULL, NULL, '0');
INSERT INTO `dev_column` VALUES (40, '4', 'remarks', '备注', 'varchar(255)', 'String', 'remarks', NULL, '0', '0', '0', '0', '0', '0', '0', 'eq', 'textarea', '', 6, 'admin', '2021-05-03 21:18:43', '', NULL, NULL, '0');
INSERT INTO `dev_column` VALUES (41, '4', 'del_flag', '删除标识（0-正常，1-删除）', 'char(1)', 'String', 'delFlag', NULL, '0', '0', '0', '0', '0', '0', '0', 'eq', 'input', '', 7, 'admin', '2021-05-03 21:18:43', '', NULL, NULL, '0');
INSERT INTO `dev_column` VALUES (42, '5', 'id', '主键', 'int', 'Long', 'id', NULL, '0', '1', '1', '0', '0', '0', '0', 'eq', 'input', '', 1, 'admin', '2021-05-03 21:47:31', '', NULL, NULL, '0');
INSERT INTO `dev_column` VALUES (43, '5', 'client_id', '应用标识', 'varchar(32)', 'String', 'clientId', NULL, '0', '0', '1', '1', '1', '1', '1', 'eq', 'input', '', 2, 'admin', '2021-05-03 21:47:31', '', NULL, NULL, '0');
INSERT INTO `dev_column` VALUES (44, '5', 'resource_ids', '资源限定串(逗号分割)', 'varchar(256)', 'String', 'resourceIds', NULL, '0', '0', '0', '1', '1', '1', '1', 'eq', 'textarea', '', 3, 'admin', '2021-05-03 21:47:31', '', NULL, NULL, '0');
INSERT INTO `dev_column` VALUES (45, '5', 'client_secret', '应用密钥(bcyt) 加密', 'varchar(256)', 'String', 'clientSecret', NULL, '0', '0', '0', '1', '1', '1', '1', 'eq', 'textarea', '', 4, 'admin', '2021-05-03 21:47:31', '', NULL, NULL, '0');
INSERT INTO `dev_column` VALUES (46, '5', 'client_secret_str', '应用密钥(明文)', 'varchar(256)', 'String', 'clientSecretStr', NULL, '0', '0', '0', '1', '1', '1', '1', 'eq', 'textarea', '', 5, 'admin', '2021-05-03 21:47:31', '', NULL, NULL, '0');
INSERT INTO `dev_column` VALUES (47, '5', 'scope', '范围', 'varchar(256)', 'String', 'scope', NULL, '0', '0', '0', '1', '1', '1', '1', 'eq', 'textarea', '', 6, 'admin', '2021-05-03 21:47:31', '', NULL, NULL, '0');
INSERT INTO `dev_column` VALUES (48, '5', 'authorized_grant_types', '5种oauth授权方式(authorization_code,password,refresh_token,client_credentials)', 'varchar(256)', 'String', 'authorizedGrantTypes', NULL, '0', '0', '0', '1', '1', '1', '1', 'eq', 'textarea', '', 7, 'admin', '2021-05-03 21:47:31', '', NULL, NULL, '0');
INSERT INTO `dev_column` VALUES (49, '5', 'web_server_redirect_uri', '回调地址 ', 'varchar(256)', 'String', 'webServerRedirectUri', NULL, '0', '0', '0', '1', '1', '1', '1', 'eq', 'textarea', '', 8, 'admin', '2021-05-03 21:47:31', '', NULL, NULL, '0');
INSERT INTO `dev_column` VALUES (50, '5', 'authorities', '权限', 'varchar(256)', 'String', 'authorities', NULL, '0', '0', '0', '1', '1', '1', '1', 'eq', 'textarea', '', 9, 'admin', '2021-05-03 21:47:31', '', NULL, NULL, '0');
INSERT INTO `dev_column` VALUES (51, '5', 'access_token_validity', 'access_token有效期', 'int', 'Long', 'accessTokenValidity', NULL, '0', '0', '0', '1', '1', '1', '1', 'eq', 'input', '', 10, 'admin', '2021-05-03 21:47:31', '', NULL, NULL, '0');
INSERT INTO `dev_column` VALUES (52, '5', 'refresh_token_validity', 'refresh_token有效期', 'int', 'Long', 'refreshTokenValidity', NULL, '0', '0', '0', '1', '1', '1', '1', 'eq', 'input', '', 11, 'admin', '2021-05-03 21:47:31', '', NULL, NULL, '0');
INSERT INTO `dev_column` VALUES (53, '5', 'additional_information', '{}', 'varchar(4096)', 'String', 'additionalInformation', NULL, '0', '0', '0', '1', '1', '1', '1', 'eq', 'textarea', '', 12, 'admin', '2021-05-03 21:47:31', '', NULL, NULL, '0');
INSERT INTO `dev_column` VALUES (54, '5', 'autoapprove', '是否自动授权 是-true', 'char(5)', 'String', 'autoapprove', NULL, '0', '0', '1', '1', '1', '1', '1', 'eq', 'input', '', 13, 'admin', '2021-05-03 21:47:31', '', NULL, NULL, '0');
INSERT INTO `dev_column` VALUES (55, '5', 'create_time', '', 'datetime', 'Date', 'createTime', NULL, '0', '0', '0', '0', '0', '1', '1', 'eq', 'datetime', '', 14, 'admin', '2021-05-03 21:47:31', '', NULL, NULL, '0');
INSERT INTO `dev_column` VALUES (56, '5', 'update_time', '', 'datetime', 'Date', 'updateTime', NULL, '0', '0', '0', '0', '0', '0', '0', 'eq', 'datetime', '', 15, 'admin', '2021-05-03 21:47:31', '', NULL, NULL, '0');
INSERT INTO `dev_column` VALUES (57, '5', 'client_name', '应用名称', 'varchar(128)', 'String', 'clientName', NULL, '0', '0', '0', '1', '1', '1', '1', 'like', 'input', '', 16, 'admin', '2021-05-03 21:47:31', '', NULL, NULL, '0');
INSERT INTO `dev_column` VALUES (58, '6', 'id', '', 'int', 'Long', 'id', NULL, '0', '1', '1', '0', '0', '0', '0', 'eq', 'input', '', 1, 'admin', '2021-05-03 21:48:06', '', NULL, NULL, '0');
INSERT INTO `dev_column` VALUES (59, '6', 'business_id', '', 'varchar(64)', 'String', 'businessId', NULL, '0', '0', '1', '1', '1', '1', '1', 'eq', 'input', '', 2, 'admin', '2021-05-03 21:48:06', '', NULL, NULL, '0');
INSERT INTO `dev_column` VALUES (60, '6', 'business_version', '', 'float(11,2)', 'Double', 'businessVersion', NULL, '0', '0', '1', '1', '1', '1', '1', 'eq', 'input', '', 3, 'admin', '2021-05-03 21:48:06', '', NULL, NULL, '0');
INSERT INTO `dev_column` VALUES (61, '6', 'field1', '', 'varchar(255)', 'String', 'field1', NULL, '0', '0', '0', '1', '1', '1', '1', 'eq', 'textarea', '', 4, 'admin', '2021-05-03 21:48:06', '', NULL, NULL, '0');
INSERT INTO `dev_column` VALUES (62, '6', 'field2', '', 'text', 'String', 'field2', NULL, '0', '0', '0', '1', '1', '1', '1', 'eq', 'input', '', 5, 'admin', '2021-05-03 21:48:06', '', NULL, NULL, '0');
INSERT INTO `dev_column` VALUES (63, '6', 'field3', '', 'varchar(255)', 'String', 'field3', NULL, '0', '0', '0', '1', '1', '1', '1', 'eq', 'textarea', '', 6, 'admin', '2021-05-03 21:48:06', '', NULL, NULL, '0');
INSERT INTO `dev_column` VALUES (64, '6', 'field4', '', 'int', 'Long', 'field4', NULL, '0', '0', '0', '1', '1', '1', '1', 'eq', 'input', '', 7, 'admin', '2021-05-03 21:48:06', '', NULL, NULL, '0');
INSERT INTO `dev_column` VALUES (65, '6', 'field5', '', 'tinyint', 'Long', 'field5', NULL, '0', '0', '0', '1', '1', '1', '1', 'eq', 'input', '', 8, 'admin', '2021-05-03 21:48:06', '', NULL, NULL, '0');
INSERT INTO `dev_column` VALUES (66, '7', 'id', '', 'int', 'Long', 'id', NULL, '0', '1', '1', '0', '0', '0', '0', 'eq', 'input', '', 1, 'admin', '2021-05-03 21:52:45', '', NULL, NULL, '0');
INSERT INTO `dev_column` VALUES (67, '7', 'nick_name', '', 'varchar(255)', 'String', 'nickName', NULL, '0', '0', '0', '1', '1', '1', '1', 'like', 'textarea', '', 2, 'admin', '2021-05-03 21:52:45', '', NULL, NULL, '0');
INSERT INTO `dev_column` VALUES (68, '7', 'phone', '', 'int', 'Long', 'phone', NULL, '0', '0', '0', '1', '1', '1', '1', 'eq', 'input', '', 3, 'admin', '2021-05-03 21:52:45', '', NULL, NULL, '0');
INSERT INTO `dev_column` VALUES (69, '7', 'remarks', '', 'text', 'String', 'remarks', NULL, '0', '0', '0', '0', '0', '0', '0', 'eq', 'input', '', 4, 'admin', '2021-05-03 21:52:45', '', NULL, NULL, '0');

-- ----------------------------
-- Table structure for dev_dataset
-- ----------------------------
DROP TABLE IF EXISTS `dev_dataset`;
CREATE TABLE `dev_dataset`  (
  `id` int NOT NULL AUTO_INCREMENT COMMENT '编号',
  `code` varchar(64) CHARACTER SET utf8 COLLATE utf8_general_ci NULL DEFAULT NULL COMMENT '编码',
  `name` varchar(60) CHARACTER SET utf8 COLLATE utf8_general_ci NULL DEFAULT NULL COMMENT '名称',
  `alias` varchar(120) CHARACTER SET utf8 COLLATE utf8_general_ci NULL DEFAULT NULL COMMENT '数据源别名',
  `ftype` varchar(10) CHARACTER SET utf8 COLLATE utf8_general_ci NULL DEFAULT 'json' COMMENT '格式类型',
  `cdata` text CHARACTER SET utf8 COLLATE utf8_general_ci NULL COMMENT '配置数据',
  `is_page` char(1) CHARACTER SET utf8 COLLATE utf8_general_ci NULL DEFAULT '0' COMMENT '是否分页',
  `scripts` text CHARACTER SET utf8 COLLATE utf8_general_ci NULL COMMENT 'sql脚本',
  `create_by` varchar(60) CHARACTER SET utf8 COLLATE utf8_general_ci NULL DEFAULT NULL COMMENT '创建人',
  `create_time` datetime NULL DEFAULT NULL COMMENT '创建时间',
  `update_by` varchar(60) CHARACTER SET utf8 COLLATE utf8_general_ci NULL DEFAULT NULL COMMENT '更新人',
  `update_time` datetime NULL DEFAULT NULL COMMENT '更新时间',
  `remarks` varchar(255) CHARACTER SET utf8 COLLATE utf8_general_ci NULL DEFAULT NULL COMMENT '备注',
  `del_flag` char(1) CHARACTER SET utf8 COLLATE utf8_general_ci NOT NULL DEFAULT '0' COMMENT '删除标识（0-正常，1-删除）',
  PRIMARY KEY (`id`) USING BTREE
) ENGINE = InnoDB AUTO_INCREMENT = 1 CHARACTER SET = utf8 COLLATE = utf8_general_ci COMMENT = '数据源' ROW_FORMAT = DYNAMIC;

-- ----------------------------
-- Records of dev_dataset
-- ----------------------------
INSERT INTO `dev_dataset` VALUES (1, '387a9a25c99477a228df30a205f5ae6b', 'Test', 'mysql_T-1_1', 'json', '[{\"columnName\":\"auto_create\",\"dataType\":\"char\",\"javaField\":\"autoCreate\",\"isShow\":\"0\",\"isParam\":\"0\"},{\"columnName\":\"code\",\"dataType\":\"varchar\",\"javaField\":\"code\",\"isShow\":\"0\",\"isParam\":\"0\"},{\"columnName\":\"create_by\",\"dataType\":\"varchar\",\"javaField\":\"createBy\",\"isShow\":\"0\",\"isParam\":\"0\"},{\"columnName\":\"create_time\",\"dataType\":\"datetime\",\"javaField\":\"createTime\",\"isShow\":\"0\",\"isParam\":\"0\"},{\"columnName\":\"data\",\"dataType\":\"text\",\"javaField\":\"data\",\"isShow\":\"0\",\"isParam\":\"0\"},{\"columnName\":\"del_flag\",\"dataType\":\"char\",\"javaField\":\"delFlag\",\"isShow\":\"0\",\"isParam\":\"0\"},{\"columnName\":\"ds_alias\",\"dataType\":\"varchar\",\"javaField\":\"dsAlias\",\"isShow\":\"0\",\"isParam\":\"0\"},{\"columnName\":\"id\",\"dataType\":\"int\",\"javaField\":\"id\",\"isShow\":\"0\",\"isParam\":\"0\"},{\"columnName\":\"name\",\"dataType\":\"varchar\",\"javaField\":\"name\",\"isShow\":\"0\",\"isParam\":\"0\"},{\"columnName\":\"remarks\",\"dataType\":\"varchar\",\"javaField\":\"remarks\",\"isShow\":\"0\",\"isParam\":\"0\"},{\"columnName\":\"status\",\"dataType\":\"char\",\"javaField\":\"status\",\"isShow\":\"0\",\"isParam\":\"0\"},{\"columnName\":\"table_name\",\"dataType\":\"varchar\",\"javaField\":\"tableName\",\"isShow\":\"0\",\"isParam\":\"0\"},{\"columnName\":\"type\",\"dataType\":\"char\",\"javaField\":\"type\",\"isShow\":\"0\",\"isParam\":\"0\"},{\"columnName\":\"update_by\",\"dataType\":\"varchar\",\"javaField\":\"updateBy\",\"isShow\":\"0\",\"isParam\":\"0\"},{\"columnName\":\"update_time\",\"dataType\":\"datetime\",\"javaField\":\"updateTime\",\"isShow\":\"0\",\"isParam\":\"0\"},{\"columnName\":\"version\",\"dataType\":\"varchar\",\"javaField\":\"version\",\"isShow\":\"0\",\"isParam\":\"0\"}]', '1', 'SELECT id,name,code,type,ds_alias,table_name,data,auto_create,version,status,create_by,create_time,update_by,update_time,remarks,del_flag FROM dev_form', NULL, '2021-05-03 21:15:30', NULL, NULL, NULL, '1');
INSERT INTO `dev_dataset` VALUES (2, '8bddf0478facc1b206919ca0f346b031', 'test', 'mysql_T-1_1', 'json', '[{\"columnName\":\"id\",\"dataType\":\"int\",\"javaField\":\"id\",\"isShow\":\"1\",\"isParam\":\"1\"},{\"columnName\":\"type\",\"dataType\":\"varchar\",\"javaField\":\"type\",\"isShow\":\"1\",\"isParam\":\"1\"},{\"columnName\":\"title\",\"dataType\":\"varchar\",\"javaField\":\"title\",\"isShow\":\"1\",\"isParam\":\"1\"},{\"columnName\":\"method\",\"dataType\":\"varchar\",\"javaField\":\"method\",\"isShow\":\"0\",\"isParam\":\"0\"},{\"columnName\":\"user_agent\",\"dataType\":\"text\",\"javaField\":\"userAgent\",\"isShow\":\"0\",\"isParam\":\"0\"},{\"columnName\":\"oper_name\",\"dataType\":\"varchar\",\"javaField\":\"operName\",\"isShow\":\"0\",\"isParam\":\"0\"},{\"columnName\":\"client_id\",\"dataType\":\"varchar\",\"javaField\":\"clientId\",\"isShow\":\"0\",\"isParam\":\"0\"},{\"columnName\":\"oper_url\",\"dataType\":\"varchar\",\"javaField\":\"operUrl\",\"isShow\":\"0\",\"isParam\":\"0\"},{\"columnName\":\"oper_ip\",\"dataType\":\"varchar\",\"javaField\":\"operIp\",\"isShow\":\"0\",\"isParam\":\"0\"},{\"columnName\":\"oper_addr\",\"dataType\":\"varchar\",\"javaField\":\"operAddr\",\"isShow\":\"0\",\"isParam\":\"0\"},{\"columnName\":\"oper_param\",\"dataType\":\"text\",\"javaField\":\"operParam\",\"isShow\":\"0\",\"isParam\":\"0\"},{\"columnName\":\"status\",\"dataType\":\"int\",\"javaField\":\"status\",\"isShow\":\"0\",\"isParam\":\"0\"},{\"columnName\":\"error_msg\",\"dataType\":\"text\",\"javaField\":\"errorMsg\",\"isShow\":\"0\",\"isParam\":\"0\"},{\"columnName\":\"execute_time\",\"dataType\":\"varchar\",\"javaField\":\"executeTime\",\"isShow\":\"0\",\"isParam\":\"0\"},{\"columnName\":\"oper_time\",\"dataType\":\"datetime\",\"javaField\":\"operTime\",\"isShow\":\"0\",\"isParam\":\"0\"}]', '1', 'select oper_url name, sum(1) value from sys_oper_log', NULL, '2021-05-05 11:19:31', NULL, NULL, NULL, '1');

-- ----------------------------
-- Table structure for dev_form
-- ----------------------------
DROP TABLE IF EXISTS `dev_form`;
CREATE TABLE `dev_form`  (
  `id` int NOT NULL AUTO_INCREMENT,
  `name` varchar(60) CHARACTER SET utf8mb4 COLLATE utf8mb4_general_ci NULL DEFAULT NULL COMMENT '表单名称',
  `code` varchar(30) CHARACTER SET utf8mb4 COLLATE utf8mb4_general_ci NULL DEFAULT NULL COMMENT '表单标识',
  `type` char(1) CHARACTER SET utf8mb4 COLLATE utf8mb4_general_ci NULL DEFAULT '0' COMMENT '表单类型',
  `ds_alias` varchar(30) CHARACTER SET utf8mb4 COLLATE utf8mb4_general_ci NULL DEFAULT NULL COMMENT '数据库别名',
  `table_name` varchar(60) CHARACTER SET utf8mb4 COLLATE utf8mb4_general_ci NULL DEFAULT NULL COMMENT '表名',
  `data` text CHARACTER SET utf8mb4 COLLATE utf8mb4_general_ci NULL COMMENT '表单数据',
  `auto_create` char(1) CHARACTER SET utf8mb4 COLLATE utf8mb4_general_ci NULL DEFAULT '0' COMMENT '自动创建',
  `version` varchar(30) CHARACTER SET utf8mb4 COLLATE utf8mb4_general_ci NULL DEFAULT NULL COMMENT '版本号',
  `status` char(1) CHARACTER SET utf8mb4 COLLATE utf8mb4_general_ci NULL DEFAULT '0' COMMENT '状态',
  `create_by` varchar(64) CHARACTER SET utf8mb4 COLLATE utf8mb4_general_ci NULL DEFAULT '' COMMENT '创建者',
  `create_time` datetime NULL DEFAULT NULL COMMENT '创建时间',
  `update_by` varchar(64) CHARACTER SET utf8mb4 COLLATE utf8mb4_general_ci NULL DEFAULT '' COMMENT '更新者',
  `update_time` datetime NULL DEFAULT NULL COMMENT '更新时间',
  `remarks` varchar(500) CHARACTER SET utf8mb4 COLLATE utf8mb4_general_ci NULL DEFAULT NULL COMMENT '备注',
  `del_flag` char(1) CHARACTER SET utf8mb4 COLLATE utf8mb4_general_ci NULL DEFAULT '0' COMMENT '删除标志（0代表存在 1代表删除）',
  PRIMARY KEY (`id`) USING BTREE
) ENGINE = InnoDB AUTO_INCREMENT = 2 CHARACTER SET = utf8mb4 COLLATE = utf8mb4_general_ci ROW_FORMAT = DYNAMIC;

-- ----------------------------
-- Records of dev_form
-- ----------------------------
INSERT INTO `dev_form` VALUES (1, '测试表单', 'test', '0', '1', 'test', '\"{column:[{type:\'input\',label:\'单行文本\',span:24,display:true,prop:\'1616808322555_61191\'},{type:\'textarea\',label:\'多行文本\',span:24,display:true,prop:\'1616818908722_16715\'},{type:\'radio\',label:\'单选框组\',dicData:[{label:\'选项一\',value:\'0\'},{label:\'选项二\',value:\'1\'},{label:\'选项三\',value:\'2\'}],span:12,display:true,props:{label:\'label\',value:\'value\'},prop:\'1616808328794_21064\'},{type:\'timerange\',label:\'时间范围\',span:12,display:true,format:\'HH:mm:ss\',valueFormat:\'HH:mm:ss\',prop:\'1616808492078_95952\'},{type:\'upload\',label:\'上传\',span:24,display:true,showFileList:true,multiple:true,limit:10,propsHttp:{},canvasOption:{},prop:\'1616818404413_51309\'},{type:\'icon\',label:\'图标\',component:\'avue-input-icon\',span:24,display:true,params:{iconList:[{label:\'基本图标\',list:[\'el-icon-info\',\'el-icon-error\',\'el-icon-error\',\'el-icon-success\',\'el-icon-warning\',\'el-icon-question\']},{label:\'方向图标\',list:[\'el-icon-info\',\'el-icon-back\',\'el-icon-arrow-left\',\'el-icon-arrow-down\',\'el-icon-arrow-right\',\'el-icon-arrow-up\']},{label:\'符号图标\',list:[\'el-icon-plus\',\'el-icon-minus\',\'el-icon-close\',\'el-icon-check\']}]},prop:\'1616828635931_82028\'}],labelPosition:\'left\',labelSuffix:\'：\',labelWidth:120,gutter:0,menuBtn:true,submitBtn:true,submitText:\'提交\',emptyBtn:true,emptyText:\'清空\',menuPosition:\'center\'}\"', '0', '1.0', '0', 'admin', '2021-03-26 23:32:55', '', '2021-03-27 11:55:19', NULL, '0');

-- ----------------------------
-- Table structure for dev_table
-- ----------------------------
DROP TABLE IF EXISTS `dev_table`;
CREATE TABLE `dev_table`  (
  `id` int NOT NULL AUTO_INCREMENT COMMENT '编号',
  `table_name` varchar(200) CHARACTER SET utf8mb4 COLLATE utf8mb4_general_ci NULL DEFAULT '' COMMENT '表名称',
  `table_comment` varchar(500) CHARACTER SET utf8mb4 COLLATE utf8mb4_general_ci NULL DEFAULT '' COMMENT '表描述',
  `class_name` varchar(100) CHARACTER SET utf8mb4 COLLATE utf8mb4_general_ci NULL DEFAULT '' COMMENT '实体类名称',
  `tpl_category` varchar(200) CHARACTER SET utf8mb4 COLLATE utf8mb4_general_ci NULL DEFAULT 'crud' COMMENT '使用的模板（crud单表操作 tree树表操作）',
  `package_name` varchar(100) CHARACTER SET utf8mb4 COLLATE utf8mb4_general_ci NULL DEFAULT NULL COMMENT '生成包路径',
  `module_name` varchar(30) CHARACTER SET utf8mb4 COLLATE utf8mb4_general_ci NULL DEFAULT NULL COMMENT '生成模块名',
  `business_name` varchar(30) CHARACTER SET utf8mb4 COLLATE utf8mb4_general_ci NULL DEFAULT NULL COMMENT '生成业务名',
  `function_name` varchar(50) CHARACTER SET utf8mb4 COLLATE utf8mb4_general_ci NULL DEFAULT NULL COMMENT '生成功能名',
  `function_author` varchar(50) CHARACTER SET utf8mb4 COLLATE utf8mb4_general_ci NULL DEFAULT NULL COMMENT '生成功能作者',
  `cols` varchar(2) CHARACTER SET utf8 COLLATE utf8_general_ci NULL DEFAULT '24' COMMENT '分栏',
  `gen_api` char(1) CHARACTER SET utf8 COLLATE utf8_general_ci NULL DEFAULT NULL COMMENT '生成API',
  `gen_way` char(1) CHARACTER SET utf8 COLLATE utf8_general_ci NULL DEFAULT '0' COMMENT '生成方式',
  `options` varchar(1000) CHARACTER SET utf8mb4 COLLATE utf8mb4_general_ci NULL DEFAULT NULL COMMENT '其它生成选项',
  `menu_id` int NULL DEFAULT NULL COMMENT '父级菜单',
  `gen_path` varchar(255) CHARACTER SET utf8 COLLATE utf8_general_ci NULL DEFAULT NULL COMMENT '生成路径',
  `sub_table_name` varchar(120) CHARACTER SET utf8 COLLATE utf8_general_ci NULL DEFAULT NULL COMMENT '关联子表的表名',
  `sub_table_field` varchar(120) CHARACTER SET utf8 COLLATE utf8_general_ci NULL DEFAULT NULL COMMENT '关联子表的外键名',
  `create_by` varchar(64) CHARACTER SET utf8mb4 COLLATE utf8mb4_general_ci NULL DEFAULT '' COMMENT '创建者',
  `create_time` datetime NULL DEFAULT NULL COMMENT '创建时间',
  `update_by` varchar(64) CHARACTER SET utf8mb4 COLLATE utf8mb4_general_ci NULL DEFAULT '' COMMENT '更新者',
  `update_time` datetime NULL DEFAULT NULL COMMENT '更新时间',
  `remarks` varchar(500) CHARACTER SET utf8mb4 COLLATE utf8mb4_general_ci NULL DEFAULT NULL COMMENT '备注',
  `del_flag` char(1) CHARACTER SET utf8mb4 COLLATE utf8mb4_bin NULL DEFAULT '0' COMMENT '0-正常，1-删除',
  PRIMARY KEY (`id`) USING BTREE
) ENGINE = InnoDB AUTO_INCREMENT = 7 CHARACTER SET = utf8 COLLATE = utf8_general_ci ROW_FORMAT = DYNAMIC;

-- ----------------------------
-- Records of dev_table
-- ----------------------------
INSERT INTO `dev_table` VALUES (1, 'Test', '测试', 'Test', 'crud', 'com.t1.biz.test', '测试模块', '测试业务', '测试', 'HK', '24', '0', '0', '{\"treeId\":null,\"treeName\":null,\"treeParentId\":null}', 58, 'G:\\test', NULL, NULL, NULL, '2021-05-03 21:01:48', '', NULL, '测试', '1');
INSERT INTO `dev_table` VALUES (2, 'demo', '', 'Demo', 'crud', 'com.t1.biz.cms', 'cms', 'demo', '', 'admin', '24', '0', '1', NULL, NULL, NULL, NULL, NULL, 'admin', '2021-05-03 21:17:00', '', NULL, NULL, '1');
INSERT INTO `dev_table` VALUES (3, 'intelligent_form_extend', '表单扩展表', 'IntelligentFormExtend', 'crud', 'com.t1.biz.cms', 'cms', 'intelligentFormExtend', '单扩展', 'admin', '24', '0', '1', NULL, NULL, NULL, NULL, NULL, 'admin', '2021-05-03 21:17:16', '', NULL, NULL, '0');
INSERT INTO `dev_table` VALUES (4, 'test', '测试', 'Test', 'crud', 'com.t1.biz.cms', 'cms', 'test', '测试', 'admin', '24', '0', '1', NULL, NULL, NULL, NULL, NULL, 'admin', '2021-05-03 21:18:43', '', NULL, NULL, '0');
INSERT INTO `dev_table` VALUES (5, 'oauth_client_details', '', 'OauthClientDetails', 'crud', 'com.t1.biz.cms', 'cms', 'oauthClientDetails', '', 'admin', '24', '0', '1', NULL, NULL, NULL, NULL, NULL, 'admin', '2021-05-03 21:47:31', '', NULL, NULL, '0');
INSERT INTO `dev_table` VALUES (6, 'intelligent_business_demo', '', 'IntelligentBusinessDemo', 'crud', 'com.t1.biz.cms', 'cms', 'intelligentBusinessDemo', '', 'admin', '24', '0', '1', NULL, NULL, NULL, NULL, NULL, 'admin', '2021-05-03 21:48:06', '', NULL, NULL, '0');
INSERT INTO `dev_table` VALUES (7, 'intelligent_demo_user', '', 'IntelligentDemoUser', 'crud', 'com.t1.biz.cms', 'cms', 'intelligentDemoUser', '', 'admin', '24', '0', '1', NULL, NULL, NULL, NULL, NULL, 'admin', '2021-05-03 21:52:45', '', NULL, NULL, '0');

-- ----------------------------
-- Table structure for intelligent_business_demo
-- ----------------------------
DROP TABLE IF EXISTS `intelligent_business_demo`;
CREATE TABLE `intelligent_business_demo`  (
  `id` int NOT NULL AUTO_INCREMENT,
  `business_id` varchar(64) CHARACTER SET utf8mb4 COLLATE utf8mb4_unicode_ci NOT NULL,
  `business_version` float(11, 2) NOT NULL,
  `field1` varchar(255) CHARACTER SET utf8mb4 COLLATE utf8mb4_unicode_ci NULL DEFAULT NULL,
  `field2` text CHARACTER SET utf8mb4 COLLATE utf8mb4_unicode_ci NULL,
  `field3` varchar(255) CHARACTER SET utf8mb4 COLLATE utf8mb4_unicode_ci NULL DEFAULT NULL,
  `field4` int NULL DEFAULT NULL,
  `field5` tinyint NULL DEFAULT NULL,
  PRIMARY KEY (`id`) USING BTREE
) ENGINE = InnoDB AUTO_INCREMENT = 2 CHARACTER SET = utf8mb4 COLLATE = utf8mb4_unicode_ci ROW_FORMAT = DYNAMIC;

-- ----------------------------
-- Records of intelligent_business_demo
-- ----------------------------
INSERT INTO `intelligent_business_demo` VALUES (1, '20', 1.10, '测试单行文本数据', '测试多行文本数据', '123456', 10, NULL);

-- ----------------------------
-- Table structure for intelligent_control_steward
-- ----------------------------
DROP TABLE IF EXISTS `intelligent_control_steward`;
CREATE TABLE `intelligent_control_steward`  (
  `id` int NOT NULL AUTO_INCREMENT,
  `control_label` varchar(255) CHARACTER SET utf8mb4 COLLATE utf8mb4_unicode_ci NULL DEFAULT NULL COMMENT '控件唯一Label',
  `control_tag_icon` varchar(255) CHARACTER SET utf8mb4 COLLATE utf8mb4_unicode_ci NULL DEFAULT NULL COMMENT '控件图标',
  `control_mapping_table` varchar(255) CHARACTER SET utf8mb4 COLLATE utf8mb4_unicode_ci NULL DEFAULT NULL COMMENT '控件映射表名',
  `control_field_type` varchar(255) CHARACTER SET utf8mb4 COLLATE utf8mb4_unicode_ci NULL DEFAULT NULL COMMENT '控件映射字段类型',
  `control_field_length` int NULL DEFAULT NULL COMMENT '控件映射字段长度',
  `control_attribute` text CHARACTER SET utf8mb4 COLLATE utf8mb4_unicode_ci NULL COMMENT '控件详细属性',
  `create_by` varchar(64) CHARACTER SET utf8mb4 COLLATE utf8mb4_unicode_ci NULL DEFAULT NULL COMMENT '创建人',
  `create_time` datetime NULL DEFAULT NULL COMMENT '创建时间',
  `update_by` varchar(64) CHARACTER SET utf8mb4 COLLATE utf8mb4_unicode_ci NULL DEFAULT NULL COMMENT '修改人',
  `update_time` datetime NULL DEFAULT NULL COMMENT '修改时间',
  `remarks` varchar(500) CHARACTER SET utf8mb4 COLLATE utf8mb4_unicode_ci NULL DEFAULT NULL COMMENT '备注',
  `control_mapping_table_prepend` varchar(255) CHARACTER SET utf8mb4 COLLATE utf8mb4_unicode_ci NULL DEFAULT NULL COMMENT '控件表面前缀',
  `control_mapping_table_suffix` varchar(255) CHARACTER SET utf8mb4 COLLATE utf8mb4_unicode_ci NULL DEFAULT NULL COMMENT '控件表面后缀',
  `control_precision` int NULL DEFAULT NULL COMMENT '控件精度',
  PRIMARY KEY (`id`) USING BTREE
) ENGINE = InnoDB AUTO_INCREMENT = 23 CHARACTER SET = utf8mb4 COLLATE = utf8mb4_unicode_ci COMMENT = '控件大管家' ROW_FORMAT = DYNAMIC;

-- ----------------------------
-- Records of intelligent_control_steward
-- ----------------------------
INSERT INTO `intelligent_control_steward` VALUES (7, 'el-input', 'input', 'intelligent_controls_input', 'varchar', 255, '{\n    \"config\": {\n      \"label\": \"单行文本\",\n      \"labelWidth\": null,\n      \"showLabel\": true,\n      \"changeTag\": true,\n      \"tag\": \"el-input\",\n      \"tagIcon\": \"input\",\n      \"defaultValue\": \"1001\",\n      \"required\": true,\n      \"layout\": \"colFormItem\",\n      \"span\": 24,\n      \"document\": \"https://element.eleme.cn/#/zh-CN/component/input\",\n      \"regList\": [],\n      \"formId\": 101,\n      \"renderKey\": \"1011616968959836\",\n      \"vModel\": \"field101\"\n    },\n    \"slot\": {\n      \"prepend\": \"\",\n      \"append\": \"\"\n    },\n    \"attrs\": {\n      \"placeholder\": \"请输入单行文本\",\n      \"clearable\": true,\n      \"prefix-icon\": \"\",\n      \"suffix-icon\": \"\",\n      \"maxlength\": null,\n      \"show-word-limit\": false,\n      \"readonly\": false,\n      \"disabled\": false\n    },\n    \"style\": {\n      \"width\": \"100%\"\n    }\n  }', NULL, NULL, NULL, NULL, '单行文本控件', 'intelligent_controls_', 'input', NULL);
INSERT INTO `intelligent_control_steward` VALUES (8, 'el-textarea', 'textarea', 'intelligent_controls_textarea', 'text', 0, '{\n    \"config\": {\n      \"label\": \"多行文本\",\n      \"labelWidth\": null,\n      \"showLabel\": true,\n      \"tag\": \"el-input\",\n      \"tagIcon\": \"textarea\",\n      \"required\": true,\n      \"layout\": \"colFormItem\",\n      \"span\": 24,\n      \"regList\": [],\n      \"changeTag\": true,\n      \"document\": \"https://element.eleme.cn/#/zh-CN/component/input\",\n      \"formId\": 102,\n      \"renderKey\": \"1021616968962388\",\n      \"vModel\": \"field102\"\n    },\n    \"attrs\": {\n      \"type\": \"textarea\",\n      \"placeholder\": \"请输入多行文本\",\n      \"autosize\": {\n        \"minRows\": 4,\n        \"maxRows\": 4\n      },\n      \"maxlength\": null,\n      \"show-word-limit\": false,\n      \"readonly\": false,\n      \"disabled\": false\n    },\n    \"style\": {\n      \"width\": \"100%\"\n    }\n  }', 'admin', '2021-03-29 06:13:26', NULL, NULL, '多行文本控件', 'intelligent_controls_', 'textarea', NULL);
INSERT INTO `intelligent_control_steward` VALUES (9, 'el-password', 'password', 'intelligent_controls_password', 'varchar', 255, '{\n    \"config\": {\n      \"label\": \"密码\",\n      \"showLabel\": true,\n      \"labelWidth\": null,\n      \"changeTag\": true,\n      \"tag\": \"el-input\",\n      \"tagIcon\": \"password\",\n      \"defaultValue\": \"86228228\",\n      \"layout\": \"colFormItem\",\n      \"span\": 24,\n      \"required\": true,\n      \"regList\": [],\n      \"document\": \"https://element.eleme.cn/#/zh-CN/component/input\",\n      \"formId\": 103,\n      \"renderKey\": \"1031616968963517\",\n      \"vModel\": \"field103\"\n    },\n    \"slot\": {\n      \"prepend\": \"\",\n      \"append\": \"\"\n    },\n    \"attrs\": {\n      \"placeholder\": \"请输入密码\",\n      \"show-password\": true,\n      \"clearable\": true,\n      \"prefix-icon\": \"\",\n      \"suffix-icon\": \"\",\n      \"maxlength\": null,\n      \"show-word-limit\": false,\n      \"readonly\": false,\n      \"disabled\": false\n    },\n    \"style\": {\n      \"width\": \"100%\"\n    }\n  }', 'admin', '2021-03-29 06:15:10', NULL, NULL, '密码控件', 'intelligent_controls_', 'password', NULL);
INSERT INTO `intelligent_control_steward` VALUES (10, 'el-number', 'number', 'intelligent_controls_number', 'int', 11, '{\n    \"config\": {\n      \"label\": \"计数器\",\n      \"showLabel\": true,\n      \"changeTag\": true,\n      \"labelWidth\": null,\n      \"tag\": \"el-input-number\",\n      \"tagIcon\": \"number\",\n      \"span\": 24,\n      \"layout\": \"colFormItem\",\n      \"required\": true,\n      \"regList\": [],\n      \"document\": \"https://element.eleme.cn/#/zh-CN/component/input-number\",\n      \"formId\": 104,\n      \"renderKey\": \"1041616968965203\",\n      \"vModel\": \"field104\"\n    },\n    \"attrs\": {\n      \"placeholder\": \"计数器\",\n      \"step\": 1,\n      \"step-strictly\": false,\n      \"controls-position\": \"\",\n      \"disabled\": false\n    }\n  }', 'admin', '2021-03-29 06:16:34', NULL, NULL, '计数器控件', 'intelligent_controls_', 'number', NULL);
INSERT INTO `intelligent_control_steward` VALUES (11, 'el-select', 'select', 'intelligent_controls_select', 'varchar', 225, '{\n    \"config\": {\n      \"label\": \"下拉选择\",\n      \"showLabel\": true,\n      \"labelWidth\": null,\n      \"tag\": \"el-select\",\n      \"tagIcon\": \"select\",\n      \"layout\": \"colFormItem\",\n      \"span\": 24,\n      \"required\": true,\n      \"regList\": [],\n      \"changeTag\": true,\n      \"document\": \"https://element.eleme.cn/#/zh-CN/component/select\",\n      \"formId\": 105,\n      \"renderKey\": \"1051616971076818\",\n      \"vModel\": \"field105\"\n    },\n    \"slot\": {\n      \"options\": [{\n        \"label\": \"选项一\",\n        \"value\": 1\n      }, {\n        \"label\": \"选项二\",\n        \"value\": 2\n      }]\n    },\n    \"attrs\": {\n      \"placeholder\": \"请选择下拉选择\",\n      \"clearable\": true,\n      \"disabled\": false,\n      \"filterable\": false,\n      \"multiple\": false\n    },\n    \"style\": {\n      \"width\": \"100%\"\n    }\n  }', 'admin', '2021-03-29 06:39:47', NULL, NULL, '下拉选择控件', 'intelligent_controls_', 'select', NULL);
INSERT INTO `intelligent_control_steward` VALUES (12, 'el-cascader', 'cascader', 'intelligent_controls_cascader', 'varchar', 255, '{\n    \"config\": {\n      \"label\": \"级联选择\",\n      \"url\": \"https://www.fastmock.site/mock/f8d7a54fb1e60561e2f720d5a810009d/fg/cascaderList\",\n      \"method\": \"get\",\n      \"dataKey\": \"list\",\n      \"showLabel\": true,\n      \"labelWidth\": null,\n      \"tag\": \"el-cascader\",\n      \"tagIcon\": \"cascader\",\n      \"layout\": \"colFormItem\",\n      \"defaultValue\": [],\n      \"dataType\": \"dynamic\",\n      \"span\": 24,\n      \"required\": true,\n      \"regList\": [],\n      \"changeTag\": true,\n      \"document\": \"https://element.eleme.cn/#/zh-CN/component/cascader\",\n      \"formId\": 107,\n      \"renderKey\": \"1071616995731384\",\n      \"vModel\": \"field107\"\n    },\n    \"class\": {\n      \"props\": {\n        \"multiple\": false,\n        \"label\": \"label\",\n        \"value\": \"value\",\n        \"children\": \"children\"\n      }\n    },\n    \"style\": {\n      \"width\": \"100%\"\n    },\n    \"attrs\": {\n      \"placeholder\": \"请选择级联选择\",\n      \"show-all-levels\": true,\n      \"disabled\": false,\n      \"clearable\": true,\n      \"filterable\": false,\n      \"separator\": \"/\",\n      \"options\": [{\n        \"id\": 1,\n        \"value\": 1,\n        \"label\": \"选项1\",\n        \"children\": [{\n          \"id\": 2,\n          \"value\": 2,\n          \"label\": \"选项1-1\"\n        }]\n      }]\n    }\n  }', 'admin', '2021-03-29 13:31:02', NULL, NULL, '级联选择控件', 'intelligent_controls_', 'cascader', NULL);
INSERT INTO `intelligent_control_steward` VALUES (13, 'el-radio', 'radio', 'intelligent_controls_radio', 'varchar', 255, '{\n    \"config\": {\n      \"label\": \"单选框组\",\n      \"labelWidth\": null,\n      \"showLabel\": true,\n      \"tag\": \"el-radio-group\",\n      \"tagIcon\": \"radio\",\n      \"changeTag\": true,\n      \"layout\": \"colFormItem\",\n      \"span\": 24,\n      \"optionType\": \"default\",\n      \"regList\": [],\n      \"required\": true,\n      \"border\": false,\n      \"document\": \"https://element.eleme.cn/#/zh-CN/component/radio\",\n      \"formId\": 108,\n      \"renderKey\": \"1081616997562143\",\n      \"vModel\": \"field108\"\n    },\n    \"slot\": {\n      \"options\": [{\n        \"label\": \"选项一\",\n        \"value\": 1\n      }, {\n        \"label\": \"选项二\",\n        \"value\": 2\n      }]\n    },\n    \"style\": {},\n    \"attrs\": {\n      \"size\": \"medium\",\n      \"disabled\": false\n    }\n  }', 'admin', '2021-03-29 14:04:55', 'admin', '2021-03-29 15:23:49', '单选框组控件', 'intelligent_controls_', 'radio', NULL);
INSERT INTO `intelligent_control_steward` VALUES (14, 'el-checkbox', 'checkbox', 'intelligent_controls_checkbox', 'varchar', 225, '{\n    \"config\": {\n      \"label\": \"多选框组\",\n      \"tag\": \"el-checkbox-group\",\n      \"tagIcon\": \"checkbox\",\n      \"defaultValue\": [1, 2],\n      \"span\": 24,\n      \"showLabel\": true,\n      \"labelWidth\": null,\n      \"layout\": \"colFormItem\",\n      \"optionType\": \"default\",\n      \"required\": true,\n      \"regList\": [],\n      \"changeTag\": true,\n      \"border\": false,\n      \"document\": \"https://element.eleme.cn/#/zh-CN/component/checkbox\",\n      \"formId\": 109,\n      \"renderKey\": \"1091616998068178\",\n      \"vModel\": \"field109\"\n    },\n    \"slot\": {\n      \"options\": [{\n        \"label\": \"选项一\",\n        \"value\": 1\n      }, {\n        \"label\": \"选项二\",\n        \"value\": 2\n      }]\n    },\n    \"style\": {},\n    \"attrs\": {\n      \"size\": \"medium\",\n      \"min\": null,\n      \"disabled\": false\n    }\n  }', 'admin', '2021-03-29 14:09:54', 'admin', '2021-03-30 06:50:59', '多选框组控件', 'intelligent_controls_', 'checkbox', 0);
INSERT INTO `intelligent_control_steward` VALUES (15, 'el-switch', 'switch', 'intelligent_controls_switch', 'tinyint', 1, '{\n    \"config\": {\n      \"label\": \"开关\",\n      \"tag\": \"el-switch\",\n      \"tagIcon\": \"switch\",\n      \"defaultValue\": false,\n      \"span\": 24,\n      \"showLabel\": true,\n      \"labelWidth\": null,\n      \"layout\": \"colFormItem\",\n      \"required\": true,\n      \"regList\": [],\n      \"changeTag\": true,\n      \"document\": \"https://element.eleme.cn/#/zh-CN/component/switch\",\n      \"formId\": 109,\n      \"renderKey\": \"1091616998223676\",\n      \"vModel\": \"field109\"\n    },\n    \"style\": {},\n    \"attrs\": {\n      \"disabled\": false,\n      \"active-text\": \"\",\n      \"inactive-text\": \"\",\n      \"active-color\": null,\n      \"inactive-color\": null,\n      \"active-value\": true,\n      \"inactive-value\": false\n    }\n  }', 'admin', '2021-03-29 14:11:23', NULL, NULL, '开关控件', 'intelligent_controls_', 'switch', NULL);
INSERT INTO `intelligent_control_steward` VALUES (16, 'el-slider', 'slider', 'intelligent_controls_slider', 'int', 11, '{\n    \"config\": {\n      \"label\": \"滑块\",\n      \"tag\": \"el-slider\",\n      \"tagIcon\": \"slider\",\n      \"defaultValue\": 0,\n      \"span\": 24,\n      \"showLabel\": true,\n      \"layout\": \"colFormItem\",\n      \"labelWidth\": null,\n      \"required\": true,\n      \"regList\": [],\n      \"changeTag\": true,\n      \"document\": \"https://element.eleme.cn/#/zh-CN/component/slider\",\n      \"formId\": 109,\n      \"renderKey\": \"1091616998293487\",\n      \"vModel\": \"field109\"\n    },\n    \"attrs\": {\n      \"disabled\": false,\n      \"min\": 0,\n      \"max\": 100,\n      \"step\": 1,\n      \"show-stops\": false,\n      \"range\": false\n    }\n  }', 'admin', '2021-03-29 14:12:37', NULL, NULL, '滑块控件', 'intelligent_controls_', 'slider', NULL);
INSERT INTO `intelligent_control_steward` VALUES (17, 'el-time', 'time', 'intelligent_controls_time', 'varchar', 255, '{\n    \"config\": {\n      \"label\": \"时间选择\",\n      \"tag\": \"el-time-picker\",\n      \"tagIcon\": \"time\",\n      \"defaultValue\": null,\n      \"span\": 24,\n      \"showLabel\": true,\n      \"layout\": \"colFormItem\",\n      \"labelWidth\": null,\n      \"required\": true,\n      \"regList\": [],\n      \"changeTag\": true,\n      \"document\": \"https://element.eleme.cn/#/zh-CN/component/time-picker\",\n      \"formId\": 109,\n      \"renderKey\": \"1091616998504572\",\n      \"vModel\": \"field109\"\n    },\n    \"attrs\": {\n      \"placeholder\": \"请选择时间选择\",\n      \"disabled\": false,\n      \"clearable\": true,\n      \"picker-options\": {\n        \"selectableRange\": \"00:00:00-23:59:59\"\n      },\n      \"format\": \"HH:mm:ss\",\n      \"value-format\": \"HH:mm:ss\"\n    },\n    \"style\": {\n      \"width\": \"100%\"\n    }\n  }', 'admin', '2021-03-29 14:16:51', 'admin', '2021-03-29 18:07:11', '时间选择控件', 'intelligent_controls_', 'time', NULL);
INSERT INTO `intelligent_control_steward` VALUES (18, 'el-time-range', 'time-range', 'intelligent_controls_time_range', 'varchar', 255, '{\n    \"config\": {\n      \"label\": \"时间范围\",\n      \"tag\": \"el-time-picker\",\n      \"tagIcon\": \"time-range\",\n      \"span\": 24,\n      \"showLabel\": true,\n      \"labelWidth\": null,\n      \"layout\": \"colFormItem\",\n      \"defaultValue\": null,\n      \"required\": true,\n      \"regList\": [],\n      \"changeTag\": true,\n      \"document\": \"https://element.eleme.cn/#/zh-CN/component/time-picker\",\n      \"formId\": 110,\n      \"renderKey\": \"1101616998507819\",\n      \"vModel\": \"field110\"\n    },\n    \"style\": {\n      \"width\": \"100%\"\n    },\n    \"attrs\": {\n      \"disabled\": false,\n      \"clearable\": true,\n      \"is-range\": true,\n      \"range-separator\": \"至\",\n      \"start-placeholder\": \"开始时间\",\n      \"end-placeholder\": \"结束时间\",\n      \"format\": \"HH:mm:ss\",\n      \"value-format\": \"HH:mm:ss\"\n    }\n  }', 'admin', '2021-03-29 14:18:10', 'admin', '2021-03-29 17:59:25', '时间范围控件', 'intelligent_controls_', 'time_range', NULL);
INSERT INTO `intelligent_control_steward` VALUES (19, 'el-date', 'date', 'intelligent_controls_date', 'datetime', 0, '{\n    \"config\": {\n      \"label\": \"日期选择\",\n      \"tag\": \"el-date-picker\",\n      \"tagIcon\": \"date\",\n      \"defaultValue\": null,\n      \"showLabel\": true,\n      \"labelWidth\": null,\n      \"span\": 24,\n      \"layout\": \"colFormItem\",\n      \"required\": true,\n      \"regList\": [],\n      \"changeTag\": true,\n      \"document\": \"https://element.eleme.cn/#/zh-CN/component/date-picker\",\n      \"formId\": 111,\n      \"renderKey\": \"1111616998509005\",\n      \"vModel\": \"field111\"\n    },\n    \"attrs\": {\n      \"placeholder\": \"请选择日期选择\",\n      \"type\": \"date\",\n      \"disabled\": false,\n      \"clearable\": true,\n      \"format\": \"yyyy-MM-dd\",\n      \"value-format\": \"yyyy-MM-dd\",\n      \"readonly\": false\n    },\n    \"style\": {\n      \"width\": \"100%\"\n    }\n  }', 'admin', '2021-03-29 14:19:25', NULL, NULL, '日期选择控件', 'intelligent_controls_', 'date', NULL);
INSERT INTO `intelligent_control_steward` VALUES (20, 'el-date-range', 'date-range', 'intelligent_controls_date_range', 'varchar', 255, '{\n    \"config\": {\n      \"label\": \"日期范围\",\n      \"tag\": \"el-date-picker\",\n      \"tagIcon\": \"date-range\",\n      \"defaultValue\": null,\n      \"span\": 24,\n      \"showLabel\": true,\n      \"labelWidth\": null,\n      \"required\": true,\n      \"layout\": \"colFormItem\",\n      \"regList\": [],\n      \"changeTag\": true,\n      \"document\": \"https://element.eleme.cn/#/zh-CN/component/date-picker\",\n      \"formId\": 112,\n      \"renderKey\": \"1121616998510073\",\n      \"vModel\": \"field112\"\n    },\n    \"style\": {\n      \"width\": \"100%\"\n    },\n    \"attrs\": {\n      \"type\": \"daterange\",\n      \"range-separator\": \"至\",\n      \"start-placeholder\": \"开始日期\",\n      \"end-placeholder\": \"结束日期\",\n      \"disabled\": false,\n      \"clearable\": true,\n      \"format\": \"yyyy-MM-dd\",\n      \"value-format\": \"yyyy-MM-dd\",\n      \"readonly\": false\n    }\n  }', 'admin', '2021-03-29 14:20:34', 'admin', '2021-03-29 17:59:40', '日期范围控件', 'intelligent_controls_', 'date_range', NULL);
INSERT INTO `intelligent_control_steward` VALUES (21, 'el-rate', 'rate', 'intelligent_controls_rate', 'double', 16, '{\n    \"config\": {\n      \"label\": \"评分\",\n      \"tag\": \"el-rate\",\n      \"tagIcon\": \"rate\",\n      \"defaultValue\": 0,\n      \"span\": 24,\n      \"showLabel\": true,\n      \"labelWidth\": null,\n      \"layout\": \"colFormItem\",\n      \"required\": true,\n      \"regList\": [],\n      \"changeTag\": true,\n      \"document\": \"https://element.eleme.cn/#/zh-CN/component/rate\",\n      \"formId\": 113,\n      \"renderKey\": \"1131616998511488\",\n      \"vModel\": \"field113\"\n    },\n    \"style\": {},\n    \"attrs\": {\n      \"max\": 5,\n      \"allow-half\": false,\n      \"show-text\": false,\n      \"show-score\": false,\n      \"disabled\": false\n    }\n  }', 'admin', '2021-03-29 14:22:02', 'admin', '2021-03-29 18:45:03', '评分组件', 'intelligent_controls_', 'rate', 2);
INSERT INTO `intelligent_control_steward` VALUES (22, 'el-color', 'color', 'intelligent_controls_color', 'varchar', 225, '{\n    \"config\": {\n      \"label\": \"颜色选择\",\n      \"tag\": \"el-color-picker\",\n      \"tagIcon\": \"color\",\n      \"span\": 24,\n      \"defaultValue\": null,\n      \"showLabel\": true,\n      \"labelWidth\": null,\n      \"layout\": \"colFormItem\",\n      \"required\": true,\n      \"regList\": [],\n      \"changeTag\": true,\n      \"document\": \"https://element.eleme.cn/#/zh-CN/component/color-picker\",\n      \"formId\": 114,\n      \"renderKey\": \"1141616998513045\",\n      \"vModel\": \"field114\"\n    },\n    \"attrs\": {\n      \"show-alpha\": false,\n      \"color-format\": \"\",\n      \"disabled\": false,\n      \"size\": \"medium\"\n    }\n  }', 'admin', '2021-03-29 14:22:49', NULL, NULL, '颜色选择控件', 'intelligent_controls_', 'color', NULL);

-- ----------------------------
-- Table structure for intelligent_controls_cascader
-- ----------------------------
DROP TABLE IF EXISTS `intelligent_controls_cascader`;
CREATE TABLE `intelligent_controls_cascader`  (
  `id` int NOT NULL AUTO_INCREMENT,
  `attrs_placeholder` varchar(255) CHARACTER SET utf8mb4 COLLATE utf8mb4_unicode_ci NULL DEFAULT NULL,
  `config_tag` varchar(255) CHARACTER SET utf8mb4 COLLATE utf8mb4_unicode_ci NULL DEFAULT NULL,
  `attrs_options` text CHARACTER SET utf8mb4 COLLATE utf8mb4_unicode_ci NULL,
  `config_document` varchar(255) CHARACTER SET utf8mb4 COLLATE utf8mb4_unicode_ci NULL DEFAULT NULL,
  `config_render_key` varchar(255) CHARACTER SET utf8mb4 COLLATE utf8mb4_unicode_ci NULL DEFAULT NULL,
  `config_v_model` varchar(255) CHARACTER SET utf8mb4 COLLATE utf8mb4_unicode_ci NULL DEFAULT NULL,
  `config_show_label` tinyint(1) NULL DEFAULT NULL,
  `config_required` tinyint(1) NULL DEFAULT NULL,
  `attrs_clearable` tinyint(1) NULL DEFAULT NULL,
  `class_props_children` varchar(255) CHARACTER SET utf8mb4 COLLATE utf8mb4_unicode_ci NULL DEFAULT NULL,
  `config_tag_icon` varchar(255) CHARACTER SET utf8mb4 COLLATE utf8mb4_unicode_ci NULL DEFAULT NULL,
  `config_label` varchar(255) CHARACTER SET utf8mb4 COLLATE utf8mb4_unicode_ci NULL DEFAULT NULL,
  `config_default_value` text CHARACTER SET utf8mb4 COLLATE utf8mb4_unicode_ci NULL,
  `config_reg_list` text CHARACTER SET utf8mb4 COLLATE utf8mb4_unicode_ci NULL,
  `config_method` varchar(255) CHARACTER SET utf8mb4 COLLATE utf8mb4_unicode_ci NULL DEFAULT NULL,
  `config_label_width` int NULL DEFAULT NULL,
  `config_form_id` int NULL DEFAULT NULL,
  `config_url` varchar(255) CHARACTER SET utf8mb4 COLLATE utf8mb4_unicode_ci NULL DEFAULT NULL,
  `config_data_key` varchar(255) CHARACTER SET utf8mb4 COLLATE utf8mb4_unicode_ci NULL DEFAULT NULL,
  `attrs_filterable` tinyint(1) NULL DEFAULT NULL,
  `config_layout` varchar(255) CHARACTER SET utf8mb4 COLLATE utf8mb4_unicode_ci NULL DEFAULT NULL,
  `attrs_separator` varchar(255) CHARACTER SET utf8mb4 COLLATE utf8mb4_unicode_ci NULL DEFAULT NULL,
  `config_span` int NULL DEFAULT NULL,
  `attrs_disabled` tinyint(1) NULL DEFAULT NULL,
  `style_width` varchar(255) CHARACTER SET utf8mb4 COLLATE utf8mb4_unicode_ci NULL DEFAULT NULL,
  `config_data_type` varchar(255) CHARACTER SET utf8mb4 COLLATE utf8mb4_unicode_ci NULL DEFAULT NULL,
  `class_props_value` varchar(255) CHARACTER SET utf8mb4 COLLATE utf8mb4_unicode_ci NULL DEFAULT NULL,
  `config_change_tag` tinyint(1) NULL DEFAULT NULL,
  `class_props_multiple` tinyint(1) NULL DEFAULT NULL,
  `attrs_show_all_levels` tinyint(1) NULL DEFAULT NULL,
  `class_props_label` varchar(255) CHARACTER SET utf8mb4 COLLATE utf8mb4_unicode_ci NULL DEFAULT NULL,
  `field_length` int NULL DEFAULT NULL,
  `field_current` varchar(10) CHARACTER SET utf8mb4 COLLATE utf8mb4_unicode_ci NULL DEFAULT NULL,
  `data_mapping_table` varchar(120) CHARACTER SET utf8mb4 COLLATE utf8mb4_unicode_ci NULL DEFAULT NULL,
  `create_by` varchar(64) CHARACTER SET utf8mb4 COLLATE utf8mb4_unicode_ci NULL DEFAULT NULL,
  `create_time` datetime NULL DEFAULT CURRENT_TIMESTAMP,
  `form_extend_id` int NULL DEFAULT NULL,
  `data_mapping_table_prefix` varchar(100) CHARACTER SET utf8mb4 COLLATE utf8mb4_unicode_ci NULL DEFAULT NULL,
  `data_mapping_table_suffix` varchar(100) CHARACTER SET utf8mb4 COLLATE utf8mb4_unicode_ci NULL DEFAULT NULL,
  PRIMARY KEY (`id`) USING BTREE
) ENGINE = InnoDB AUTO_INCREMENT = 1 CHARACTER SET = utf8mb4 COLLATE = utf8mb4_unicode_ci ROW_FORMAT = DYNAMIC;

-- ----------------------------
-- Records of intelligent_controls_cascader
-- ----------------------------

-- ----------------------------
-- Table structure for intelligent_controls_checkbox
-- ----------------------------
DROP TABLE IF EXISTS `intelligent_controls_checkbox`;
CREATE TABLE `intelligent_controls_checkbox`  (
  `id` int NOT NULL AUTO_INCREMENT,
  `config_default_value` text CHARACTER SET utf8mb4 COLLATE utf8mb4_unicode_ci NULL,
  `config_reg_list` text CHARACTER SET utf8mb4 COLLATE utf8mb4_unicode_ci NULL,
  `slot_options` text CHARACTER SET utf8mb4 COLLATE utf8mb4_unicode_ci NULL,
  `config_label_width` int NULL DEFAULT NULL,
  `config_form_id` int NULL DEFAULT NULL,
  `attrs_min` varchar(255) CHARACTER SET utf8mb4 COLLATE utf8mb4_unicode_ci NULL DEFAULT NULL,
  `config_border` tinyint(1) NULL DEFAULT NULL,
  `config_layout` varchar(255) CHARACTER SET utf8mb4 COLLATE utf8mb4_unicode_ci NULL DEFAULT NULL,
  `config_tag` varchar(255) CHARACTER SET utf8mb4 COLLATE utf8mb4_unicode_ci NULL DEFAULT NULL,
  `attrs_size` varchar(255) CHARACTER SET utf8mb4 COLLATE utf8mb4_unicode_ci NULL DEFAULT NULL,
  `config_document` varchar(255) CHARACTER SET utf8mb4 COLLATE utf8mb4_unicode_ci NULL DEFAULT NULL,
  `config_span` int NULL DEFAULT NULL,
  `config_option_type` varchar(255) CHARACTER SET utf8mb4 COLLATE utf8mb4_unicode_ci NULL DEFAULT NULL,
  `config_render_key` varchar(255) CHARACTER SET utf8mb4 COLLATE utf8mb4_unicode_ci NULL DEFAULT NULL,
  `attrs_disabled` tinyint(1) NULL DEFAULT NULL,
  `config_v_model` varchar(255) CHARACTER SET utf8mb4 COLLATE utf8mb4_unicode_ci NULL DEFAULT NULL,
  `config_show_label` tinyint(1) NULL DEFAULT NULL,
  `config_required` tinyint(1) NULL DEFAULT NULL,
  `config_change_tag` tinyint(1) NULL DEFAULT NULL,
  `config_tag_icon` varchar(255) CHARACTER SET utf8mb4 COLLATE utf8mb4_unicode_ci NULL DEFAULT NULL,
  `config_label` varchar(255) CHARACTER SET utf8mb4 COLLATE utf8mb4_unicode_ci NULL DEFAULT NULL,
  `field_length` int NULL DEFAULT NULL,
  `field_current` varchar(10) CHARACTER SET utf8mb4 COLLATE utf8mb4_unicode_ci NULL DEFAULT NULL,
  `data_mapping_table` varchar(120) CHARACTER SET utf8mb4 COLLATE utf8mb4_unicode_ci NULL DEFAULT NULL,
  `create_by` varchar(64) CHARACTER SET utf8mb4 COLLATE utf8mb4_unicode_ci NULL DEFAULT NULL,
  `create_time` datetime NULL DEFAULT CURRENT_TIMESTAMP,
  `form_extend_id` int NULL DEFAULT NULL,
  `data_mapping_table_prefix` varchar(100) CHARACTER SET utf8mb4 COLLATE utf8mb4_unicode_ci NULL DEFAULT NULL,
  `data_mapping_table_suffix` varchar(100) CHARACTER SET utf8mb4 COLLATE utf8mb4_unicode_ci NULL DEFAULT NULL,
  PRIMARY KEY (`id`) USING BTREE
) ENGINE = InnoDB AUTO_INCREMENT = 1 CHARACTER SET = utf8mb4 COLLATE = utf8mb4_unicode_ci ROW_FORMAT = DYNAMIC;

-- ----------------------------
-- Records of intelligent_controls_checkbox
-- ----------------------------

-- ----------------------------
-- Table structure for intelligent_controls_color
-- ----------------------------
DROP TABLE IF EXISTS `intelligent_controls_color`;
CREATE TABLE `intelligent_controls_color`  (
  `id` int NOT NULL AUTO_INCREMENT,
  `config_default_value` varchar(255) CHARACTER SET utf8mb4 COLLATE utf8mb4_unicode_ci NULL DEFAULT NULL,
  `config_reg_list` text CHARACTER SET utf8mb4 COLLATE utf8mb4_unicode_ci NULL,
  `config_label_width` int NULL DEFAULT NULL,
  `config_form_id` int NULL DEFAULT NULL,
  `config_layout` varchar(255) CHARACTER SET utf8mb4 COLLATE utf8mb4_unicode_ci NULL DEFAULT NULL,
  `config_tag` varchar(255) CHARACTER SET utf8mb4 COLLATE utf8mb4_unicode_ci NULL DEFAULT NULL,
  `attrs_size` varchar(255) CHARACTER SET utf8mb4 COLLATE utf8mb4_unicode_ci NULL DEFAULT NULL,
  `config_document` varchar(255) CHARACTER SET utf8mb4 COLLATE utf8mb4_unicode_ci NULL DEFAULT NULL,
  `config_span` int NULL DEFAULT NULL,
  `config_render_key` varchar(255) CHARACTER SET utf8mb4 COLLATE utf8mb4_unicode_ci NULL DEFAULT NULL,
  `attrs_disabled` tinyint(1) NULL DEFAULT NULL,
  `config_v_model` varchar(255) CHARACTER SET utf8mb4 COLLATE utf8mb4_unicode_ci NULL DEFAULT NULL,
  `config_show_label` tinyint(1) NULL DEFAULT NULL,
  `config_required` tinyint(1) NULL DEFAULT NULL,
  `config_change_tag` tinyint(1) NULL DEFAULT NULL,
  `config_tag_icon` varchar(255) CHARACTER SET utf8mb4 COLLATE utf8mb4_unicode_ci NULL DEFAULT NULL,
  `attrs_show_alpha` tinyint(1) NULL DEFAULT NULL,
  `attrs_color_format` varchar(255) CHARACTER SET utf8mb4 COLLATE utf8mb4_unicode_ci NULL DEFAULT NULL,
  `config_label` varchar(255) CHARACTER SET utf8mb4 COLLATE utf8mb4_unicode_ci NULL DEFAULT NULL,
  `field_length` int NULL DEFAULT NULL,
  `field_current` varchar(10) CHARACTER SET utf8mb4 COLLATE utf8mb4_unicode_ci NULL DEFAULT NULL,
  `data_mapping_table` varchar(120) CHARACTER SET utf8mb4 COLLATE utf8mb4_unicode_ci NULL DEFAULT NULL,
  `create_by` varchar(64) CHARACTER SET utf8mb4 COLLATE utf8mb4_unicode_ci NULL DEFAULT NULL,
  `create_time` datetime NULL DEFAULT CURRENT_TIMESTAMP,
  `form_extend_id` int NULL DEFAULT NULL,
  `data_mapping_table_prefix` varchar(100) CHARACTER SET utf8mb4 COLLATE utf8mb4_unicode_ci NULL DEFAULT NULL,
  `data_mapping_table_suffix` varchar(100) CHARACTER SET utf8mb4 COLLATE utf8mb4_unicode_ci NULL DEFAULT NULL,
  PRIMARY KEY (`id`) USING BTREE
) ENGINE = InnoDB AUTO_INCREMENT = 1 CHARACTER SET = utf8mb4 COLLATE = utf8mb4_unicode_ci ROW_FORMAT = DYNAMIC;

-- ----------------------------
-- Records of intelligent_controls_color
-- ----------------------------

-- ----------------------------
-- Table structure for intelligent_controls_date
-- ----------------------------
DROP TABLE IF EXISTS `intelligent_controls_date`;
CREATE TABLE `intelligent_controls_date`  (
  `id` int NOT NULL AUTO_INCREMENT,
  `config_default_value` varchar(255) CHARACTER SET utf8mb4 COLLATE utf8mb4_unicode_ci NULL DEFAULT NULL,
  `attrs_placeholder` varchar(255) CHARACTER SET utf8mb4 COLLATE utf8mb4_unicode_ci NULL DEFAULT NULL,
  `config_reg_list` text CHARACTER SET utf8mb4 COLLATE utf8mb4_unicode_ci NULL,
  `attrs_value_format` varchar(255) CHARACTER SET utf8mb4 COLLATE utf8mb4_unicode_ci NULL DEFAULT NULL,
  `attrs_type` varchar(255) CHARACTER SET utf8mb4 COLLATE utf8mb4_unicode_ci NULL DEFAULT NULL,
  `config_label_width` int NULL DEFAULT NULL,
  `config_form_id` int NULL DEFAULT NULL,
  `attrs_readonly` tinyint(1) NULL DEFAULT NULL,
  `config_layout` varchar(255) CHARACTER SET utf8mb4 COLLATE utf8mb4_unicode_ci NULL DEFAULT NULL,
  `config_tag` varchar(255) CHARACTER SET utf8mb4 COLLATE utf8mb4_unicode_ci NULL DEFAULT NULL,
  `config_document` varchar(255) CHARACTER SET utf8mb4 COLLATE utf8mb4_unicode_ci NULL DEFAULT NULL,
  `config_span` int NULL DEFAULT NULL,
  `config_render_key` varchar(255) CHARACTER SET utf8mb4 COLLATE utf8mb4_unicode_ci NULL DEFAULT NULL,
  `attrs_disabled` tinyint(1) NULL DEFAULT NULL,
  `style_width` varchar(255) CHARACTER SET utf8mb4 COLLATE utf8mb4_unicode_ci NULL DEFAULT NULL,
  `config_v_model` varchar(255) CHARACTER SET utf8mb4 COLLATE utf8mb4_unicode_ci NULL DEFAULT NULL,
  `config_show_label` tinyint(1) NULL DEFAULT NULL,
  `config_required` tinyint(1) NULL DEFAULT NULL,
  `attrs_clearable` tinyint(1) NULL DEFAULT NULL,
  `config_change_tag` tinyint(1) NULL DEFAULT NULL,
  `config_tag_icon` varchar(255) CHARACTER SET utf8mb4 COLLATE utf8mb4_unicode_ci NULL DEFAULT NULL,
  `attrs_format` varchar(255) CHARACTER SET utf8mb4 COLLATE utf8mb4_unicode_ci NULL DEFAULT NULL,
  `config_label` varchar(255) CHARACTER SET utf8mb4 COLLATE utf8mb4_unicode_ci NULL DEFAULT NULL,
  `field_length` int NULL DEFAULT NULL,
  `field_current` varchar(10) CHARACTER SET utf8mb4 COLLATE utf8mb4_unicode_ci NULL DEFAULT NULL,
  `data_mapping_table` varchar(120) CHARACTER SET utf8mb4 COLLATE utf8mb4_unicode_ci NULL DEFAULT NULL,
  `create_by` varchar(64) CHARACTER SET utf8mb4 COLLATE utf8mb4_unicode_ci NULL DEFAULT NULL,
  `create_time` datetime NULL DEFAULT CURRENT_TIMESTAMP,
  `form_extend_id` int NULL DEFAULT NULL,
  `data_mapping_table_prefix` varchar(100) CHARACTER SET utf8mb4 COLLATE utf8mb4_unicode_ci NULL DEFAULT NULL,
  `data_mapping_table_suffix` varchar(100) CHARACTER SET utf8mb4 COLLATE utf8mb4_unicode_ci NULL DEFAULT NULL,
  PRIMARY KEY (`id`) USING BTREE
) ENGINE = InnoDB AUTO_INCREMENT = 1 CHARACTER SET = utf8mb4 COLLATE = utf8mb4_unicode_ci ROW_FORMAT = DYNAMIC;

-- ----------------------------
-- Records of intelligent_controls_date
-- ----------------------------

-- ----------------------------
-- Table structure for intelligent_controls_date_range
-- ----------------------------
DROP TABLE IF EXISTS `intelligent_controls_date_range`;
CREATE TABLE `intelligent_controls_date_range`  (
  `id` int NOT NULL AUTO_INCREMENT,
  `attrs_value_format` varchar(255) CHARACTER SET utf8mb4 COLLATE utf8mb4_unicode_ci NULL DEFAULT NULL,
  `attrs_readonly` tinyint(1) NULL DEFAULT NULL,
  `config_tag` varchar(255) CHARACTER SET utf8mb4 COLLATE utf8mb4_unicode_ci NULL DEFAULT NULL,
  `attrs_start_placeholder` varchar(255) CHARACTER SET utf8mb4 COLLATE utf8mb4_unicode_ci NULL DEFAULT NULL,
  `config_document` varchar(255) CHARACTER SET utf8mb4 COLLATE utf8mb4_unicode_ci NULL DEFAULT NULL,
  `config_render_key` varchar(255) CHARACTER SET utf8mb4 COLLATE utf8mb4_unicode_ci NULL DEFAULT NULL,
  `config_v_model` varchar(255) CHARACTER SET utf8mb4 COLLATE utf8mb4_unicode_ci NULL DEFAULT NULL,
  `config_show_label` tinyint(1) NULL DEFAULT NULL,
  `config_required` tinyint(1) NULL DEFAULT NULL,
  `attrs_clearable` tinyint(1) NULL DEFAULT NULL,
  `config_tag_icon` varchar(255) CHARACTER SET utf8mb4 COLLATE utf8mb4_unicode_ci NULL DEFAULT NULL,
  `attrs_format` varchar(255) CHARACTER SET utf8mb4 COLLATE utf8mb4_unicode_ci NULL DEFAULT NULL,
  `config_label` varchar(255) CHARACTER SET utf8mb4 COLLATE utf8mb4_unicode_ci NULL DEFAULT NULL,
  `config_default_value` varchar(255) CHARACTER SET utf8mb4 COLLATE utf8mb4_unicode_ci NULL DEFAULT NULL,
  `config_reg_list` text CHARACTER SET utf8mb4 COLLATE utf8mb4_unicode_ci NULL,
  `attrs_type` varchar(255) CHARACTER SET utf8mb4 COLLATE utf8mb4_unicode_ci NULL DEFAULT NULL,
  `config_label_width` int NULL DEFAULT NULL,
  `config_form_id` int NULL DEFAULT NULL,
  `config_layout` varchar(255) CHARACTER SET utf8mb4 COLLATE utf8mb4_unicode_ci NULL DEFAULT NULL,
  `attrs_range_separator` varchar(255) CHARACTER SET utf8mb4 COLLATE utf8mb4_unicode_ci NULL DEFAULT NULL,
  `config_span` int NULL DEFAULT NULL,
  `attrs_disabled` tinyint(1) NULL DEFAULT NULL,
  `style_width` varchar(255) CHARACTER SET utf8mb4 COLLATE utf8mb4_unicode_ci NULL DEFAULT NULL,
  `attrs_end_placeholder` varchar(255) CHARACTER SET utf8mb4 COLLATE utf8mb4_unicode_ci NULL DEFAULT NULL,
  `config_change_tag` tinyint(1) NULL DEFAULT NULL,
  `field_length` int NULL DEFAULT NULL,
  `field_current` varchar(10) CHARACTER SET utf8mb4 COLLATE utf8mb4_unicode_ci NULL DEFAULT NULL,
  `data_mapping_table` varchar(120) CHARACTER SET utf8mb4 COLLATE utf8mb4_unicode_ci NULL DEFAULT NULL,
  `create_by` varchar(64) CHARACTER SET utf8mb4 COLLATE utf8mb4_unicode_ci NULL DEFAULT NULL,
  `create_time` datetime NULL DEFAULT CURRENT_TIMESTAMP,
  `form_extend_id` int NULL DEFAULT NULL,
  `data_mapping_table_prefix` varchar(100) CHARACTER SET utf8mb4 COLLATE utf8mb4_unicode_ci NULL DEFAULT NULL,
  `data_mapping_table_suffix` varchar(100) CHARACTER SET utf8mb4 COLLATE utf8mb4_unicode_ci NULL DEFAULT NULL,
  PRIMARY KEY (`id`) USING BTREE
) ENGINE = InnoDB AUTO_INCREMENT = 1 CHARACTER SET = utf8mb4 COLLATE = utf8mb4_unicode_ci ROW_FORMAT = DYNAMIC;

-- ----------------------------
-- Records of intelligent_controls_date_range
-- ----------------------------

-- ----------------------------
-- Table structure for intelligent_controls_input
-- ----------------------------
DROP TABLE IF EXISTS `intelligent_controls_input`;
CREATE TABLE `intelligent_controls_input`  (
  `id` int NOT NULL AUTO_INCREMENT,
  `attrs_placeholder` varchar(255) CHARACTER SET utf8mb4 COLLATE utf8mb4_unicode_ci NULL DEFAULT NULL,
  `attrs_readonly` tinyint(1) NULL DEFAULT NULL,
  `config_tag` varchar(255) CHARACTER SET utf8mb4 COLLATE utf8mb4_unicode_ci NULL DEFAULT NULL,
  `config_document` varchar(255) CHARACTER SET utf8mb4 COLLATE utf8mb4_unicode_ci NULL DEFAULT NULL,
  `config_render_key` varchar(255) CHARACTER SET utf8mb4 COLLATE utf8mb4_unicode_ci NULL DEFAULT NULL,
  `config_v_model` varchar(255) CHARACTER SET utf8mb4 COLLATE utf8mb4_unicode_ci NULL DEFAULT NULL,
  `config_show_label` tinyint(1) NULL DEFAULT NULL,
  `config_required` tinyint(1) NULL DEFAULT NULL,
  `attrs_clearable` tinyint(1) NULL DEFAULT NULL,
  `config_tag_icon` varchar(255) CHARACTER SET utf8mb4 COLLATE utf8mb4_unicode_ci NULL DEFAULT NULL,
  `attrs_suffix_icon` varchar(255) CHARACTER SET utf8mb4 COLLATE utf8mb4_unicode_ci NULL DEFAULT NULL,
  `config_label` varchar(255) CHARACTER SET utf8mb4 COLLATE utf8mb4_unicode_ci NULL DEFAULT NULL,
  `config_default_value` varchar(255) CHARACTER SET utf8mb4 COLLATE utf8mb4_unicode_ci NULL DEFAULT NULL,
  `config_reg_list` text CHARACTER SET utf8mb4 COLLATE utf8mb4_unicode_ci NULL,
  `attrs_maxlength` int NULL DEFAULT NULL,
  `config_label_width` int NULL DEFAULT NULL,
  `config_form_id` int NULL DEFAULT NULL,
  `config_layout` varchar(255) CHARACTER SET utf8mb4 COLLATE utf8mb4_unicode_ci NULL DEFAULT NULL,
  `config_span` int NULL DEFAULT NULL,
  `attrs_prefix_icon` varchar(255) CHARACTER SET utf8mb4 COLLATE utf8mb4_unicode_ci NULL DEFAULT NULL,
  `attrs_disabled` tinyint(1) NULL DEFAULT NULL,
  `style_width` varchar(255) CHARACTER SET utf8mb4 COLLATE utf8mb4_unicode_ci NULL DEFAULT NULL,
  `slot_prepend` varchar(255) CHARACTER SET utf8mb4 COLLATE utf8mb4_unicode_ci NULL DEFAULT NULL,
  `config_change_tag` tinyint(1) NULL DEFAULT NULL,
  `slot_append` varchar(255) CHARACTER SET utf8mb4 COLLATE utf8mb4_unicode_ci NULL DEFAULT NULL,
  `attrs_show_word_limit` tinyint(1) NULL DEFAULT NULL,
  `field_length` int NULL DEFAULT NULL,
  `field_current` varchar(10) CHARACTER SET utf8mb4 COLLATE utf8mb4_unicode_ci NULL DEFAULT NULL,
  `data_mapping_table` varchar(120) CHARACTER SET utf8mb4 COLLATE utf8mb4_unicode_ci NULL DEFAULT NULL,
  `create_by` varchar(64) CHARACTER SET utf8mb4 COLLATE utf8mb4_unicode_ci NULL DEFAULT NULL,
  `create_time` datetime NULL DEFAULT CURRENT_TIMESTAMP,
  `form_extend_id` int NULL DEFAULT NULL,
  `data_mapping_table_prefix` varchar(100) CHARACTER SET utf8mb4 COLLATE utf8mb4_unicode_ci NULL DEFAULT NULL,
  `data_mapping_table_suffix` varchar(100) CHARACTER SET utf8mb4 COLLATE utf8mb4_unicode_ci NULL DEFAULT NULL,
  PRIMARY KEY (`id`) USING BTREE
) ENGINE = InnoDB AUTO_INCREMENT = 94 CHARACTER SET = utf8mb4 COLLATE = utf8mb4_unicode_ci ROW_FORMAT = DYNAMIC;

-- ----------------------------
-- Records of intelligent_controls_input
-- ----------------------------
INSERT INTO `intelligent_controls_input` VALUES (93, '请输入单行文本', 0, 'el-input', 'https://element.eleme.cn/#/zh-CN/component/input', '1011617062740739', 'field101', 1, 1, 1, 'input', NULL, '单行文本', '1001', NULL, NULL, NULL, 101, 'colFormItem', 24, NULL, 0, '100%', NULL, 1, NULL, 0, 5, 'field1', 'intelligent_business_demo', 'admin', '2021-03-30 08:05:59', 36, 'intelligent_business_', 'demo');

-- ----------------------------
-- Table structure for intelligent_controls_number
-- ----------------------------
DROP TABLE IF EXISTS `intelligent_controls_number`;
CREATE TABLE `intelligent_controls_number`  (
  `id` int NOT NULL AUTO_INCREMENT,
  `attrs_placeholder` varchar(255) CHARACTER SET utf8mb4 COLLATE utf8mb4_unicode_ci NULL DEFAULT NULL,
  `config_reg_list` text CHARACTER SET utf8mb4 COLLATE utf8mb4_unicode_ci NULL,
  `config_label_width` int NULL DEFAULT NULL,
  `config_form_id` int NULL DEFAULT NULL,
  `attrs_step_strictly` tinyint(1) NULL DEFAULT NULL,
  `config_layout` varchar(255) CHARACTER SET utf8mb4 COLLATE utf8mb4_unicode_ci NULL DEFAULT NULL,
  `config_tag` varchar(255) CHARACTER SET utf8mb4 COLLATE utf8mb4_unicode_ci NULL DEFAULT NULL,
  `config_document` varchar(255) CHARACTER SET utf8mb4 COLLATE utf8mb4_unicode_ci NULL DEFAULT NULL,
  `config_span` int NULL DEFAULT NULL,
  `attrs_controls_position` varchar(255) CHARACTER SET utf8mb4 COLLATE utf8mb4_unicode_ci NULL DEFAULT NULL,
  `config_render_key` varchar(255) CHARACTER SET utf8mb4 COLLATE utf8mb4_unicode_ci NULL DEFAULT NULL,
  `attrs_disabled` tinyint(1) NULL DEFAULT NULL,
  `config_v_model` varchar(255) CHARACTER SET utf8mb4 COLLATE utf8mb4_unicode_ci NULL DEFAULT NULL,
  `config_show_label` tinyint(1) NULL DEFAULT NULL,
  `config_required` tinyint(1) NULL DEFAULT NULL,
  `config_change_tag` tinyint(1) NULL DEFAULT NULL,
  `config_tag_icon` varchar(255) CHARACTER SET utf8mb4 COLLATE utf8mb4_unicode_ci NULL DEFAULT NULL,
  `attrs_step` int NULL DEFAULT NULL,
  `config_label` varchar(255) CHARACTER SET utf8mb4 COLLATE utf8mb4_unicode_ci NULL DEFAULT NULL,
  `field_length` int NULL DEFAULT NULL,
  `field_current` varchar(10) CHARACTER SET utf8mb4 COLLATE utf8mb4_unicode_ci NULL DEFAULT NULL,
  `data_mapping_table` varchar(120) CHARACTER SET utf8mb4 COLLATE utf8mb4_unicode_ci NULL DEFAULT NULL,
  `create_by` varchar(64) CHARACTER SET utf8mb4 COLLATE utf8mb4_unicode_ci NULL DEFAULT NULL,
  `create_time` datetime NULL DEFAULT CURRENT_TIMESTAMP,
  `form_extend_id` int NULL DEFAULT NULL,
  `data_mapping_table_prefix` varchar(100) CHARACTER SET utf8mb4 COLLATE utf8mb4_unicode_ci NULL DEFAULT NULL,
  `data_mapping_table_suffix` varchar(100) CHARACTER SET utf8mb4 COLLATE utf8mb4_unicode_ci NULL DEFAULT NULL,
  PRIMARY KEY (`id`) USING BTREE
) ENGINE = InnoDB AUTO_INCREMENT = 6 CHARACTER SET = utf8mb4 COLLATE = utf8mb4_unicode_ci ROW_FORMAT = DYNAMIC;

-- ----------------------------
-- Records of intelligent_controls_number
-- ----------------------------
INSERT INTO `intelligent_controls_number` VALUES (5, '计数器', NULL, NULL, 104, 0, 'colFormItem', 'el-input-number', 'https://element.eleme.cn/#/zh-CN/component/input-number', 24, NULL, '1041617062744859', 0, 'field104', 1, 1, 1, 'number', 1, '计数器', 5, 'field4', 'intelligent_business_demo', 'admin', '2021-03-30 08:05:59', 36, 'intelligent_business_', 'demo');

-- ----------------------------
-- Table structure for intelligent_controls_password
-- ----------------------------
DROP TABLE IF EXISTS `intelligent_controls_password`;
CREATE TABLE `intelligent_controls_password`  (
  `id` int NOT NULL AUTO_INCREMENT,
  `attrs_placeholder` varchar(255) CHARACTER SET utf8mb4 COLLATE utf8mb4_unicode_ci NULL DEFAULT NULL,
  `attrs_readonly` tinyint(1) NULL DEFAULT NULL,
  `config_tag` varchar(255) CHARACTER SET utf8mb4 COLLATE utf8mb4_unicode_ci NULL DEFAULT NULL,
  `config_document` varchar(255) CHARACTER SET utf8mb4 COLLATE utf8mb4_unicode_ci NULL DEFAULT NULL,
  `config_render_key` varchar(255) CHARACTER SET utf8mb4 COLLATE utf8mb4_unicode_ci NULL DEFAULT NULL,
  `config_v_model` varchar(255) CHARACTER SET utf8mb4 COLLATE utf8mb4_unicode_ci NULL DEFAULT NULL,
  `config_show_label` tinyint(1) NULL DEFAULT NULL,
  `config_required` tinyint(1) NULL DEFAULT NULL,
  `attrs_clearable` tinyint(1) NULL DEFAULT NULL,
  `config_tag_icon` varchar(255) CHARACTER SET utf8mb4 COLLATE utf8mb4_unicode_ci NULL DEFAULT NULL,
  `attrs_suffix_icon` varchar(255) CHARACTER SET utf8mb4 COLLATE utf8mb4_unicode_ci NULL DEFAULT NULL,
  `config_label` varchar(255) CHARACTER SET utf8mb4 COLLATE utf8mb4_unicode_ci NULL DEFAULT NULL,
  `config_default_value` varchar(255) CHARACTER SET utf8mb4 COLLATE utf8mb4_unicode_ci NULL DEFAULT NULL,
  `config_reg_list` text CHARACTER SET utf8mb4 COLLATE utf8mb4_unicode_ci NULL,
  `attrs_maxlength` int NULL DEFAULT NULL,
  `config_label_width` int NULL DEFAULT NULL,
  `config_form_id` int NULL DEFAULT NULL,
  `config_layout` varchar(255) CHARACTER SET utf8mb4 COLLATE utf8mb4_unicode_ci NULL DEFAULT NULL,
  `config_span` int NULL DEFAULT NULL,
  `attrs_prefix_icon` varchar(255) CHARACTER SET utf8mb4 COLLATE utf8mb4_unicode_ci NULL DEFAULT NULL,
  `attrs_disabled` tinyint(1) NULL DEFAULT NULL,
  `style_width` varchar(255) CHARACTER SET utf8mb4 COLLATE utf8mb4_unicode_ci NULL DEFAULT NULL,
  `slot_prepend` varchar(255) CHARACTER SET utf8mb4 COLLATE utf8mb4_unicode_ci NULL DEFAULT NULL,
  `config_change_tag` tinyint(1) NULL DEFAULT NULL,
  `attrs_show_password` tinyint(1) NULL DEFAULT NULL,
  `slot_append` varchar(255) CHARACTER SET utf8mb4 COLLATE utf8mb4_unicode_ci NULL DEFAULT NULL,
  `attrs_show_word_limit` tinyint(1) NULL DEFAULT NULL,
  `field_length` int NULL DEFAULT NULL,
  `field_current` varchar(10) CHARACTER SET utf8mb4 COLLATE utf8mb4_unicode_ci NULL DEFAULT NULL,
  `data_mapping_table` varchar(120) CHARACTER SET utf8mb4 COLLATE utf8mb4_unicode_ci NULL DEFAULT NULL,
  `create_by` varchar(64) CHARACTER SET utf8mb4 COLLATE utf8mb4_unicode_ci NULL DEFAULT NULL,
  `create_time` datetime NULL DEFAULT CURRENT_TIMESTAMP,
  `form_extend_id` int NULL DEFAULT NULL,
  `data_mapping_table_prefix` varchar(100) CHARACTER SET utf8mb4 COLLATE utf8mb4_unicode_ci NULL DEFAULT NULL,
  `data_mapping_table_suffix` varchar(100) CHARACTER SET utf8mb4 COLLATE utf8mb4_unicode_ci NULL DEFAULT NULL,
  PRIMARY KEY (`id`) USING BTREE
) ENGINE = InnoDB AUTO_INCREMENT = 22 CHARACTER SET = utf8mb4 COLLATE = utf8mb4_unicode_ci ROW_FORMAT = DYNAMIC;

-- ----------------------------
-- Records of intelligent_controls_password
-- ----------------------------
INSERT INTO `intelligent_controls_password` VALUES (21, '请输入密码', 0, 'el-input', 'https://element.eleme.cn/#/zh-CN/component/input', '1031617062743482', 'field103', 1, 1, 1, 'password', NULL, '密码', '86228228', NULL, NULL, NULL, 103, 'colFormItem', 24, NULL, 0, '100%', NULL, 1, 1, NULL, 0, 5, 'field3', 'intelligent_business_demo', 'admin', '2021-03-30 08:05:59', 36, 'intelligent_business_', 'demo');

-- ----------------------------
-- Table structure for intelligent_controls_radio
-- ----------------------------
DROP TABLE IF EXISTS `intelligent_controls_radio`;
CREATE TABLE `intelligent_controls_radio`  (
  `id` int NOT NULL AUTO_INCREMENT,
  `config_reg_list` text CHARACTER SET utf8mb4 COLLATE utf8mb4_unicode_ci NULL,
  `slot_options` text CHARACTER SET utf8mb4 COLLATE utf8mb4_unicode_ci NULL,
  `config_label_width` int NULL DEFAULT NULL,
  `config_form_id` int NULL DEFAULT NULL,
  `config_border` tinyint(1) NULL DEFAULT NULL,
  `config_layout` varchar(255) CHARACTER SET utf8mb4 COLLATE utf8mb4_unicode_ci NULL DEFAULT NULL,
  `config_tag` varchar(255) CHARACTER SET utf8mb4 COLLATE utf8mb4_unicode_ci NULL DEFAULT NULL,
  `attrs_size` varchar(255) CHARACTER SET utf8mb4 COLLATE utf8mb4_unicode_ci NULL DEFAULT NULL,
  `config_document` varchar(255) CHARACTER SET utf8mb4 COLLATE utf8mb4_unicode_ci NULL DEFAULT NULL,
  `config_span` int NULL DEFAULT NULL,
  `config_option_type` varchar(255) CHARACTER SET utf8mb4 COLLATE utf8mb4_unicode_ci NULL DEFAULT NULL,
  `config_render_key` varchar(255) CHARACTER SET utf8mb4 COLLATE utf8mb4_unicode_ci NULL DEFAULT NULL,
  `attrs_disabled` tinyint(1) NULL DEFAULT NULL,
  `config_v_model` varchar(255) CHARACTER SET utf8mb4 COLLATE utf8mb4_unicode_ci NULL DEFAULT NULL,
  `config_show_label` tinyint(1) NULL DEFAULT NULL,
  `config_required` tinyint(1) NULL DEFAULT NULL,
  `config_change_tag` tinyint(1) NULL DEFAULT NULL,
  `config_tag_icon` varchar(255) CHARACTER SET utf8mb4 COLLATE utf8mb4_unicode_ci NULL DEFAULT NULL,
  `config_label` varchar(255) CHARACTER SET utf8mb4 COLLATE utf8mb4_unicode_ci NULL DEFAULT NULL,
  `field_length` int NULL DEFAULT NULL,
  `field_current` varchar(10) CHARACTER SET utf8mb4 COLLATE utf8mb4_unicode_ci NULL DEFAULT NULL,
  `data_mapping_table` varchar(120) CHARACTER SET utf8mb4 COLLATE utf8mb4_unicode_ci NULL DEFAULT NULL,
  `create_by` varchar(64) CHARACTER SET utf8mb4 COLLATE utf8mb4_unicode_ci NULL DEFAULT NULL,
  `create_time` datetime NULL DEFAULT CURRENT_TIMESTAMP,
  `form_extend_id` int NULL DEFAULT NULL,
  `data_mapping_table_prefix` varchar(100) CHARACTER SET utf8mb4 COLLATE utf8mb4_unicode_ci NULL DEFAULT NULL,
  `data_mapping_table_suffix` varchar(100) CHARACTER SET utf8mb4 COLLATE utf8mb4_unicode_ci NULL DEFAULT NULL,
  PRIMARY KEY (`id`) USING BTREE
) ENGINE = InnoDB AUTO_INCREMENT = 1 CHARACTER SET = utf8mb4 COLLATE = utf8mb4_unicode_ci ROW_FORMAT = DYNAMIC;

-- ----------------------------
-- Records of intelligent_controls_radio
-- ----------------------------

-- ----------------------------
-- Table structure for intelligent_controls_rate
-- ----------------------------
DROP TABLE IF EXISTS `intelligent_controls_rate`;
CREATE TABLE `intelligent_controls_rate`  (
  `id` int NOT NULL AUTO_INCREMENT,
  `config_default_value` int NULL DEFAULT NULL,
  `config_reg_list` text CHARACTER SET utf8mb4 COLLATE utf8mb4_unicode_ci NULL,
  `config_label_width` int NULL DEFAULT NULL,
  `config_form_id` int NULL DEFAULT NULL,
  `config_layout` varchar(255) CHARACTER SET utf8mb4 COLLATE utf8mb4_unicode_ci NULL DEFAULT NULL,
  `config_tag` varchar(255) CHARACTER SET utf8mb4 COLLATE utf8mb4_unicode_ci NULL DEFAULT NULL,
  `attrs_show_score` tinyint(1) NULL DEFAULT NULL,
  `config_document` varchar(255) CHARACTER SET utf8mb4 COLLATE utf8mb4_unicode_ci NULL DEFAULT NULL,
  `config_span` int NULL DEFAULT NULL,
  `config_render_key` varchar(255) CHARACTER SET utf8mb4 COLLATE utf8mb4_unicode_ci NULL DEFAULT NULL,
  `attrs_allow_half` tinyint(1) NULL DEFAULT NULL,
  `attrs_disabled` tinyint(1) NULL DEFAULT NULL,
  `config_v_model` varchar(255) CHARACTER SET utf8mb4 COLLATE utf8mb4_unicode_ci NULL DEFAULT NULL,
  `attrs_max` int NULL DEFAULT NULL,
  `config_show_label` tinyint(1) NULL DEFAULT NULL,
  `config_required` tinyint(1) NULL DEFAULT NULL,
  `attrs_show_text` tinyint(1) NULL DEFAULT NULL,
  `config_change_tag` tinyint(1) NULL DEFAULT NULL,
  `config_tag_icon` varchar(255) CHARACTER SET utf8mb4 COLLATE utf8mb4_unicode_ci NULL DEFAULT NULL,
  `config_label` varchar(255) CHARACTER SET utf8mb4 COLLATE utf8mb4_unicode_ci NULL DEFAULT NULL,
  `field_length` int NULL DEFAULT NULL,
  `field_current` varchar(10) CHARACTER SET utf8mb4 COLLATE utf8mb4_unicode_ci NULL DEFAULT NULL,
  `data_mapping_table` varchar(120) CHARACTER SET utf8mb4 COLLATE utf8mb4_unicode_ci NULL DEFAULT NULL,
  `create_by` varchar(64) CHARACTER SET utf8mb4 COLLATE utf8mb4_unicode_ci NULL DEFAULT NULL,
  `create_time` datetime NULL DEFAULT CURRENT_TIMESTAMP,
  `form_extend_id` int NULL DEFAULT NULL,
  `data_mapping_table_prefix` varchar(100) CHARACTER SET utf8mb4 COLLATE utf8mb4_unicode_ci NULL DEFAULT NULL,
  `data_mapping_table_suffix` varchar(100) CHARACTER SET utf8mb4 COLLATE utf8mb4_unicode_ci NULL DEFAULT NULL,
  PRIMARY KEY (`id`) USING BTREE
) ENGINE = InnoDB AUTO_INCREMENT = 1 CHARACTER SET = utf8mb4 COLLATE = utf8mb4_unicode_ci ROW_FORMAT = DYNAMIC;

-- ----------------------------
-- Records of intelligent_controls_rate
-- ----------------------------

-- ----------------------------
-- Table structure for intelligent_controls_select
-- ----------------------------
DROP TABLE IF EXISTS `intelligent_controls_select`;
CREATE TABLE `intelligent_controls_select`  (
  `id` int NOT NULL AUTO_INCREMENT,
  `attrs_placeholder` varchar(255) CHARACTER SET utf8mb4 COLLATE utf8mb4_unicode_ci NULL DEFAULT NULL,
  `config_reg_list` text CHARACTER SET utf8mb4 COLLATE utf8mb4_unicode_ci NULL,
  `slot_options` text CHARACTER SET utf8mb4 COLLATE utf8mb4_unicode_ci NULL,
  `config_label_width` int NULL DEFAULT NULL,
  `config_form_id` int NULL DEFAULT NULL,
  `attrs_filterable` tinyint(1) NULL DEFAULT NULL,
  `config_layout` varchar(255) CHARACTER SET utf8mb4 COLLATE utf8mb4_unicode_ci NULL DEFAULT NULL,
  `config_tag` varchar(255) CHARACTER SET utf8mb4 COLLATE utf8mb4_unicode_ci NULL DEFAULT NULL,
  `config_document` varchar(255) CHARACTER SET utf8mb4 COLLATE utf8mb4_unicode_ci NULL DEFAULT NULL,
  `config_span` int NULL DEFAULT NULL,
  `config_render_key` varchar(255) CHARACTER SET utf8mb4 COLLATE utf8mb4_unicode_ci NULL DEFAULT NULL,
  `attrs_disabled` tinyint(1) NULL DEFAULT NULL,
  `style_width` varchar(255) CHARACTER SET utf8mb4 COLLATE utf8mb4_unicode_ci NULL DEFAULT NULL,
  `config_v_model` varchar(255) CHARACTER SET utf8mb4 COLLATE utf8mb4_unicode_ci NULL DEFAULT NULL,
  `config_show_label` tinyint(1) NULL DEFAULT NULL,
  `config_required` tinyint(1) NULL DEFAULT NULL,
  `attrs_clearable` tinyint(1) NULL DEFAULT NULL,
  `config_change_tag` tinyint(1) NULL DEFAULT NULL,
  `config_tag_icon` varchar(255) CHARACTER SET utf8mb4 COLLATE utf8mb4_unicode_ci NULL DEFAULT NULL,
  `attrs_multiple` tinyint(1) NULL DEFAULT NULL,
  `config_label` varchar(255) CHARACTER SET utf8mb4 COLLATE utf8mb4_unicode_ci NULL DEFAULT NULL,
  `field_length` int NULL DEFAULT NULL,
  `field_current` varchar(10) CHARACTER SET utf8mb4 COLLATE utf8mb4_unicode_ci NULL DEFAULT NULL,
  `data_mapping_table` varchar(120) CHARACTER SET utf8mb4 COLLATE utf8mb4_unicode_ci NULL DEFAULT NULL,
  `create_by` varchar(64) CHARACTER SET utf8mb4 COLLATE utf8mb4_unicode_ci NULL DEFAULT NULL,
  `create_time` datetime NULL DEFAULT CURRENT_TIMESTAMP,
  `form_extend_id` int NULL DEFAULT NULL,
  `data_mapping_table_prefix` varchar(100) CHARACTER SET utf8mb4 COLLATE utf8mb4_unicode_ci NULL DEFAULT NULL,
  `data_mapping_table_suffix` varchar(100) CHARACTER SET utf8mb4 COLLATE utf8mb4_unicode_ci NULL DEFAULT NULL,
  PRIMARY KEY (`id`) USING BTREE
) ENGINE = InnoDB AUTO_INCREMENT = 1 CHARACTER SET = utf8mb4 COLLATE = utf8mb4_unicode_ci ROW_FORMAT = DYNAMIC;

-- ----------------------------
-- Records of intelligent_controls_select
-- ----------------------------

-- ----------------------------
-- Table structure for intelligent_controls_slider
-- ----------------------------
DROP TABLE IF EXISTS `intelligent_controls_slider`;
CREATE TABLE `intelligent_controls_slider`  (
  `id` int NOT NULL AUTO_INCREMENT,
  `config_default_value` int NULL DEFAULT NULL,
  `config_reg_list` text CHARACTER SET utf8mb4 COLLATE utf8mb4_unicode_ci NULL,
  `attrs_show_stops` tinyint(1) NULL DEFAULT NULL,
  `config_label_width` int NULL DEFAULT NULL,
  `config_form_id` int NULL DEFAULT NULL,
  `attrs_min` int NULL DEFAULT NULL,
  `config_layout` varchar(255) CHARACTER SET utf8mb4 COLLATE utf8mb4_unicode_ci NULL DEFAULT NULL,
  `config_tag` varchar(255) CHARACTER SET utf8mb4 COLLATE utf8mb4_unicode_ci NULL DEFAULT NULL,
  `config_document` varchar(255) CHARACTER SET utf8mb4 COLLATE utf8mb4_unicode_ci NULL DEFAULT NULL,
  `config_span` int NULL DEFAULT NULL,
  `config_render_key` varchar(255) CHARACTER SET utf8mb4 COLLATE utf8mb4_unicode_ci NULL DEFAULT NULL,
  `attrs_disabled` tinyint(1) NULL DEFAULT NULL,
  `config_v_model` varchar(255) CHARACTER SET utf8mb4 COLLATE utf8mb4_unicode_ci NULL DEFAULT NULL,
  `attrs_max` int NULL DEFAULT NULL,
  `attrs_range` tinyint(1) NULL DEFAULT NULL,
  `config_show_label` tinyint(1) NULL DEFAULT NULL,
  `config_required` tinyint(1) NULL DEFAULT NULL,
  `config_change_tag` tinyint(1) NULL DEFAULT NULL,
  `config_tag_icon` varchar(255) CHARACTER SET utf8mb4 COLLATE utf8mb4_unicode_ci NULL DEFAULT NULL,
  `attrs_step` int NULL DEFAULT NULL,
  `config_label` varchar(255) CHARACTER SET utf8mb4 COLLATE utf8mb4_unicode_ci NULL DEFAULT NULL,
  `field_length` int NULL DEFAULT NULL,
  `field_current` varchar(10) CHARACTER SET utf8mb4 COLLATE utf8mb4_unicode_ci NULL DEFAULT NULL,
  `data_mapping_table` varchar(120) CHARACTER SET utf8mb4 COLLATE utf8mb4_unicode_ci NULL DEFAULT NULL,
  `create_by` varchar(64) CHARACTER SET utf8mb4 COLLATE utf8mb4_unicode_ci NULL DEFAULT NULL,
  `create_time` datetime NULL DEFAULT CURRENT_TIMESTAMP,
  `form_extend_id` int NULL DEFAULT NULL,
  `data_mapping_table_prefix` varchar(100) CHARACTER SET utf8mb4 COLLATE utf8mb4_unicode_ci NULL DEFAULT NULL,
  `data_mapping_table_suffix` varchar(100) CHARACTER SET utf8mb4 COLLATE utf8mb4_unicode_ci NULL DEFAULT NULL,
  PRIMARY KEY (`id`) USING BTREE
) ENGINE = InnoDB AUTO_INCREMENT = 1 CHARACTER SET = utf8mb4 COLLATE = utf8mb4_unicode_ci ROW_FORMAT = DYNAMIC;

-- ----------------------------
-- Records of intelligent_controls_slider
-- ----------------------------

-- ----------------------------
-- Table structure for intelligent_controls_switch
-- ----------------------------
DROP TABLE IF EXISTS `intelligent_controls_switch`;
CREATE TABLE `intelligent_controls_switch`  (
  `id` int NOT NULL AUTO_INCREMENT,
  `config_default_value` tinyint(1) NULL DEFAULT NULL,
  `config_reg_list` text CHARACTER SET utf8mb4 COLLATE utf8mb4_unicode_ci NULL,
  `config_label_width` int NULL DEFAULT NULL,
  `attrs_active_value` tinyint(1) NULL DEFAULT NULL,
  `config_form_id` int NULL DEFAULT NULL,
  `config_layout` varchar(255) CHARACTER SET utf8mb4 COLLATE utf8mb4_unicode_ci NULL DEFAULT NULL,
  `config_tag` varchar(255) CHARACTER SET utf8mb4 COLLATE utf8mb4_unicode_ci NULL DEFAULT NULL,
  `attrs_active_text` varchar(255) CHARACTER SET utf8mb4 COLLATE utf8mb4_unicode_ci NULL DEFAULT NULL,
  `attrs_active_color` varchar(255) CHARACTER SET utf8mb4 COLLATE utf8mb4_unicode_ci NULL DEFAULT NULL,
  `config_document` varchar(255) CHARACTER SET utf8mb4 COLLATE utf8mb4_unicode_ci NULL DEFAULT NULL,
  `config_span` int NULL DEFAULT NULL,
  `config_render_key` varchar(255) CHARACTER SET utf8mb4 COLLATE utf8mb4_unicode_ci NULL DEFAULT NULL,
  `attrs_disabled` tinyint(1) NULL DEFAULT NULL,
  `config_v_model` varchar(255) CHARACTER SET utf8mb4 COLLATE utf8mb4_unicode_ci NULL DEFAULT NULL,
  `config_show_label` tinyint(1) NULL DEFAULT NULL,
  `config_required` tinyint(1) NULL DEFAULT NULL,
  `config_change_tag` tinyint(1) NULL DEFAULT NULL,
  `attrs_inactive_color` varchar(255) CHARACTER SET utf8mb4 COLLATE utf8mb4_unicode_ci NULL DEFAULT NULL,
  `config_tag_icon` varchar(255) CHARACTER SET utf8mb4 COLLATE utf8mb4_unicode_ci NULL DEFAULT NULL,
  `attrs_inactive_text` varchar(255) CHARACTER SET utf8mb4 COLLATE utf8mb4_unicode_ci NULL DEFAULT NULL,
  `attrs_inactive_value` tinyint(1) NULL DEFAULT NULL,
  `config_label` varchar(255) CHARACTER SET utf8mb4 COLLATE utf8mb4_unicode_ci NULL DEFAULT NULL,
  `field_length` int NULL DEFAULT NULL,
  `field_current` varchar(10) CHARACTER SET utf8mb4 COLLATE utf8mb4_unicode_ci NULL DEFAULT NULL,
  `data_mapping_table` varchar(120) CHARACTER SET utf8mb4 COLLATE utf8mb4_unicode_ci NULL DEFAULT NULL,
  `create_by` varchar(64) CHARACTER SET utf8mb4 COLLATE utf8mb4_unicode_ci NULL DEFAULT NULL,
  `create_time` datetime NULL DEFAULT CURRENT_TIMESTAMP,
  `form_extend_id` int NULL DEFAULT NULL,
  `data_mapping_table_prefix` varchar(100) CHARACTER SET utf8mb4 COLLATE utf8mb4_unicode_ci NULL DEFAULT NULL,
  `data_mapping_table_suffix` varchar(100) CHARACTER SET utf8mb4 COLLATE utf8mb4_unicode_ci NULL DEFAULT NULL,
  PRIMARY KEY (`id`) USING BTREE
) ENGINE = InnoDB AUTO_INCREMENT = 1 CHARACTER SET = utf8mb4 COLLATE = utf8mb4_unicode_ci ROW_FORMAT = DYNAMIC;

-- ----------------------------
-- Records of intelligent_controls_switch
-- ----------------------------

-- ----------------------------
-- Table structure for intelligent_controls_textarea
-- ----------------------------
DROP TABLE IF EXISTS `intelligent_controls_textarea`;
CREATE TABLE `intelligent_controls_textarea`  (
  `id` int NOT NULL AUTO_INCREMENT,
  `attrs_placeholder` varchar(255) CHARACTER SET utf8mb4 COLLATE utf8mb4_unicode_ci NULL DEFAULT NULL,
  `config_reg_list` text CHARACTER SET utf8mb4 COLLATE utf8mb4_unicode_ci NULL,
  `attrs_maxlength` int NULL DEFAULT NULL,
  `attrs_type` varchar(255) CHARACTER SET utf8mb4 COLLATE utf8mb4_unicode_ci NULL DEFAULT NULL,
  `config_label_width` int NULL DEFAULT NULL,
  `config_form_id` int NULL DEFAULT NULL,
  `attrs_readonly` tinyint(1) NULL DEFAULT NULL,
  `config_layout` varchar(255) CHARACTER SET utf8mb4 COLLATE utf8mb4_unicode_ci NULL DEFAULT NULL,
  `config_tag` varchar(255) CHARACTER SET utf8mb4 COLLATE utf8mb4_unicode_ci NULL DEFAULT NULL,
  `config_document` varchar(255) CHARACTER SET utf8mb4 COLLATE utf8mb4_unicode_ci NULL DEFAULT NULL,
  `config_span` int NULL DEFAULT NULL,
  `config_render_key` varchar(255) CHARACTER SET utf8mb4 COLLATE utf8mb4_unicode_ci NULL DEFAULT NULL,
  `attrs_autosize_min_rows` int NULL DEFAULT NULL,
  `attrs_autosize_max_rows` int NULL DEFAULT NULL,
  `attrs_disabled` tinyint(1) NULL DEFAULT NULL,
  `style_width` varchar(255) CHARACTER SET utf8mb4 COLLATE utf8mb4_unicode_ci NULL DEFAULT NULL,
  `config_v_model` varchar(255) CHARACTER SET utf8mb4 COLLATE utf8mb4_unicode_ci NULL DEFAULT NULL,
  `config_show_label` tinyint(1) NULL DEFAULT NULL,
  `config_required` tinyint(1) NULL DEFAULT NULL,
  `config_change_tag` tinyint(1) NULL DEFAULT NULL,
  `config_tag_icon` varchar(255) CHARACTER SET utf8mb4 COLLATE utf8mb4_unicode_ci NULL DEFAULT NULL,
  `attrs_show_word_limit` tinyint(1) NULL DEFAULT NULL,
  `config_label` varchar(255) CHARACTER SET utf8mb4 COLLATE utf8mb4_unicode_ci NULL DEFAULT NULL,
  `field_length` int NULL DEFAULT NULL,
  `field_current` varchar(10) CHARACTER SET utf8mb4 COLLATE utf8mb4_unicode_ci NULL DEFAULT NULL,
  `data_mapping_table` varchar(120) CHARACTER SET utf8mb4 COLLATE utf8mb4_unicode_ci NULL DEFAULT NULL,
  `create_by` varchar(64) CHARACTER SET utf8mb4 COLLATE utf8mb4_unicode_ci NULL DEFAULT NULL,
  `create_time` datetime NULL DEFAULT CURRENT_TIMESTAMP,
  `form_extend_id` int NULL DEFAULT NULL,
  `data_mapping_table_prefix` varchar(100) CHARACTER SET utf8mb4 COLLATE utf8mb4_unicode_ci NULL DEFAULT NULL,
  `data_mapping_table_suffix` varchar(100) CHARACTER SET utf8mb4 COLLATE utf8mb4_unicode_ci NULL DEFAULT NULL,
  PRIMARY KEY (`id`) USING BTREE
) ENGINE = InnoDB AUTO_INCREMENT = 25 CHARACTER SET = utf8mb4 COLLATE = utf8mb4_unicode_ci ROW_FORMAT = DYNAMIC;

-- ----------------------------
-- Records of intelligent_controls_textarea
-- ----------------------------
INSERT INTO `intelligent_controls_textarea` VALUES (24, '请输入多行文本', NULL, NULL, 'textarea', NULL, 102, 0, 'colFormItem', 'el-input', 'https://element.eleme.cn/#/zh-CN/component/input', 24, '1021617062742139', 4, 4, 0, '100%', 'field102', 1, 1, 1, 'textarea', 0, '多行文本', 5, 'field2', 'intelligent_business_demo', 'admin', '2021-03-30 08:05:59', 36, 'intelligent_business_', 'demo');

-- ----------------------------
-- Table structure for intelligent_controls_time
-- ----------------------------
DROP TABLE IF EXISTS `intelligent_controls_time`;
CREATE TABLE `intelligent_controls_time`  (
  `id` int NOT NULL AUTO_INCREMENT,
  `config_default_value` varchar(255) CHARACTER SET utf8mb4 COLLATE utf8mb4_unicode_ci NULL DEFAULT NULL,
  `attrs_picker_options_selectable_range` varchar(255) CHARACTER SET utf8mb4 COLLATE utf8mb4_unicode_ci NULL DEFAULT NULL,
  `attrs_placeholder` varchar(255) CHARACTER SET utf8mb4 COLLATE utf8mb4_unicode_ci NULL DEFAULT NULL,
  `config_reg_list` text CHARACTER SET utf8mb4 COLLATE utf8mb4_unicode_ci NULL,
  `attrs_value_format` varchar(255) CHARACTER SET utf8mb4 COLLATE utf8mb4_unicode_ci NULL DEFAULT NULL,
  `config_label_width` int NULL DEFAULT NULL,
  `config_form_id` int NULL DEFAULT NULL,
  `config_layout` varchar(255) CHARACTER SET utf8mb4 COLLATE utf8mb4_unicode_ci NULL DEFAULT NULL,
  `config_tag` varchar(255) CHARACTER SET utf8mb4 COLLATE utf8mb4_unicode_ci NULL DEFAULT NULL,
  `config_document` varchar(255) CHARACTER SET utf8mb4 COLLATE utf8mb4_unicode_ci NULL DEFAULT NULL,
  `config_span` int NULL DEFAULT NULL,
  `config_render_key` varchar(255) CHARACTER SET utf8mb4 COLLATE utf8mb4_unicode_ci NULL DEFAULT NULL,
  `attrs_disabled` tinyint(1) NULL DEFAULT NULL,
  `style_width` varchar(255) CHARACTER SET utf8mb4 COLLATE utf8mb4_unicode_ci NULL DEFAULT NULL,
  `config_v_model` varchar(255) CHARACTER SET utf8mb4 COLLATE utf8mb4_unicode_ci NULL DEFAULT NULL,
  `config_show_label` tinyint(1) NULL DEFAULT NULL,
  `config_required` tinyint(1) NULL DEFAULT NULL,
  `attrs_clearable` tinyint(1) NULL DEFAULT NULL,
  `config_change_tag` tinyint(1) NULL DEFAULT NULL,
  `config_tag_icon` varchar(255) CHARACTER SET utf8mb4 COLLATE utf8mb4_unicode_ci NULL DEFAULT NULL,
  `attrs_format` varchar(255) CHARACTER SET utf8mb4 COLLATE utf8mb4_unicode_ci NULL DEFAULT NULL,
  `config_label` varchar(255) CHARACTER SET utf8mb4 COLLATE utf8mb4_unicode_ci NULL DEFAULT NULL,
  `field_length` int NULL DEFAULT NULL,
  `field_current` varchar(10) CHARACTER SET utf8mb4 COLLATE utf8mb4_unicode_ci NULL DEFAULT NULL,
  `data_mapping_table` varchar(120) CHARACTER SET utf8mb4 COLLATE utf8mb4_unicode_ci NULL DEFAULT NULL,
  `create_by` varchar(64) CHARACTER SET utf8mb4 COLLATE utf8mb4_unicode_ci NULL DEFAULT NULL,
  `create_time` datetime NULL DEFAULT CURRENT_TIMESTAMP,
  `form_extend_id` int NULL DEFAULT NULL,
  `data_mapping_table_prefix` varchar(100) CHARACTER SET utf8mb4 COLLATE utf8mb4_unicode_ci NULL DEFAULT NULL,
  `data_mapping_table_suffix` varchar(100) CHARACTER SET utf8mb4 COLLATE utf8mb4_unicode_ci NULL DEFAULT NULL,
  PRIMARY KEY (`id`) USING BTREE
) ENGINE = InnoDB AUTO_INCREMENT = 1 CHARACTER SET = utf8mb4 COLLATE = utf8mb4_unicode_ci ROW_FORMAT = DYNAMIC;

-- ----------------------------
-- Records of intelligent_controls_time
-- ----------------------------

-- ----------------------------
-- Table structure for intelligent_controls_time_range
-- ----------------------------
DROP TABLE IF EXISTS `intelligent_controls_time_range`;
CREATE TABLE `intelligent_controls_time_range`  (
  `id` int NOT NULL AUTO_INCREMENT,
  `config_default_value` varchar(255) CHARACTER SET utf8mb4 COLLATE utf8mb4_unicode_ci NULL DEFAULT NULL,
  `config_reg_list` text CHARACTER SET utf8mb4 COLLATE utf8mb4_unicode_ci NULL,
  `attrs_value_format` varchar(255) CHARACTER SET utf8mb4 COLLATE utf8mb4_unicode_ci NULL DEFAULT NULL,
  `config_label_width` int NULL DEFAULT NULL,
  `config_form_id` int NULL DEFAULT NULL,
  `config_layout` varchar(255) CHARACTER SET utf8mb4 COLLATE utf8mb4_unicode_ci NULL DEFAULT NULL,
  `config_tag` varchar(255) CHARACTER SET utf8mb4 COLLATE utf8mb4_unicode_ci NULL DEFAULT NULL,
  `attrs_range_separator` varchar(255) CHARACTER SET utf8mb4 COLLATE utf8mb4_unicode_ci NULL DEFAULT NULL,
  `attrs_start_placeholder` varchar(255) CHARACTER SET utf8mb4 COLLATE utf8mb4_unicode_ci NULL DEFAULT NULL,
  `config_document` varchar(255) CHARACTER SET utf8mb4 COLLATE utf8mb4_unicode_ci NULL DEFAULT NULL,
  `config_span` int NULL DEFAULT NULL,
  `config_render_key` varchar(255) CHARACTER SET utf8mb4 COLLATE utf8mb4_unicode_ci NULL DEFAULT NULL,
  `attrs_disabled` tinyint(1) NULL DEFAULT NULL,
  `style_width` varchar(255) CHARACTER SET utf8mb4 COLLATE utf8mb4_unicode_ci NULL DEFAULT NULL,
  `config_v_model` varchar(255) CHARACTER SET utf8mb4 COLLATE utf8mb4_unicode_ci NULL DEFAULT NULL,
  `attrs_end_placeholder` varchar(255) CHARACTER SET utf8mb4 COLLATE utf8mb4_unicode_ci NULL DEFAULT NULL,
  `config_show_label` tinyint(1) NULL DEFAULT NULL,
  `config_required` tinyint(1) NULL DEFAULT NULL,
  `attrs_clearable` tinyint(1) NULL DEFAULT NULL,
  `config_change_tag` tinyint(1) NULL DEFAULT NULL,
  `config_tag_icon` varchar(255) CHARACTER SET utf8mb4 COLLATE utf8mb4_unicode_ci NULL DEFAULT NULL,
  `attrs_format` varchar(255) CHARACTER SET utf8mb4 COLLATE utf8mb4_unicode_ci NULL DEFAULT NULL,
  `config_label` varchar(255) CHARACTER SET utf8mb4 COLLATE utf8mb4_unicode_ci NULL DEFAULT NULL,
  `attrs_is_range` tinyint(1) NULL DEFAULT NULL,
  `field_length` int NULL DEFAULT NULL,
  `field_current` varchar(10) CHARACTER SET utf8mb4 COLLATE utf8mb4_unicode_ci NULL DEFAULT NULL,
  `data_mapping_table` varchar(120) CHARACTER SET utf8mb4 COLLATE utf8mb4_unicode_ci NULL DEFAULT NULL,
  `create_by` varchar(64) CHARACTER SET utf8mb4 COLLATE utf8mb4_unicode_ci NULL DEFAULT NULL,
  `create_time` datetime NULL DEFAULT CURRENT_TIMESTAMP,
  `form_extend_id` int NULL DEFAULT NULL,
  `data_mapping_table_prefix` varchar(100) CHARACTER SET utf8mb4 COLLATE utf8mb4_unicode_ci NULL DEFAULT NULL,
  `data_mapping_table_suffix` varchar(100) CHARACTER SET utf8mb4 COLLATE utf8mb4_unicode_ci NULL DEFAULT NULL,
  PRIMARY KEY (`id`) USING BTREE
) ENGINE = InnoDB AUTO_INCREMENT = 1 CHARACTER SET = utf8mb4 COLLATE = utf8mb4_unicode_ci ROW_FORMAT = DYNAMIC;

-- ----------------------------
-- Records of intelligent_controls_time_range
-- ----------------------------

-- ----------------------------
-- Table structure for intelligent_data_conf
-- ----------------------------
DROP TABLE IF EXISTS `intelligent_data_conf`;
CREATE TABLE `intelligent_data_conf`  (
  `id` int NOT NULL AUTO_INCREMENT COMMENT '数据配置ID',
  `form_extend_id` int NULL DEFAULT NULL COMMENT '表单扩展id',
  `data_mapping_table_prepend` varchar(255) CHARACTER SET utf8mb4 COLLATE utf8mb4_unicode_ci NULL DEFAULT NULL COMMENT '数据映射表前缀',
  `data_mapping_table` varchar(255) CHARACTER SET utf8mb4 COLLATE utf8mb4_unicode_ci NULL DEFAULT NULL COMMENT '数据映射表名-自定义填写-后缀',
  `field_length` int NULL DEFAULT NULL COMMENT '字段数量',
  PRIMARY KEY (`id`) USING BTREE
) ENGINE = InnoDB AUTO_INCREMENT = 21 CHARACTER SET = utf8mb4 COLLATE = utf8mb4_unicode_ci ROW_FORMAT = DYNAMIC;

-- ----------------------------
-- Records of intelligent_data_conf
-- ----------------------------
INSERT INTO `intelligent_data_conf` VALUES (20, 36, 'intelligent_business_', 'demo', 5);

-- ----------------------------
-- Table structure for intelligent_demo_user
-- ----------------------------
DROP TABLE IF EXISTS `intelligent_demo_user`;
CREATE TABLE `intelligent_demo_user`  (
  `id` int NOT NULL AUTO_INCREMENT,
  `nick_name` varchar(255) CHARACTER SET utf8mb4 COLLATE utf8mb4_unicode_ci NULL DEFAULT NULL,
  `phone` int NULL DEFAULT NULL,
  `remarks` text CHARACTER SET utf8mb4 COLLATE utf8mb4_unicode_ci NULL,
  PRIMARY KEY (`id`) USING BTREE
) ENGINE = InnoDB AUTO_INCREMENT = 21 CHARACTER SET = utf8mb4 COLLATE = utf8mb4_unicode_ci ROW_FORMAT = DYNAMIC;

-- ----------------------------
-- Records of intelligent_demo_user
-- ----------------------------
INSERT INTO `intelligent_demo_user` VALUES (20, '测试用户', 123456789, '测试');

-- ----------------------------
-- Table structure for intelligent_form_extend
-- ----------------------------
DROP TABLE IF EXISTS `intelligent_form_extend`;
CREATE TABLE `intelligent_form_extend`  (
  `id` int NOT NULL AUTO_INCREMENT COMMENT '表单扩展模板编码',
  `code` varchar(100) CHARACTER SET utf8mb4 COLLATE utf8mb4_unicode_ci NOT NULL COMMENT '表单扩展编码',
  `name` varchar(100) CHARACTER SET utf8mb4 COLLATE utf8mb4_unicode_ci NOT NULL COMMENT '表单扩展模板名称',
  `drawing_controls` text CHARACTER SET utf8mb4 COLLATE utf8mb4_unicode_ci NULL COMMENT '渲染控件数据集合',
  `id_global` int NULL DEFAULT NULL COMMENT '记录目前控件全局ID-自增长',
  `tree_node_id` text CHARACTER SET utf8mb4 COLLATE utf8mb4_unicode_ci NULL COMMENT '级联下拉树形选项局部ID-内部标识-目前实现控件独立',
  `create_by` varchar(64) CHARACTER SET utf8mb4 COLLATE utf8mb4_unicode_ci NULL DEFAULT NULL COMMENT '表单扩展创建用户',
  `create_time` datetime NULL DEFAULT NULL COMMENT '表单扩展插件时间',
  `update_by` varchar(64) CHARACTER SET utf8mb4 COLLATE utf8mb4_unicode_ci NULL DEFAULT NULL COMMENT '表单扩展修改用户\n',
  `update_time` datetime NULL DEFAULT NULL COMMENT '表单扩展修改时间',
  `remarks` varchar(500) CHARACTER SET utf8mb4 COLLATE utf8mb4_unicode_ci NULL DEFAULT NULL COMMENT '表单扩展备注',
  PRIMARY KEY (`id`) USING BTREE
) ENGINE = InnoDB AUTO_INCREMENT = 39 CHARACTER SET = utf8mb4 COLLATE = utf8mb4_unicode_ci COMMENT = '表单扩展表' ROW_FORMAT = DYNAMIC;

-- ----------------------------
-- Records of intelligent_form_extend
-- ----------------------------
INSERT INTO `intelligent_form_extend` VALUES (36, 'form1', '表单案例模板', '[{\"slot\":{\"prepend\":\"\",\"append\":\"\"},\"attrs\":{\"clearable\":true,\"prefix-icon\":\"\",\"readonly\":false,\"disabled\":false,\"placeholder\":\"请输入单行文本\",\"show-word-limit\":false,\"suffix-icon\":\"\"},\"style\":{\"width\":\"100%\"},\"config\":{\"formId\":101,\"defaultValue\":\"1001\",\"document\":\"https://element.eleme.cn/#/zh-CN/component/input\",\"label\":\"单行文本\",\"showLabel\":true,\"required\":true,\"renderKey\":\"1011617062740739\",\"layout\":\"colFormItem\",\"tagIcon\":\"input\",\"changeTag\":true,\"tag\":\"el-input\",\"regList\":[],\"span\":24,\"vModel\":\"field101\"}},{\"attrs\":{\"type\":\"textarea\",\"readonly\":false,\"disabled\":false,\"placeholder\":\"请输入多行文本\",\"show-word-limit\":false,\"autosize\":{\"minRows\":4,\"maxRows\":4}},\"style\":{\"width\":\"100%\"},\"config\":{\"formId\":102,\"document\":\"https://element.eleme.cn/#/zh-CN/component/input\",\"label\":\"多行文本\",\"showLabel\":true,\"required\":true,\"renderKey\":\"1021617062742139\",\"layout\":\"colFormItem\",\"tagIcon\":\"textarea\",\"changeTag\":true,\"tag\":\"el-input\",\"regList\":[],\"span\":24,\"vModel\":\"field102\"}},{\"slot\":{\"prepend\":\"\",\"append\":\"\"},\"attrs\":{\"clearable\":true,\"prefix-icon\":\"\",\"show-password\":true,\"readonly\":false,\"disabled\":false,\"placeholder\":\"请输入密码\",\"show-word-limit\":false,\"suffix-icon\":\"\"},\"style\":{\"width\":\"100%\"},\"config\":{\"formId\":103,\"defaultValue\":\"86228228\",\"document\":\"https://element.eleme.cn/#/zh-CN/component/input\",\"label\":\"密码\",\"showLabel\":true,\"required\":true,\"renderKey\":\"1031617062743482\",\"layout\":\"colFormItem\",\"tagIcon\":\"password\",\"changeTag\":true,\"tag\":\"el-input\",\"regList\":[],\"span\":24,\"vModel\":\"field103\"}},{\"attrs\":{\"step-strictly\":false,\"controls-position\":\"\",\"step\":1,\"disabled\":false,\"placeholder\":\"计数器\"},\"config\":{\"formId\":104,\"document\":\"https://element.eleme.cn/#/zh-CN/component/input-number\",\"label\":\"计数器\",\"showLabel\":true,\"required\":true,\"renderKey\":\"1041617062744859\",\"layout\":\"colFormItem\",\"tagIcon\":\"number\",\"changeTag\":true,\"tag\":\"el-input-number\",\"regList\":[],\"span\":24,\"vModel\":\"field104\"}}]', 104, '', 'admin', '2021-03-30 08:04:19', 'admin', '2021-03-30 08:04:32', '表单扩展模板');
INSERT INTO `intelligent_form_extend` VALUES (37, 'form2', '表单模板备用', NULL, NULL, NULL, 'admin', '2021-03-30 08:05:08', 'admin', '2021-05-03 21:46:39', '表单模板备用1');

-- ----------------------------
-- Table structure for oauth_client_details
-- ----------------------------
DROP TABLE IF EXISTS `oauth_client_details`;
CREATE TABLE `oauth_client_details`  (
  `id` int NOT NULL AUTO_INCREMENT COMMENT '主键',
  `client_id` varchar(32) CHARACTER SET utf8 COLLATE utf8_general_ci NOT NULL COMMENT '应用标识',
  `resource_ids` varchar(256) CHARACTER SET utf8 COLLATE utf8_general_ci NULL DEFAULT NULL COMMENT '资源限定串(逗号分割)',
  `client_secret` varchar(256) CHARACTER SET utf8 COLLATE utf8_general_ci NULL DEFAULT NULL COMMENT '应用密钥(bcyt) 加密',
  `client_secret_str` varchar(256) CHARACTER SET utf8 COLLATE utf8_general_ci NULL DEFAULT NULL COMMENT '应用密钥(明文)',
  `scope` varchar(256) CHARACTER SET utf8 COLLATE utf8_general_ci NULL DEFAULT NULL COMMENT '范围',
  `authorized_grant_types` varchar(256) CHARACTER SET utf8 COLLATE utf8_general_ci NULL DEFAULT NULL COMMENT '5种oauth授权方式(authorization_code,password,refresh_token,client_credentials)',
  `web_server_redirect_uri` varchar(256) CHARACTER SET utf8 COLLATE utf8_general_ci NULL DEFAULT NULL COMMENT '回调地址 ',
  `authorities` varchar(256) CHARACTER SET utf8 COLLATE utf8_general_ci NULL DEFAULT NULL COMMENT '权限',
  `access_token_validity` int NULL DEFAULT NULL COMMENT 'access_token有效期',
  `refresh_token_validity` int NULL DEFAULT NULL COMMENT 'refresh_token有效期',
  `additional_information` varchar(4096) CHARACTER SET utf8 COLLATE utf8_general_ci NULL DEFAULT '{}' COMMENT '{}',
  `autoapprove` char(5) CHARACTER SET utf8 COLLATE utf8_general_ci NOT NULL DEFAULT 'true' COMMENT '是否自动授权 是-true',
  `create_time` datetime NULL DEFAULT NULL,
  `update_time` datetime NULL DEFAULT NULL,
  `client_name` varchar(128) CHARACTER SET utf8 COLLATE utf8_general_ci NULL DEFAULT '' COMMENT '应用名称',
  PRIMARY KEY (`id`) USING BTREE
) ENGINE = InnoDB AUTO_INCREMENT = 11 CHARACTER SET = utf8 COLLATE = utf8_general_ci ROW_FORMAT = DYNAMIC;

-- ----------------------------
-- Records of oauth_client_details
-- ----------------------------
INSERT INTO `oauth_client_details` VALUES (1, 'webApp', NULL, '$2a$10$06msMGYRH8nrm4iVnKFNKOoddB8wOwymVhbUzw/d3ZixD7Nq8ot72', 'webApp', 'app', 'authorization_code,password,refresh_token,client_credentials,implicit,password_code,openId,mobile_password', NULL, NULL, 3600, NULL, '{}', 'true', NULL, NULL, 'pc端');
INSERT INTO `oauth_client_details` VALUES (2, 'app', NULL, '$2a$10$i3F515wEDiB4Gvj9ym9Prui0dasRttEUQ9ink4Wpgb4zEDCAlV8zO', 'app', 'app', 'authorization_code,password,refresh_token', 'http://127.0.0.1:8081/callback.html', NULL, 3600, NULL, '{}', 'true', NULL, NULL, '移动端');
INSERT INTO `oauth_client_details` VALUES (3, 'zlt', NULL, '$2a$10$/o.wuORzVcXaezmYVzwYMuoY7qeWXBALwQmkskXD/7C6rqfCyPrna', 'zlt', 'all', 'authorization_code,password,refresh_token,client_credentials', 'http://127.0.0.1:8080/singleLogin', NULL, 3600, 28800, '{}', 'true', '2018-12-27 00:50:30', '2018-12-27 00:50:30', '第三方应用');

-- ----------------------------
-- Table structure for qrtz_blob_triggers
-- ----------------------------
DROP TABLE IF EXISTS `qrtz_blob_triggers`;
CREATE TABLE `qrtz_blob_triggers`  (
  `sched_name` varchar(120) CHARACTER SET utf8 COLLATE utf8_general_ci NOT NULL,
  `trigger_name` varchar(200) CHARACTER SET utf8 COLLATE utf8_general_ci NOT NULL,
  `trigger_group` varchar(200) CHARACTER SET utf8 COLLATE utf8_general_ci NOT NULL,
  `blob_data` blob NULL,
  PRIMARY KEY (`sched_name`, `trigger_name`, `trigger_group`) USING BTREE,
  CONSTRAINT `qrtz_blob_triggers_ibfk_1` FOREIGN KEY (`sched_name`, `trigger_name`, `trigger_group`) REFERENCES `qrtz_triggers` (`sched_name`, `trigger_name`, `trigger_group`) ON DELETE RESTRICT ON UPDATE RESTRICT
) ENGINE = InnoDB CHARACTER SET = utf8 COLLATE = utf8_general_ci ROW_FORMAT = DYNAMIC;

-- ----------------------------
-- Records of qrtz_blob_triggers
-- ----------------------------

-- ----------------------------
-- Table structure for qrtz_calendars
-- ----------------------------
DROP TABLE IF EXISTS `qrtz_calendars`;
CREATE TABLE `qrtz_calendars`  (
  `sched_name` varchar(120) CHARACTER SET utf8 COLLATE utf8_general_ci NOT NULL,
  `calendar_name` varchar(200) CHARACTER SET utf8 COLLATE utf8_general_ci NOT NULL,
  `calendar` blob NOT NULL,
  PRIMARY KEY (`sched_name`, `calendar_name`) USING BTREE
) ENGINE = InnoDB CHARACTER SET = utf8 COLLATE = utf8_general_ci ROW_FORMAT = DYNAMIC;

-- ----------------------------
-- Records of qrtz_calendars
-- ----------------------------

-- ----------------------------
-- Table structure for qrtz_cron_triggers
-- ----------------------------
DROP TABLE IF EXISTS `qrtz_cron_triggers`;
CREATE TABLE `qrtz_cron_triggers`  (
  `sched_name` varchar(120) CHARACTER SET utf8 COLLATE utf8_general_ci NOT NULL,
  `trigger_name` varchar(200) CHARACTER SET utf8 COLLATE utf8_general_ci NOT NULL,
  `trigger_group` varchar(200) CHARACTER SET utf8 COLLATE utf8_general_ci NOT NULL,
  `cron_expression` varchar(200) CHARACTER SET utf8 COLLATE utf8_general_ci NOT NULL,
  `time_zone_id` varchar(80) CHARACTER SET utf8 COLLATE utf8_general_ci NULL DEFAULT NULL,
  PRIMARY KEY (`sched_name`, `trigger_name`, `trigger_group`) USING BTREE,
  CONSTRAINT `qrtz_cron_triggers_ibfk_1` FOREIGN KEY (`sched_name`, `trigger_name`, `trigger_group`) REFERENCES `qrtz_triggers` (`sched_name`, `trigger_name`, `trigger_group`) ON DELETE RESTRICT ON UPDATE RESTRICT
) ENGINE = InnoDB CHARACTER SET = utf8 COLLATE = utf8_general_ci ROW_FORMAT = DYNAMIC;

-- ----------------------------
-- Records of qrtz_cron_triggers
-- ----------------------------
INSERT INTO `qrtz_cron_triggers` VALUES ('clusteredScheduler', '测试任务', 'demo', '0 * * * * ? *', 'Asia/Shanghai');

-- ----------------------------
-- Table structure for qrtz_fired_triggers
-- ----------------------------
DROP TABLE IF EXISTS `qrtz_fired_triggers`;
CREATE TABLE `qrtz_fired_triggers`  (
  `sched_name` varchar(120) CHARACTER SET utf8 COLLATE utf8_general_ci NOT NULL,
  `entry_id` varchar(95) CHARACTER SET utf8 COLLATE utf8_general_ci NOT NULL,
  `trigger_name` varchar(200) CHARACTER SET utf8 COLLATE utf8_general_ci NOT NULL,
  `trigger_group` varchar(200) CHARACTER SET utf8 COLLATE utf8_general_ci NOT NULL,
  `instance_name` varchar(200) CHARACTER SET utf8 COLLATE utf8_general_ci NOT NULL,
  `fired_time` bigint NOT NULL,
  `sched_time` bigint NOT NULL,
  `priority` int NOT NULL,
  `state` varchar(16) CHARACTER SET utf8 COLLATE utf8_general_ci NOT NULL,
  `job_name` varchar(200) CHARACTER SET utf8 COLLATE utf8_general_ci NULL DEFAULT NULL,
  `job_group` varchar(200) CHARACTER SET utf8 COLLATE utf8_general_ci NULL DEFAULT NULL,
  `is_nonconcurrent` varchar(1) CHARACTER SET utf8 COLLATE utf8_general_ci NULL DEFAULT NULL,
  `requests_recovery` varchar(1) CHARACTER SET utf8 COLLATE utf8_general_ci NULL DEFAULT NULL,
  PRIMARY KEY (`sched_name`, `entry_id`) USING BTREE
) ENGINE = InnoDB CHARACTER SET = utf8 COLLATE = utf8_general_ci ROW_FORMAT = DYNAMIC;

-- ----------------------------
-- Records of qrtz_fired_triggers
-- ----------------------------

-- ----------------------------
-- Table structure for qrtz_job_details
-- ----------------------------
DROP TABLE IF EXISTS `qrtz_job_details`;
CREATE TABLE `qrtz_job_details`  (
  `sched_name` varchar(120) CHARACTER SET utf8 COLLATE utf8_general_ci NOT NULL,
  `job_name` varchar(200) CHARACTER SET utf8 COLLATE utf8_general_ci NOT NULL,
  `job_group` varchar(200) CHARACTER SET utf8 COLLATE utf8_general_ci NOT NULL,
  `description` varchar(250) CHARACTER SET utf8 COLLATE utf8_general_ci NULL DEFAULT NULL,
  `job_class_name` varchar(250) CHARACTER SET utf8 COLLATE utf8_general_ci NOT NULL,
  `is_durable` varchar(1) CHARACTER SET utf8 COLLATE utf8_general_ci NOT NULL,
  `is_nonconcurrent` varchar(1) CHARACTER SET utf8 COLLATE utf8_general_ci NOT NULL,
  `is_update_data` varchar(1) CHARACTER SET utf8 COLLATE utf8_general_ci NOT NULL,
  `requests_recovery` varchar(1) CHARACTER SET utf8 COLLATE utf8_general_ci NOT NULL,
  `job_data` blob NULL,
  PRIMARY KEY (`sched_name`, `job_name`, `job_group`) USING BTREE
) ENGINE = InnoDB CHARACTER SET = utf8 COLLATE = utf8_general_ci ROW_FORMAT = DYNAMIC;

-- ----------------------------
-- Records of qrtz_job_details
-- ----------------------------
INSERT INTO `qrtz_job_details` VALUES ('clusteredScheduler', '测试任务', 'demo', NULL, 'com.cetccq.platform.biz.quartz.config.TmQuartzFactory', '0', '1', '0', '0', 0xACED0005737200156F72672E71756172747A2E4A6F62446174614D61709FB083E8BFA9B0CB020000787200266F72672E71756172747A2E7574696C732E537472696E674B65794469727479466C61674D61708208E8C3FBC55D280200015A0013616C6C6F77735472616E7369656E74446174617872001D6F72672E71756172747A2E7574696C732E4469727479466C61674D617013E62EAD28760ACE0200025A000564697274794C00036D617074000F4C6A6176612F7574696C2F4D61703B787001737200116A6176612E7574696C2E486173684D61700507DAC1C31660D103000246000A6C6F6164466163746F724900097468726573686F6C6478703F4000000000000C7708000000100000000174000B7363686564756C654A6F627372002E636F6D2E70696734636C6F75642E706967782E6461656D6F6E2E71756172747A2E656E746974792E5379734A6F6200000000000000010200174C0009636C6173734E616D657400124C6A6176612F6C616E672F537472696E673B4C0008637265617465427971007E00094C000A63726561746554696D657400194C6A6176612F74696D652F4C6F63616C4461746554696D653B4C000E63726F6E45787072657373696F6E71007E00094C000B657865637574655061746871007E00094C00106A6F624578656375746553746174757371007E00094C00086A6F6247726F757071007E00094C00056A6F6249647400134C6A6176612F6C616E672F496E74656765723B4C00076A6F624E616D6571007E00094C00086A6F624F7264657271007E00094C00096A6F6253746174757371007E00094C000D6A6F6254656E616E745479706571007E00094C00076A6F625479706571007E00094C000A6D6574686F644E616D6571007E00094C00116D6574686F64506172616D7356616C756571007E00094C000D6D697366697265506F6C69637971007E00094C00086E65787454696D6571007E000A4C000C70726576696F757354696D6571007E000A4C000672656D61726B71007E00094C0009737461727454696D6571007E000A4C000874656E616E74496471007E000B4C0008757064617465427971007E00094C000A75706461746554696D6571007E000A78720035636F6D2E62616F6D69646F752E6D796261746973706C75732E657874656E73696F6E2E6163746976657265636F72642E4D6F64656C0000000000000001020000787074000464656D6F74000561646D696E7372000D6A6176612E74696D652E536572955D84BA1B2248B20C00007870770A05000007E303190E00F17874000D30202A202A202A202A203F202A7400007400013074000464656D6F737200116A6176612E6C616E672E496E746567657212E2A0A4F781873802000149000576616C7565787200106A6176612E6C616E672E4E756D62657286AC951D0B94E08B02000078700000000174000CE6B58BE8AF95E4BBBBE58AA17400013574000133740001317400013274000A64656D6F4D6574686F6474000970696734636C6F7564740001337371007E0010770905000007E3031916E2787371007E0010770A05000007E30319161CCD78740020E6BC94E7A4BA537072696E67204265616EE79A84E5AE9AE697B6E4BBBBE58AA17371007E0010770A05000007E303191600DE7871007E001874000561646D696E7371007E0010770A05000007E303190E00F1787800);

-- ----------------------------
-- Table structure for qrtz_locks
-- ----------------------------
DROP TABLE IF EXISTS `qrtz_locks`;
CREATE TABLE `qrtz_locks`  (
  `sched_name` varchar(120) CHARACTER SET utf8 COLLATE utf8_general_ci NOT NULL,
  `lock_name` varchar(40) CHARACTER SET utf8 COLLATE utf8_general_ci NOT NULL,
  PRIMARY KEY (`sched_name`, `lock_name`) USING BTREE
) ENGINE = InnoDB CHARACTER SET = utf8 COLLATE = utf8_general_ci ROW_FORMAT = DYNAMIC;

-- ----------------------------
-- Records of qrtz_locks
-- ----------------------------
INSERT INTO `qrtz_locks` VALUES ('clusteredScheduler', 'STATE_ACCESS');
INSERT INTO `qrtz_locks` VALUES ('clusteredScheduler', 'TRIGGER_ACCESS');

-- ----------------------------
-- Table structure for qrtz_paused_trigger_grps
-- ----------------------------
DROP TABLE IF EXISTS `qrtz_paused_trigger_grps`;
CREATE TABLE `qrtz_paused_trigger_grps`  (
  `sched_name` varchar(120) CHARACTER SET utf8 COLLATE utf8_general_ci NOT NULL,
  `trigger_group` varchar(200) CHARACTER SET utf8 COLLATE utf8_general_ci NOT NULL,
  PRIMARY KEY (`sched_name`, `trigger_group`) USING BTREE
) ENGINE = InnoDB CHARACTER SET = utf8 COLLATE = utf8_general_ci ROW_FORMAT = DYNAMIC;

-- ----------------------------
-- Records of qrtz_paused_trigger_grps
-- ----------------------------

-- ----------------------------
-- Table structure for qrtz_scheduler_state
-- ----------------------------
DROP TABLE IF EXISTS `qrtz_scheduler_state`;
CREATE TABLE `qrtz_scheduler_state`  (
  `sched_name` varchar(120) CHARACTER SET utf8 COLLATE utf8_general_ci NOT NULL,
  `instance_name` varchar(200) CHARACTER SET utf8 COLLATE utf8_general_ci NOT NULL,
  `last_checkin_time` bigint NOT NULL,
  `checkin_interval` bigint NOT NULL,
  PRIMARY KEY (`sched_name`, `instance_name`) USING BTREE
) ENGINE = InnoDB CHARACTER SET = utf8 COLLATE = utf8_general_ci ROW_FORMAT = DYNAMIC;

-- ----------------------------
-- Records of qrtz_scheduler_state
-- ----------------------------
INSERT INTO `qrtz_scheduler_state` VALUES ('clusteredScheduler', 'lengleng1553564320591', 1553568907589, 10000);

-- ----------------------------
-- Table structure for qrtz_simple_triggers
-- ----------------------------
DROP TABLE IF EXISTS `qrtz_simple_triggers`;
CREATE TABLE `qrtz_simple_triggers`  (
  `sched_name` varchar(120) CHARACTER SET utf8 COLLATE utf8_general_ci NOT NULL,
  `trigger_name` varchar(200) CHARACTER SET utf8 COLLATE utf8_general_ci NOT NULL,
  `trigger_group` varchar(200) CHARACTER SET utf8 COLLATE utf8_general_ci NOT NULL,
  `repeat_count` bigint NOT NULL,
  `repeat_interval` bigint NOT NULL,
  `times_triggered` bigint NOT NULL,
  PRIMARY KEY (`sched_name`, `trigger_name`, `trigger_group`) USING BTREE,
  CONSTRAINT `QRTZ_SIMPLE_TRIGGERS_IBFK_1` FOREIGN KEY (`sched_name`, `trigger_name`, `trigger_group`) REFERENCES `qrtz_triggers` (`sched_name`, `trigger_name`, `trigger_group`) ON DELETE RESTRICT ON UPDATE RESTRICT
) ENGINE = InnoDB CHARACTER SET = utf8 COLLATE = utf8_general_ci ROW_FORMAT = DYNAMIC;

-- ----------------------------
-- Records of qrtz_simple_triggers
-- ----------------------------

-- ----------------------------
-- Table structure for qrtz_simprop_triggers
-- ----------------------------
DROP TABLE IF EXISTS `qrtz_simprop_triggers`;
CREATE TABLE `qrtz_simprop_triggers`  (
  `sched_name` varchar(120) CHARACTER SET utf8 COLLATE utf8_general_ci NOT NULL,
  `trigger_name` varchar(200) CHARACTER SET utf8 COLLATE utf8_general_ci NOT NULL,
  `trigger_group` varchar(200) CHARACTER SET utf8 COLLATE utf8_general_ci NOT NULL,
  `str_prop_1` varchar(512) CHARACTER SET utf8 COLLATE utf8_general_ci NULL DEFAULT NULL,
  `str_prop_2` varchar(512) CHARACTER SET utf8 COLLATE utf8_general_ci NULL DEFAULT NULL,
  `str_prop_3` varchar(512) CHARACTER SET utf8 COLLATE utf8_general_ci NULL DEFAULT NULL,
  `int_prop_1` int NULL DEFAULT NULL,
  `int_prop_2` int NULL DEFAULT NULL,
  `long_prop_1` bigint NULL DEFAULT NULL,
  `long_prop_2` bigint NULL DEFAULT NULL,
  `dec_prop_1` decimal(13, 4) NULL DEFAULT NULL,
  `dec_prop_2` decimal(13, 4) NULL DEFAULT NULL,
  `bool_prop_1` varchar(1) CHARACTER SET utf8 COLLATE utf8_general_ci NULL DEFAULT NULL,
  `bool_prop_2` varchar(1) CHARACTER SET utf8 COLLATE utf8_general_ci NULL DEFAULT NULL,
  PRIMARY KEY (`sched_name`, `trigger_name`, `trigger_group`) USING BTREE,
  CONSTRAINT `QRTZ_SIMPROP_TRIGGERS_IBFK_1` FOREIGN KEY (`sched_name`, `trigger_name`, `trigger_group`) REFERENCES `qrtz_triggers` (`sched_name`, `trigger_name`, `trigger_group`) ON DELETE RESTRICT ON UPDATE RESTRICT
) ENGINE = InnoDB CHARACTER SET = utf8 COLLATE = utf8_general_ci ROW_FORMAT = DYNAMIC;

-- ----------------------------
-- Records of qrtz_simprop_triggers
-- ----------------------------

-- ----------------------------
-- Table structure for qrtz_triggers
-- ----------------------------
DROP TABLE IF EXISTS `qrtz_triggers`;
CREATE TABLE `qrtz_triggers`  (
  `sched_name` varchar(120) CHARACTER SET utf8 COLLATE utf8_general_ci NOT NULL,
  `trigger_name` varchar(200) CHARACTER SET utf8 COLLATE utf8_general_ci NOT NULL,
  `trigger_group` varchar(200) CHARACTER SET utf8 COLLATE utf8_general_ci NOT NULL,
  `job_name` varchar(200) CHARACTER SET utf8 COLLATE utf8_general_ci NOT NULL,
  `job_group` varchar(200) CHARACTER SET utf8 COLLATE utf8_general_ci NOT NULL,
  `description` varchar(250) CHARACTER SET utf8 COLLATE utf8_general_ci NULL DEFAULT NULL,
  `next_fire_time` bigint NULL DEFAULT NULL,
  `prev_fire_time` bigint NULL DEFAULT NULL,
  `priority` int NULL DEFAULT NULL,
  `trigger_state` varchar(16) CHARACTER SET utf8 COLLATE utf8_general_ci NOT NULL,
  `trigger_type` varchar(8) CHARACTER SET utf8 COLLATE utf8_general_ci NOT NULL,
  `start_time` bigint NOT NULL,
  `end_time` bigint NULL DEFAULT NULL,
  `calendar_name` varchar(200) CHARACTER SET utf8 COLLATE utf8_general_ci NULL DEFAULT NULL,
  `misfire_instr` smallint NULL DEFAULT NULL,
  `job_data` blob NULL,
  PRIMARY KEY (`sched_name`, `trigger_name`, `trigger_group`) USING BTREE,
  INDEX `sched_name`(`sched_name`, `job_name`, `job_group`) USING BTREE,
  CONSTRAINT `qrtz_triggers_ibfk_1` FOREIGN KEY (`sched_name`, `job_name`, `job_group`) REFERENCES `qrtz_job_details` (`sched_name`, `job_name`, `job_group`) ON DELETE RESTRICT ON UPDATE RESTRICT
) ENGINE = InnoDB CHARACTER SET = utf8 COLLATE = utf8_general_ci ROW_FORMAT = DYNAMIC;

-- ----------------------------
-- Records of qrtz_triggers
-- ----------------------------
INSERT INTO `qrtz_triggers` VALUES ('clusteredScheduler', '测试任务', 'demo', '测试任务', 'demo', NULL, 1553568960000, 1553568900000, 5, 'WAITING', 'CRON', 1553564598000, 0, NULL, 2, '');

-- ----------------------------
-- Table structure for sys_application
-- ----------------------------
DROP TABLE IF EXISTS `sys_application`;
CREATE TABLE `sys_application`  (
  `id` int NOT NULL AUTO_INCREMENT COMMENT '编号',
  `name` varchar(30) CHARACTER SET utf8 COLLATE utf8_general_ci NULL DEFAULT NULL COMMENT '应用名称',
  `type` char(1) CHARACTER SET utf8 COLLATE utf8_general_ci NULL DEFAULT '0' COMMENT '应用类型',
  `is_sys` char(1) CHARACTER SET utf8 COLLATE utf8_general_ci NULL DEFAULT '1' COMMENT '系统',
  `industry` varchar(2) CHARACTER SET utf8 COLLATE utf8_general_ci NULL DEFAULT NULL COMMENT '行业',
  `cover` varchar(255) CHARACTER SET utf8 COLLATE utf8_general_ci NULL DEFAULT NULL COMMENT '封面',
  `version` varchar(20) CHARACTER SET utf8 COLLATE utf8_general_ci NULL DEFAULT NULL COMMENT '版本',
  `description` varchar(255) CHARACTER SET utf8 COLLATE utf8_general_ci NULL DEFAULT NULL COMMENT '描述',
  `sort` int NULL DEFAULT 1 COMMENT '排序',
  `dept_id` int NULL DEFAULT NULL COMMENT '机构编号',
  `status` char(1) CHARACTER SET utf8 COLLATE utf8_general_ci NULL DEFAULT '0' COMMENT '状态',
  `create_by` varchar(60) CHARACTER SET utf8 COLLATE utf8_general_ci NULL DEFAULT NULL COMMENT '创建人',
  `create_time` datetime NULL DEFAULT NULL COMMENT '创建时间',
  `update_by` varchar(60) CHARACTER SET utf8 COLLATE utf8_general_ci NULL DEFAULT NULL COMMENT '更新人',
  `update_time` datetime NULL DEFAULT NULL COMMENT '更新时间',
  `remarks` varchar(255) CHARACTER SET utf8 COLLATE utf8_general_ci NULL DEFAULT NULL COMMENT '备注',
  `del_flag` char(1) CHARACTER SET utf8 COLLATE utf8_general_ci NULL DEFAULT '0' COMMENT '删除标识（0-正常，1-删除）',
  PRIMARY KEY (`id`) USING BTREE
) ENGINE = InnoDB AUTO_INCREMENT = 3 CHARACTER SET = utf8 COLLATE = utf8_general_ci COMMENT = '应用管理' ROW_FORMAT = DYNAMIC;

-- ----------------------------
-- Records of sys_application
-- ----------------------------
INSERT INTO `sys_application` VALUES (1, '通用管理', '1', '0', '通用', NULL, '1.0.1', '通用管理', 1, 1, '1', 'admin', '2020-04-23 19:20:29', 'admin', '2020-04-23 20:06:36', NULL, '0');
INSERT INTO `sys_application` VALUES (2, '开发工具', '1', '1', '其他', NULL, '1.0.0', '开发工具', 1, 1, '1', 'admin', '2020-05-15 22:55:31', 'admin', '2020-05-15 23:09:16', NULL, '0');
INSERT INTO `sys_application` VALUES (3, '业务功能', '1', '1', '保险', NULL, '1.0.0', '保险业务核心模块', 1, NULL, '0', NULL, '2021-05-04 21:01:57', NULL, NULL, NULL, '1');

-- ----------------------------
-- Table structure for sys_area
-- ----------------------------
DROP TABLE IF EXISTS `sys_area`;
CREATE TABLE `sys_area`  (
  `id` int NOT NULL AUTO_INCREMENT,
  `parent_id` int NULL DEFAULT NULL,
  `ancestors` varchar(255) CHARACTER SET utf8 COLLATE utf8_general_ci NULL DEFAULT NULL COMMENT '所有父级编号',
  `name` varchar(30) CHARACTER SET utf8 COLLATE utf8_general_ci NULL DEFAULT NULL COMMENT '区域名称',
  `code` varchar(100) CHARACTER SET utf8 COLLATE utf8_general_ci NULL DEFAULT NULL COMMENT '区域编码',
  `sort` int NULL DEFAULT 0 COMMENT '显示顺序',
  `type` char(1) CHARACTER SET utf8 COLLATE utf8_general_ci NULL DEFAULT NULL COMMENT '区域类型',
  `create_by` varchar(30) CHARACTER SET utf8 COLLATE utf8_general_ci NULL DEFAULT NULL COMMENT '创建者',
  `create_time` datetime NULL DEFAULT NULL COMMENT '创建时间',
  `update_by` varchar(30) CHARACTER SET utf8 COLLATE utf8_general_ci NULL DEFAULT NULL COMMENT '更新者',
  `update_time` datetime NULL DEFAULT NULL COMMENT '更新时间',
  `remarks` varchar(255) CHARACTER SET utf8 COLLATE utf8_general_ci NULL DEFAULT NULL COMMENT '备注信息',
  `del_flag` char(1) CHARACTER SET utf8 COLLATE utf8_general_ci NULL DEFAULT '0' COMMENT '删除标记',
  PRIMARY KEY (`id`) USING BTREE
) ENGINE = InnoDB AUTO_INCREMENT = 1 CHARACTER SET = utf8 COLLATE = utf8_general_ci ROW_FORMAT = DYNAMIC;

-- ----------------------------
-- Records of sys_area
-- ----------------------------

-- ----------------------------
-- Table structure for sys_backup
-- ----------------------------
DROP TABLE IF EXISTS `sys_backup`;
CREATE TABLE `sys_backup`  (
  `id` int NOT NULL AUTO_INCREMENT COMMENT '编号',
  `name` varchar(120) CHARACTER SET utf8 COLLATE utf8_general_ci NULL DEFAULT NULL COMMENT '名称',
  `path` varchar(255) CHARACTER SET utf8 COLLATE utf8_general_ci NULL DEFAULT NULL COMMENT '路径',
  `create_by` varchar(30) CHARACTER SET utf8 COLLATE utf8_general_ci NULL DEFAULT NULL COMMENT '创建人',
  `create_time` datetime NULL DEFAULT CURRENT_TIMESTAMP COMMENT '创建时间',
  `update_by` varchar(30) CHARACTER SET utf8 COLLATE utf8_general_ci NULL DEFAULT NULL COMMENT '修改人',
  `update_time` datetime NULL DEFAULT NULL ON UPDATE CURRENT_TIMESTAMP COMMENT '修改时间',
  `remarks` varchar(255) CHARACTER SET utf8 COLLATE utf8_general_ci NULL DEFAULT '' COMMENT '备注',
  `del_flag` char(1) CHARACTER SET utf8mb4 COLLATE utf8mb4_bin NULL DEFAULT '0' COMMENT '0-正常，1-删除',
  PRIMARY KEY (`id`) USING BTREE
) ENGINE = InnoDB AUTO_INCREMENT = 1 CHARACTER SET = utf8 COLLATE = utf8_general_ci ROW_FORMAT = DYNAMIC;

-- ----------------------------
-- Records of sys_backup
-- ----------------------------

-- ----------------------------
-- Table structure for sys_config
-- ----------------------------
DROP TABLE IF EXISTS `sys_config`;
CREATE TABLE `sys_config`  (
  `id` int NOT NULL AUTO_INCREMENT COMMENT '编号',
  `name` varchar(100) CHARACTER SET utf8mb4 COLLATE utf8mb4_general_ci NULL DEFAULT '' COMMENT '参数名称',
  `key` varchar(100) CHARACTER SET utf8mb4 COLLATE utf8mb4_general_ci NULL DEFAULT '' COMMENT '参数键名',
  `value` varchar(500) CHARACTER SET utf8mb4 COLLATE utf8mb4_general_ci NULL DEFAULT '' COMMENT '参数键值',
  `is_sys` char(1) CHARACTER SET utf8mb4 COLLATE utf8mb4_general_ci NULL DEFAULT '0' COMMENT '系统内置 0-是|1-否',
  `create_by` varchar(64) CHARACTER SET utf8mb4 COLLATE utf8mb4_general_ci NULL DEFAULT '' COMMENT '创建者',
  `create_time` datetime NULL DEFAULT NULL COMMENT '创建时间',
  `update_by` varchar(64) CHARACTER SET utf8mb4 COLLATE utf8mb4_general_ci NULL DEFAULT '' COMMENT '更新者',
  `update_time` datetime NULL DEFAULT NULL COMMENT '更新时间',
  `remarks` varchar(500) CHARACTER SET utf8mb4 COLLATE utf8mb4_general_ci NULL DEFAULT NULL COMMENT '备注',
  `del_flag` char(1) CHARACTER SET utf8 COLLATE utf8_general_ci NULL DEFAULT '0' COMMENT '删除标记',
  PRIMARY KEY (`id`) USING BTREE
) ENGINE = InnoDB AUTO_INCREMENT = 2 CHARACTER SET = utf8 COLLATE = utf8_general_ci ROW_FORMAT = DYNAMIC;

-- ----------------------------
-- Records of sys_config
-- ----------------------------
INSERT INTO `sys_config` VALUES (1, '初始密码', 'user.initPassword', '123456', '0', 'admin', '2020-03-15 21:51:13', '', NULL, NULL, '0');

-- ----------------------------
-- Table structure for sys_datasource
-- ----------------------------
DROP TABLE IF EXISTS `sys_datasource`;
CREATE TABLE `sys_datasource`  (
  `id` int NOT NULL AUTO_INCREMENT COMMENT '主键',
  `name` varchar(255) CHARACTER SET utf8mb4 COLLATE utf8mb4_general_ci NULL DEFAULT NULL COMMENT '名称',
  `driver_class_name` varchar(255) CHARACTER SET utf8mb4 COLLATE utf8mb4_general_ci NULL DEFAULT NULL COMMENT '数据驱动',
  `url` varchar(255) CHARACTER SET utf8mb4 COLLATE utf8mb4_general_ci NULL DEFAULT NULL COMMENT 'url地址',
  `username` varchar(255) CHARACTER SET utf8mb4 COLLATE utf8mb4_general_ci NULL DEFAULT NULL COMMENT '用户',
  `password` varchar(255) CHARACTER SET utf8mb4 COLLATE utf8mb4_general_ci NULL DEFAULT NULL COMMENT '密码',
  `alias` varchar(120) CHARACTER SET utf8mb4 COLLATE utf8mb4_general_ci NULL DEFAULT NULL COMMENT '别名',
  `create_by` varchar(30) CHARACTER SET utf8 COLLATE utf8_general_ci NULL DEFAULT NULL COMMENT '创建人',
  `create_time` datetime NULL DEFAULT CURRENT_TIMESTAMP COMMENT '创建时间',
  `update_by` varchar(30) CHARACTER SET utf8 COLLATE utf8_general_ci NULL DEFAULT NULL COMMENT '修改人',
  `update_time` datetime NULL DEFAULT CURRENT_TIMESTAMP ON UPDATE CURRENT_TIMESTAMP COMMENT '更新时间',
  `remarks` varchar(255) CHARACTER SET utf8 COLLATE utf8_general_ci NULL DEFAULT '' COMMENT '备注',
  `del_flag` char(50) CHARACTER SET utf8mb4 COLLATE utf8mb4_general_ci NULL DEFAULT '0' COMMENT '删除标记',
  PRIMARY KEY (`id`) USING BTREE
) ENGINE = InnoDB AUTO_INCREMENT = 1 CHARACTER SET = utf8mb4 COLLATE = utf8mb4_general_ci ROW_FORMAT = DYNAMIC;

-- ----------------------------
-- Records of sys_datasource
-- ----------------------------
INSERT INTO `sys_datasource` VALUES (1, 'TRAPPIST-1', 'com.mysql.cj.jdbc.Driver', 'jdbc:mysql://localhost:3306/t1-1?useUnicode=true&characterEncoding=UTF-8&autoReconnect=true&useSSL=false&zeroDateTimeBehavior=convertToNull&serverTimezone=Asia/Shanghai', 'root', 'root', 'mysql_T-1_1', NULL, '2021-05-03 18:23:51', NULL, '2021-05-03 18:23:51', '', '0');

-- ----------------------------
-- Table structure for sys_dept
-- ----------------------------
DROP TABLE IF EXISTS `sys_dept`;
CREATE TABLE `sys_dept`  (
  `dept_id` int NOT NULL AUTO_INCREMENT,
  `code` varchar(30) CHARACTER SET utf8 COLLATE utf8_general_ci NULL DEFAULT NULL COMMENT '机构编码',
  `name` varchar(60) CHARACTER SET utf8 COLLATE utf8_general_ci NULL DEFAULT NULL COMMENT '机构名称',
  `parent_id` int NULL DEFAULT 0 COMMENT '父级编号',
  `ancestors` varchar(120) CHARACTER SET utf8 COLLATE utf8_general_ci NULL DEFAULT '0' COMMENT '祖级列表',
  `sort` int NULL DEFAULT 1 COMMENT '排序',
  `contacts` varchar(30) CHARACTER SET utf8 COLLATE utf8_general_ci NULL DEFAULT NULL COMMENT '联系人',
  `phone` varchar(20) CHARACTER SET utf8 COLLATE utf8_general_ci NULL DEFAULT NULL COMMENT '电话',
  `address` varchar(255) CHARACTER SET utf8 COLLATE utf8_general_ci NULL DEFAULT NULL COMMENT '联系地址',
  `email` varchar(60) CHARACTER SET utf8 COLLATE utf8_general_ci NULL DEFAULT NULL COMMENT '邮箱',
  `status` char(1) CHARACTER SET utf8 COLLATE utf8_general_ci NULL DEFAULT '0' COMMENT '帐号状态（0正常 1停用）',
  `create_by` varchar(30) CHARACTER SET utf8 COLLATE utf8_general_ci NULL DEFAULT NULL COMMENT '创建人',
  `create_time` datetime NULL DEFAULT NULL COMMENT '创建时间',
  `update_by` varchar(30) CHARACTER SET utf8 COLLATE utf8_general_ci NULL DEFAULT NULL COMMENT '修改人',
  `update_time` datetime NULL DEFAULT NULL ON UPDATE CURRENT_TIMESTAMP COMMENT '修改时间',
  `remarks` varchar(255) CHARACTER SET utf8 COLLATE utf8_general_ci NULL DEFAULT NULL COMMENT '备注信息',
  `del_flag` char(1) CHARACTER SET utf8 COLLATE utf8_general_ci NOT NULL DEFAULT '0' COMMENT '删除标记',
  PRIMARY KEY (`dept_id`) USING BTREE
) ENGINE = InnoDB AUTO_INCREMENT = 4 CHARACTER SET = utf8mb4 COLLATE = utf8mb4_general_ci ROW_FORMAT = DYNAMIC;

-- ----------------------------
-- Records of sys_dept
-- ----------------------------
INSERT INTO `sys_dept` VALUES (1, '100001', '华康集团', 0, '0', 1, 'admin', '15688888888', NULL, NULL, '0', 'admin', '2020-02-13 20:55:57', NULL, '2021-05-04 23:21:33', NULL, '0');
INSERT INTO `sys_dept` VALUES (2, '1001', '华康广州分公司', 1, '0,1', 1, NULL, NULL, NULL, NULL, '0', NULL, NULL, NULL, '2021-05-04 23:21:48', NULL, '0');
INSERT INTO `sys_dept` VALUES (3, '10000102', '华康深圳分公司', 1, '0,1', 2, '123', '', NULL, NULL, '0', NULL, NULL, 'admin', '2021-05-04 23:21:59', NULL, '0');

-- ----------------------------
-- Table structure for sys_dict
-- ----------------------------
DROP TABLE IF EXISTS `sys_dict`;
CREATE TABLE `sys_dict`  (
  `id` int NOT NULL AUTO_INCREMENT,
  `name` varchar(100) CHARACTER SET utf8 COLLATE utf8_general_ci NULL DEFAULT '' COMMENT '字典名称',
  `type` varchar(100) CHARACTER SET utf8 COLLATE utf8_general_ci NULL DEFAULT '' COMMENT '字典类型',
  `is_sys` char(1) CHARACTER SET utf8 COLLATE utf8_general_ci NOT NULL DEFAULT '0' COMMENT '0-是|1-否',
  `status` char(1) CHARACTER SET utf8 COLLATE utf8_general_ci NULL DEFAULT '0' COMMENT '状态（0正常 1停用）',
  `create_by` varchar(30) CHARACTER SET utf8 COLLATE utf8_general_ci NULL DEFAULT NULL COMMENT '创建人',
  `create_time` datetime NULL DEFAULT CURRENT_TIMESTAMP COMMENT '创建时间',
  `update_by` varchar(30) CHARACTER SET utf8 COLLATE utf8_general_ci NULL DEFAULT NULL COMMENT '修改人',
  `update_time` datetime NULL DEFAULT NULL ON UPDATE CURRENT_TIMESTAMP COMMENT '修改时间',
  `remarks` varchar(255) CHARACTER SET utf8 COLLATE utf8_general_ci NULL DEFAULT '' COMMENT '备注',
  `del_flag` char(1) CHARACTER SET utf8mb4 COLLATE utf8mb4_bin NULL DEFAULT '0' COMMENT '0-正常，1-删除',
  PRIMARY KEY (`id`) USING BTREE
) ENGINE = InnoDB AUTO_INCREMENT = 21 CHARACTER SET = utf8 COLLATE = utf8_general_ci ROW_FORMAT = DYNAMIC;

-- ----------------------------
-- Records of sys_dict
-- ----------------------------
INSERT INTO `sys_dict` VALUES (1, '用户性别', 'user_sex', '0', '0', 'admin', '2018-03-16 11:33:00', 'admin', '2020-03-17 14:19:40', '用户性别列表', '0');
INSERT INTO `sys_dict` VALUES (2, '菜单状态', 'menu_status', '0', '0', 'admin', '2018-03-16 11:33:00', 'admin', '2020-03-17 14:19:41', '菜单状态列表', '0');
INSERT INTO `sys_dict` VALUES (3, '是否', 'yes_no', '0', '0', 'admin', '2018-03-16 11:33:00', 'admin', '2020-03-17 14:19:42', '是否列表', '0');
INSERT INTO `sys_dict` VALUES (4, '状态', 'status', '0', '0', 'admin', '2018-03-16 11:33:00', 'admin', '2020-03-17 14:19:42', '状态列表', '0');
INSERT INTO `sys_dict` VALUES (5, '成功失败', 'success_fail', '0', '0', 'admin', '2019-08-24 10:02:57', 'admin', '2020-03-17 14:19:43', '成功失败列表', '0');
INSERT INTO `sys_dict` VALUES (6, '文件类别', 'file_type', '0', '0', 'admin', '2020-03-17 13:57:44', 'admin', '2020-03-20 22:48:19', '文件类别列表', '0');
INSERT INTO `sys_dict` VALUES (7, '数据库类型', 'datasource_type', '0', '0', 'admin', '2020-03-21 11:33:14', 'admin', '2020-03-22 09:56:10', '数据库类型列表', '0');
INSERT INTO `sys_dict` VALUES (8, '任务类型', 'job_type', '0', '0', 'admin', '2020-03-21 21:21:46', NULL, NULL, '任务类型列表', '0');
INSERT INTO `sys_dict` VALUES (9, '登录类型', 'login_type', '0', '0', 'admin', '2020-03-22 09:55:59', NULL, NULL, '登录类型列表', '0');
INSERT INTO `sys_dict` VALUES (10, '快捷方式类型', 'shortcut_type', '0', '0', 'admin', '2020-03-27 09:48:05', 'admin', '2020-03-27 10:14:27', '快捷方式类型列表', '0');
INSERT INTO `sys_dict` VALUES (11, '模型分类', 'model_category', '0', '0', 'admin', '2020-04-04 22:09:36', NULL, NULL, '', '0');
INSERT INTO `sys_dict` VALUES (12, '请假类型', 'leave_type', '0', '0', 'admin', '2020-04-05 10:08:18', NULL, NULL, '', '0');
INSERT INTO `sys_dict` VALUES (13, '任务状态', 'job_status', '0', '0', 'admin', '2020-04-11 18:54:20', NULL, NULL, '', '0');
INSERT INTO `sys_dict` VALUES (14, '请假状态', 'leave_status', '0', '0', 'admin', '2020-04-12 14:30:52', NULL, NULL, '请假状态列表', '0');
INSERT INTO `sys_dict` VALUES (15, '应用类型', 'application_type', '0', '0', 'admin', '2020-04-23 18:54:07', NULL, NULL, '', '0');
INSERT INTO `sys_dict` VALUES (16, '消息类型', 'msg_type', '0', '0', 'admin', '2020-05-10 16:02:20', NULL, NULL, '', '0');
INSERT INTO `sys_dict` VALUES (17, '应用状态', 'application_status', '0', '0', 'admin', '2020-05-15 22:56:49', NULL, NULL, '应用状态列表', '0');
INSERT INTO `sys_dict` VALUES (18, '消息通知类型', 'content_type', '0', '0', 'admin', '2020-05-25 15:45:41', NULL, NULL, '', '0');
INSERT INTO `sys_dict` VALUES (19, '数据格式类型', 'data_type', '0', '0', 'admin', '2020-06-13 08:51:07', NULL, NULL, '', '0');
INSERT INTO `sys_dict` VALUES (20, '表单类型', 'form_type', '0', '0', 'admin', '2021-03-26 23:30:49', NULL, NULL, '', '0');

-- ----------------------------
-- Table structure for sys_dict_data
-- ----------------------------
DROP TABLE IF EXISTS `sys_dict_data`;
CREATE TABLE `sys_dict_data`  (
  `id` int NOT NULL AUTO_INCREMENT COMMENT '编号',
  `dict_id` int NULL DEFAULT NULL COMMENT '字典编号',
  `dict_type` varchar(100) CHARACTER SET utf8 COLLATE utf8_general_ci NOT NULL COMMENT '类型',
  `label` varchar(100) CHARACTER SET utf8 COLLATE utf8_general_ci NOT NULL COMMENT '标签名',
  `value` varchar(100) CHARACTER SET utf8 COLLATE utf8_general_ci NOT NULL COMMENT '数据值',
  `sort` int NOT NULL COMMENT '排序（升序）',
  `create_by` varchar(30) CHARACTER SET utf8 COLLATE utf8_general_ci NULL DEFAULT NULL COMMENT '创建人',
  `create_time` datetime NOT NULL DEFAULT CURRENT_TIMESTAMP COMMENT '创建时间',
  `update_by` varchar(30) CHARACTER SET utf8 COLLATE utf8_general_ci NULL DEFAULT NULL COMMENT '修改人',
  `update_time` datetime NOT NULL DEFAULT CURRENT_TIMESTAMP ON UPDATE CURRENT_TIMESTAMP COMMENT '更新时间',
  `remarks` varchar(255) CHARACTER SET utf8 COLLATE utf8_general_ci NULL DEFAULT NULL COMMENT '备注信息',
  `del_flag` char(1) CHARACTER SET utf8 COLLATE utf8_general_ci NOT NULL DEFAULT '0' COMMENT '删除标记',
  PRIMARY KEY (`id`) USING BTREE
) ENGINE = InnoDB AUTO_INCREMENT = 55 CHARACTER SET = utf8 COLLATE = utf8_general_ci ROW_FORMAT = DYNAMIC;

-- ----------------------------
-- Records of sys_dict_data
-- ----------------------------
INSERT INTO `sys_dict_data` VALUES (1, 1, 'user_sex', '男', '0', 1, NULL, '2019-08-13 18:33:37', NULL, '2019-08-13 18:33:40', NULL, '0');
INSERT INTO `sys_dict_data` VALUES (2, 1, 'user_sex', '女', '1', 2, NULL, '2019-08-13 18:34:03', NULL, '2019-08-13 18:34:07', NULL, '0');
INSERT INTO `sys_dict_data` VALUES (3, 2, 'menu_status', '隐藏', '1', 2, NULL, '2019-08-13 18:33:37', NULL, '2019-08-19 15:42:29', NULL, '0');
INSERT INTO `sys_dict_data` VALUES (4, 2, 'menu_status', '显示', '0', 1, NULL, '2019-08-13 18:33:37', NULL, '2019-08-19 15:42:28', NULL, '0');
INSERT INTO `sys_dict_data` VALUES (5, 3, 'yes_no', '是', '0', 1, NULL, '2019-08-13 18:33:37', 'admin', '2020-03-17 12:05:05', '', '0');
INSERT INTO `sys_dict_data` VALUES (6, 3, 'yes_no', '否', '1', 2, NULL, '2019-08-13 18:33:37', 'admin', '2020-03-17 12:05:06', '', '0');
INSERT INTO `sys_dict_data` VALUES (7, 4, 'status', '停用', '1', 2, NULL, '2019-08-13 18:34:03', 'admin', '2019-08-19 15:43:00', '', '0');
INSERT INTO `sys_dict_data` VALUES (8, 4, 'status', '正常', '0', 1, NULL, '2019-08-13 18:33:37', NULL, '2019-08-19 15:42:59', NULL, '0');
INSERT INTO `sys_dict_data` VALUES (9, NULL, 'success_fail', '成功', '0', 10, 'admin', '2019-08-24 11:48:18', 'admin', '2019-08-24 11:48:17', '', '0');
INSERT INTO `sys_dict_data` VALUES (10, NULL, 'success_fail', '失败', '1', 20, 'admin', '2019-08-24 11:48:27', NULL, '2019-08-24 11:48:26', '', '0');
INSERT INTO `sys_dict_data` VALUES (11, NULL, 'file_type', '图片', 'image', 1, 'admin', '2020-03-20 22:48:39', NULL, '2020-03-28 16:27:48', NULL, '0');
INSERT INTO `sys_dict_data` VALUES (12, NULL, 'file_type', '媒体', 'media', 2, 'admin', '2020-03-20 22:48:48', 'admin', '2020-03-28 16:28:32', NULL, '0');
INSERT INTO `sys_dict_data` VALUES (13, NULL, 'file_type', '文档', 'file', 3, 'admin', '2020-03-20 22:49:03', NULL, '2020-03-28 16:28:21', NULL, '0');
INSERT INTO `sys_dict_data` VALUES (14, NULL, 'datasource_type', 'Mysql', 'com.mysql.cj.jdbc.Driver', 1, 'admin', '2020-03-21 11:33:59', 'admin', '2020-03-21 11:33:59', NULL, '0');
INSERT INTO `sys_dict_data` VALUES (15, NULL, 'datasource_type', 'Sqlserver', 'com.microsoft.sqlserver.jdbc.SQLServerDriver', 2, 'admin', '2020-03-21 11:34:59', 'admin', '2020-03-21 11:34:58', NULL, '0');
INSERT INTO `sys_dict_data` VALUES (16, NULL, 'datasource_type', 'Postgresql', 'org.postgresql.Driver', 3, 'admin', '2020-03-21 11:36:16', NULL, '2020-03-21 11:36:15', NULL, '0');
INSERT INTO `sys_dict_data` VALUES (17, NULL, 'job_type', 'Java类', '1', 1, 'admin', '2020-03-21 21:22:35', NULL, '2020-03-21 21:22:35', NULL, '0');
INSERT INTO `sys_dict_data` VALUES (18, NULL, 'job_type', 'Spring bean名称', '2', 2, 'admin', '2020-03-21 21:22:50', NULL, '2020-03-21 21:22:50', NULL, '0');
INSERT INTO `sys_dict_data` VALUES (19, NULL, 'job_type', 'Rest调用', '3', 3, 'admin', '2020-03-21 21:23:06', NULL, '2020-03-21 21:23:05', NULL, '0');
INSERT INTO `sys_dict_data` VALUES (20, NULL, 'job_type', 'Jar调用', '4', 4, 'admin', '2020-03-21 21:23:19', NULL, '2020-03-21 21:23:18', NULL, '0');
INSERT INTO `sys_dict_data` VALUES (21, NULL, 'job_type', '其他', '5', 0, 'admin', '2020-03-21 21:23:24', NULL, '2020-03-21 21:23:24', NULL, '0');
INSERT INTO `sys_dict_data` VALUES (22, NULL, 'login_type', '登录', '0', 1, 'admin', '2020-03-22 09:56:41', NULL, '2020-03-22 09:56:40', NULL, '0');
INSERT INTO `sys_dict_data` VALUES (23, NULL, 'login_type', '退出', '1', 2, 'admin', '2020-03-22 09:56:51', NULL, '2020-03-22 09:56:51', NULL, '0');
INSERT INTO `sys_dict_data` VALUES (24, NULL, 'shortcut_type', '顶部', '1', 1, 'admin', '2020-03-27 09:48:24', NULL, '2020-03-27 09:48:23', NULL, '0');
INSERT INTO `sys_dict_data` VALUES (25, NULL, 'shortcut_type', '首页', '2', 2, 'admin', '2020-03-27 09:48:38', NULL, '2020-03-27 09:48:38', NULL, '0');
INSERT INTO `sys_dict_data` VALUES (26, NULL, 'model_category', '办公流程', 'office', 1, 'admin', '2020-04-04 22:10:14', NULL, '2020-04-04 22:10:13', NULL, '0');
INSERT INTO `sys_dict_data` VALUES (27, NULL, 'model_category', '项目流程', 'project', 2, 'admin', '2020-04-04 22:10:27', NULL, '2020-04-04 22:10:26', NULL, '0');
INSERT INTO `sys_dict_data` VALUES (28, NULL, 'leave_type', '事假', '1', 1, 'admin', '2020-04-05 10:08:52', NULL, '2020-04-05 10:08:52', NULL, '0');
INSERT INTO `sys_dict_data` VALUES (29, NULL, 'leave_type', '病假', '2', 2, 'admin', '2020-04-05 10:09:05', NULL, '2020-04-05 10:09:05', NULL, '0');
INSERT INTO `sys_dict_data` VALUES (30, NULL, 'leave_type', '产假', '3', 3, 'admin', '2020-04-05 10:09:37', 'admin', '2020-04-05 10:09:37', NULL, '0');
INSERT INTO `sys_dict_data` VALUES (31, NULL, 'job_status', '未发布', '1', 1, 'admin', '2020-04-11 18:54:37', NULL, '2020-04-11 18:54:37', NULL, '0');
INSERT INTO `sys_dict_data` VALUES (32, NULL, 'job_status', '运行中', '2', 2, 'admin', '2020-04-11 18:54:48', NULL, '2020-04-11 18:54:47', NULL, '0');
INSERT INTO `sys_dict_data` VALUES (33, NULL, 'job_status', '暂停', '3', 3, 'admin', '2020-04-11 18:54:57', NULL, '2020-04-11 18:54:57', NULL, '0');
INSERT INTO `sys_dict_data` VALUES (34, NULL, 'leave_status', '未提交', '0', 0, 'admin', '2020-04-12 14:31:12', NULL, '2020-04-12 14:31:11', NULL, '0');
INSERT INTO `sys_dict_data` VALUES (35, NULL, 'leave_status', '未审批', '1', 1, 'admin', '2020-04-12 14:31:29', NULL, '2020-04-12 14:31:28', NULL, '0');
INSERT INTO `sys_dict_data` VALUES (36, NULL, 'leave_status', '批准', '2', 2, 'admin', '2020-04-12 14:31:38', NULL, '2020-04-12 14:31:38', NULL, '0');
INSERT INTO `sys_dict_data` VALUES (37, NULL, 'leave_status', '驳回', '9', 3, 'admin', '2020-04-12 14:31:51', '小狗', '2020-04-12 14:31:51', NULL, '0');
INSERT INTO `sys_dict_data` VALUES (38, NULL, 'application_type', 'PC', '1', 1, 'admin', '2020-04-23 18:54:36', NULL, '2020-04-23 18:54:36', NULL, '0');
INSERT INTO `sys_dict_data` VALUES (39, NULL, 'application_type', 'APP', '2', 2, 'admin', '2020-04-23 18:54:44', NULL, '2020-04-23 18:54:44', NULL, '0');
INSERT INTO `sys_dict_data` VALUES (40, NULL, 'application_type', '小程序', '3', 3, 'admin', '2020-04-23 18:54:58', NULL, '2020-04-23 18:54:57', NULL, '0');
INSERT INTO `sys_dict_data` VALUES (41, NULL, 'msg_type', '短信', '0', 0, 'admin', '2020-05-10 16:02:40', NULL, '2020-05-10 16:02:40', NULL, '0');
INSERT INTO `sys_dict_data` VALUES (42, NULL, 'msg_type', '邮件', '1', 1, 'admin', '2020-05-10 16:02:50', NULL, '2020-05-10 16:02:50', NULL, '0');
INSERT INTO `sys_dict_data` VALUES (43, NULL, 'application_status', '未发布', '0', 0, 'admin', '2020-05-15 22:57:27', NULL, '2020-05-15 22:57:27', NULL, '0');
INSERT INTO `sys_dict_data` VALUES (44, NULL, 'application_status', '已发布', '1', 1, 'admin', '2020-05-15 22:57:36', NULL, '2020-05-15 22:57:35', NULL, '0');
INSERT INTO `sys_dict_data` VALUES (45, NULL, 'msg_type', 'PC', '2', 2, 'admin', '2020-05-25 15:44:18', NULL, '2020-05-25 15:44:17', NULL, '0');
INSERT INTO `sys_dict_data` VALUES (46, NULL, 'msg_type', 'APP', '3', 3, 'admin', '2020-05-25 15:44:44', NULL, '2020-05-25 15:44:43', NULL, '0');
INSERT INTO `sys_dict_data` VALUES (47, NULL, 'msg_type', '微信', '4', 4, 'admin', '2020-05-25 15:44:56', NULL, '2020-05-25 15:44:56', NULL, '0');
INSERT INTO `sys_dict_data` VALUES (48, NULL, 'content_type', '通知', '0', 0, 'admin', '2020-05-25 15:46:28', NULL, '2020-05-25 15:46:28', NULL, '0');
INSERT INTO `sys_dict_data` VALUES (49, NULL, 'content_type', '公告', '1', 1, 'admin', '2020-05-25 15:46:38', NULL, '2020-05-25 15:46:38', NULL, '0');
INSERT INTO `sys_dict_data` VALUES (50, NULL, 'content_type', '其他', '2', 2, 'admin', '2020-05-25 15:46:46', NULL, '2020-05-25 15:46:45', NULL, '0');
INSERT INTO `sys_dict_data` VALUES (51, NULL, 'data_type', 'json', 'json', 1, 'admin', '2020-06-13 08:51:24', NULL, '2020-06-13 08:51:24', NULL, '0');
INSERT INTO `sys_dict_data` VALUES (52, NULL, 'form_type', '普通表单', '0', 0, 'admin', '2021-03-26 23:31:12', NULL, '2021-03-26 23:31:12', NULL, '0');
INSERT INTO `sys_dict_data` VALUES (53, NULL, 'form_type', '工作流表单', '1', 1, 'admin', '2021-03-26 23:31:20', NULL, '2021-03-26 23:31:19', NULL, '0');
INSERT INTO `sys_dict_data` VALUES (54, NULL, 'leave_status', '作废', '8', 4, '小狗', '2021-04-15 01:03:15', NULL, '2021-04-15 01:03:14', '作废流程', '0');

-- ----------------------------
-- Table structure for sys_file_info
-- ----------------------------
DROP TABLE IF EXISTS `sys_file_info`;
CREATE TABLE `sys_file_info`  (
  `id` int NOT NULL AUTO_INCREMENT COMMENT '编号',
  `name` varchar(120) CHARACTER SET utf8 COLLATE utf8_general_ci NULL DEFAULT NULL COMMENT '文件名称',
  `type` varchar(10) CHARACTER SET utf8 COLLATE utf8_general_ci NULL DEFAULT NULL COMMENT '文件类型',
  `format` varchar(30) CHARACTER SET utf8 COLLATE utf8_general_ci NULL DEFAULT NULL COMMENT '文件格式',
  `size` varchar(30) CHARACTER SET utf8 COLLATE utf8_general_ci NULL DEFAULT NULL COMMENT '文件大小',
  `path` varchar(255) CHARACTER SET utf8 COLLATE utf8_general_ci NULL DEFAULT NULL COMMENT '文件保存路径',
  `thumbnail` varchar(255) CHARACTER SET utf8 COLLATE utf8_general_ci NULL DEFAULT NULL COMMENT '缩略图',
  `dept_id` int NULL DEFAULT NULL COMMENT '机构编号',
  `status` char(1) CHARACTER SET utf8 COLLATE utf8_general_ci NULL DEFAULT '0' COMMENT '状态',
  `create_by` varchar(64) CHARACTER SET utf8 COLLATE utf8_general_ci NULL DEFAULT '' COMMENT '创建者',
  `create_time` datetime NULL DEFAULT NULL COMMENT '创建时间',
  `remarks` varchar(255) CHARACTER SET utf8 COLLATE utf8_general_ci NULL DEFAULT '' COMMENT '备注',
  `del_flag` char(1) CHARACTER SET utf8mb4 COLLATE utf8mb4_general_ci NULL DEFAULT '0' COMMENT '删除标志（0代表存在 1代表删除）',
  PRIMARY KEY (`id`) USING BTREE
) ENGINE = InnoDB AUTO_INCREMENT = 1 CHARACTER SET = utf8 COLLATE = utf8_general_ci ROW_FORMAT = DYNAMIC;

-- ----------------------------
-- Records of sys_file_info
-- ----------------------------
INSERT INTO `sys_file_info` VALUES (1, '新建文本文档', 'file', 'txt', '0B', '/profile/upload/file/file1620054426421.txt', NULL, 1, '0', 'admin', '2021-05-03 23:07:06', '', '0');

-- ----------------------------
-- Table structure for sys_job
-- ----------------------------
DROP TABLE IF EXISTS `sys_job`;
CREATE TABLE `sys_job`  (
  `id` int NOT NULL AUTO_INCREMENT COMMENT '任务id',
  `job_name` varchar(64) CHARACTER SET utf8mb4 COLLATE utf8mb4_general_ci NOT NULL COMMENT '任务名称',
  `job_group` varchar(64) CHARACTER SET utf8mb4 COLLATE utf8mb4_general_ci NOT NULL COMMENT '任务组名',
  `job_order` char(1) CHARACTER SET utf8mb4 COLLATE utf8mb4_general_ci NULL DEFAULT NULL COMMENT '组内执行顺利，值越大执行优先级越高，最大值9，最小值1',
  `job_type` char(1) CHARACTER SET utf8mb4 COLLATE utf8mb4_general_ci NOT NULL DEFAULT '1' COMMENT '1、java类;2、spring bean名称;3、rest调用;4、jar调用;9其他',
  `execute_path` varchar(500) CHARACTER SET utf8mb4 COLLATE utf8mb4_general_ci NULL DEFAULT NULL COMMENT 'job_type=3时，rest调用地址，仅支持rest get协议,需要增加String返回值，0成功，1失败;job_type=4时，jar路径;其它值为空',
  `params_value` varchar(2000) CHARACTER SET utf8mb4 COLLATE utf8mb4_general_ci NULL DEFAULT NULL COMMENT '参数值',
  `cron_expression` varchar(255) CHARACTER SET utf8mb4 COLLATE utf8mb4_general_ci NULL DEFAULT NULL COMMENT 'cron执行表达式',
  `misfire_policy` varchar(20) CHARACTER SET utf8mb4 COLLATE utf8mb4_general_ci NULL DEFAULT '3' COMMENT '错误策略（1立即执行 2执行一次 3放弃执行）',
  `job_tenant_type` char(1) CHARACTER SET utf8mb4 COLLATE utf8mb4_general_ci NULL DEFAULT '1' COMMENT '1、多租户任务;2、非多租户任务',
  `job_status` char(1) CHARACTER SET utf8mb4 COLLATE utf8mb4_general_ci NULL DEFAULT '0' COMMENT '状态（1、未发布;2、运行中;3、暂停;4、删除;）',
  `job_execute_status` char(1) CHARACTER SET utf8mb4 COLLATE utf8mb4_general_ci NULL DEFAULT '0' COMMENT '状态（0正常 1异常）',
  `start_time` datetime NULL DEFAULT NULL COMMENT '初次执行时间',
  `previous_time` datetime NULL DEFAULT NULL COMMENT '上次执行时间',
  `next_time` datetime NULL DEFAULT NULL COMMENT '下次执行时间',
  `create_by` varchar(64) CHARACTER SET utf8mb4 COLLATE utf8mb4_general_ci NULL DEFAULT NULL COMMENT '创建者',
  `create_time` datetime NOT NULL DEFAULT CURRENT_TIMESTAMP COMMENT '创建时间',
  `update_by` varchar(64) CHARACTER SET utf8mb4 COLLATE utf8mb4_general_ci NULL DEFAULT '' COMMENT '更新者',
  `update_time` datetime NOT NULL DEFAULT CURRENT_TIMESTAMP COMMENT '更新时间',
  `remarks` varchar(500) CHARACTER SET utf8mb4 COLLATE utf8mb4_general_ci NULL DEFAULT '' COMMENT '备注信息',
  `del_flag` char(1) CHARACTER SET utf8mb4 COLLATE utf8mb4_general_ci NULL DEFAULT '0' COMMENT '删除标志（0代表存在 1代表删除）',
  PRIMARY KEY (`id`) USING BTREE
) ENGINE = InnoDB AUTO_INCREMENT = 2 CHARACTER SET = utf8mb4 COLLATE = utf8mb4_general_ci COMMENT = '定时任务调度表' ROW_FORMAT = DYNAMIC;

-- ----------------------------
-- Records of sys_job
-- ----------------------------
INSERT INTO `sys_job` VALUES (1, 'demoMethod', 'demo', '5', '2', 'demo.demoMethod', '1', '0 * * * * ? *', '3', '1', '3', '0', '2020-05-21 16:17:11', '2020-06-02 10:37:00', '2020-06-02 10:38:00', 'admin', '2019-03-25 14:00:14', NULL, '2021-05-03 17:59:37', '演示Spring Bean的定时任务', '0');

-- ----------------------------
-- Table structure for sys_job_log
-- ----------------------------
DROP TABLE IF EXISTS `sys_job_log`;
CREATE TABLE `sys_job_log`  (
  `id` int NOT NULL AUTO_INCREMENT COMMENT '任务日志ID',
  `job_id` int NOT NULL COMMENT '任务id',
  `job_name` varchar(64) CHARACTER SET utf8 COLLATE utf8_general_ci NULL DEFAULT NULL COMMENT '任务名称',
  `job_group` varchar(64) CHARACTER SET utf8 COLLATE utf8_general_ci NULL DEFAULT NULL COMMENT '任务组名',
  `job_order` char(1) CHARACTER SET utf8 COLLATE utf8_general_ci NULL DEFAULT NULL COMMENT '组内执行顺利，值越大执行优先级越高，最大值9，最小值1',
  `job_type` char(1) CHARACTER SET utf8 COLLATE utf8_general_ci NOT NULL DEFAULT '1' COMMENT '1、java类;2、spring bean名称;3、rest调用;4、jar调用;9其他',
  `execute_path` varchar(500) CHARACTER SET utf8 COLLATE utf8_general_ci NULL DEFAULT NULL COMMENT 'job_type=3时，rest调用地址，仅支持post协议;job_type=4时，jar路径;其它值为空',
  `params_value` varchar(2000) CHARACTER SET utf8 COLLATE utf8_general_ci NULL DEFAULT NULL COMMENT '参数值',
  `cron_expression` varchar(255) CHARACTER SET utf8 COLLATE utf8_general_ci NULL DEFAULT NULL COMMENT 'cron执行表达式',
  `job_message` varchar(500) CHARACTER SET utf8 COLLATE utf8_general_ci NULL DEFAULT NULL COMMENT '日志信息',
  `job_log_status` char(1) CHARACTER SET utf8 COLLATE utf8_general_ci NULL DEFAULT '0' COMMENT '执行状态（0正常 1失败）',
  `execute_time` varchar(30) CHARACTER SET utf8 COLLATE utf8_general_ci NULL DEFAULT NULL COMMENT '执行时间',
  `exception_info` varchar(2000) CHARACTER SET utf8 COLLATE utf8_general_ci NULL DEFAULT '' COMMENT '异常信息',
  `create_time` datetime NOT NULL DEFAULT CURRENT_TIMESTAMP COMMENT '创建时间',
  PRIMARY KEY (`id`) USING BTREE
) ENGINE = InnoDB AUTO_INCREMENT = 1 CHARACTER SET = utf8 COLLATE = utf8_general_ci COMMENT = '定时任务执行日志表' ROW_FORMAT = DYNAMIC;

-- ----------------------------
-- Records of sys_job_log
-- ----------------------------

-- ----------------------------
-- Table structure for sys_logger
-- ----------------------------
DROP TABLE IF EXISTS `sys_logger`;
CREATE TABLE `sys_logger`  (
  `id` int NOT NULL AUTO_INCREMENT,
  `application_name` varchar(32) CHARACTER SET utf8 COLLATE utf8_general_ci NULL DEFAULT NULL COMMENT '应用名',
  `class_name` varchar(128) CHARACTER SET utf8 COLLATE utf8_general_ci NOT NULL COMMENT '类名',
  `method_name` varchar(64) CHARACTER SET utf8 COLLATE utf8_general_ci NOT NULL COMMENT '方法名',
  `user_id` int NULL DEFAULT NULL COMMENT '用户id',
  `user_name` varchar(50) CHARACTER SET utf8 COLLATE utf8_general_ci NULL DEFAULT NULL COMMENT '用户名',
  `client_id` varchar(32) CHARACTER SET utf8 COLLATE utf8_general_ci NULL DEFAULT NULL COMMENT '租户id',
  `operation` varchar(1024) CHARACTER SET utf8 COLLATE utf8_general_ci NOT NULL COMMENT '操作信息',
  `timestamp` varchar(30) CHARACTER SET utf8 COLLATE utf8_general_ci NOT NULL COMMENT '创建时间',
  PRIMARY KEY (`id`) USING BTREE
) ENGINE = InnoDB AUTO_INCREMENT = 1 CHARACTER SET = utf8 COLLATE = utf8_general_ci ROW_FORMAT = DYNAMIC;

-- ----------------------------
-- Records of sys_logger
-- ----------------------------

-- ----------------------------
-- Table structure for sys_login_log
-- ----------------------------
DROP TABLE IF EXISTS `sys_login_log`;
CREATE TABLE `sys_login_log`  (
  `id` int NOT NULL AUTO_INCREMENT COMMENT '访问ID',
  `login_name` varchar(50) CHARACTER SET utf8mb4 COLLATE utf8mb4_general_ci NULL DEFAULT '' COMMENT '登录账号',
  `login_type` char(1) CHARACTER SET utf8 COLLATE utf8_general_ci NULL DEFAULT '0' COMMENT '登录类型',
  `login_ip` varchar(50) CHARACTER SET utf8mb4 COLLATE utf8mb4_general_ci NULL DEFAULT '' COMMENT '登录IP地址',
  `login_addr` varchar(255) CHARACTER SET utf8mb4 COLLATE utf8mb4_general_ci NULL DEFAULT '' COMMENT '登录地点',
  `user_agent` text CHARACTER SET utf8mb4 COLLATE utf8mb4_general_ci NULL COMMENT '用户代理',
  `status` char(1) CHARACTER SET utf8mb4 COLLATE utf8mb4_general_ci NULL DEFAULT '0' COMMENT '登录状态（0成功 1失败）',
  `msg` varchar(255) CHARACTER SET utf8mb4 COLLATE utf8mb4_general_ci NULL DEFAULT '' COMMENT '提示消息',
  `login_time` datetime NULL DEFAULT NULL COMMENT '访问时间',
  PRIMARY KEY (`id`) USING BTREE
) ENGINE = InnoDB AUTO_INCREMENT = 673 CHARACTER SET = utf8 COLLATE = utf8_general_ci ROW_FORMAT = DYNAMIC;

-- ----------------------------
-- Records of sys_login_log
-- ----------------------------
INSERT INTO `sys_login_log` VALUES (688, 'admin', '0', '127.0.0.1', '0|0|0|内网IP|内网IP', 'Mozilla/5.0 (Windows NT 10.0; Win64; x64; rv:88.0) Gecko/20100101 Firefox/88.0', '0', '', '2021-05-05 00:22:26');
INSERT INTO `sys_login_log` VALUES (689, 'admin', '0', '127.0.0.1', '0|0|0|内网IP|内网IP', 'Mozilla/5.0 (Windows NT 10.0; Win64; x64; rv:88.0) Gecko/20100101 Firefox/88.0', '0', '', '2021-05-05 00:26:16');
INSERT INTO `sys_login_log` VALUES (690, 'admin', '0', '127.0.0.1', '0|0|0|内网IP|内网IP', 'Mozilla/5.0 (Windows NT 10.0; Win64; x64; rv:88.0) Gecko/20100101 Firefox/88.0', '0', '', '2021-05-05 02:39:05');
INSERT INTO `sys_login_log` VALUES (691, 'admin', '0', '127.0.0.1', '0|0|0|内网IP|内网IP', 'Mozilla/5.0 (Windows NT 10.0; Win64; x64) AppleWebKit/537.36 (KHTML, like Gecko) Chrome/90.0.4430.93 Safari/537.36 Edg/90.0.818.51', '0', '', '2021-05-05 11:11:34');
INSERT INTO `sys_login_log` VALUES (692, 'admin', '0', '127.0.0.1', '0|0|0|内网IP|内网IP', 'Mozilla/5.0 (Windows NT 10.0; Win64; x64; rv:88.0) Gecko/20100101 Firefox/88.0', '0', '', '2021-05-05 11:15:20');
INSERT INTO `sys_login_log` VALUES (693, 'admin', '0', '127.0.0.1', '0|0|0|内网IP|内网IP', NULL, '0', '', '2021-05-05 11:24:09');

-- ----------------------------
-- Table structure for sys_menu
-- ----------------------------
DROP TABLE IF EXISTS `sys_menu`;
CREATE TABLE `sys_menu`  (
  `id` int NOT NULL AUTO_INCREMENT COMMENT '编号',
  `name` varchar(30) CHARACTER SET utf8 COLLATE utf8_general_ci NOT NULL COMMENT '菜单名称',
  `parent_id` int NULL DEFAULT NULL COMMENT '父菜单ID',
  `parent_ids` varchar(255) CHARACTER SET utf8 COLLATE utf8_general_ci NULL DEFAULT NULL COMMENT '父菜单IDS',
  `application_id` int NULL DEFAULT 1 COMMENT '应用编号',
  `type` char(1) CHARACTER SET utf8 COLLATE utf8_general_ci NULL DEFAULT NULL COMMENT '菜单类型 ',
  `path` varchar(128) CHARACTER SET utf8 COLLATE utf8_general_ci NULL DEFAULT NULL COMMENT '前端URL',
  `component` varchar(64) CHARACTER SET utf8 COLLATE utf8_general_ci NULL DEFAULT '#' COMMENT 'VUE页面',
  `perms` varchar(60) CHARACTER SET utf8 COLLATE utf8_general_ci NULL DEFAULT NULL COMMENT '菜单权限标识',
  `icon` varchar(60) CHARACTER SET utf8 COLLATE utf8_general_ci NULL DEFAULT NULL COMMENT '图标',
  `no_cache` char(1) CHARACTER SET utf8mb4 COLLATE utf8mb4_general_ci NULL DEFAULT '1' COMMENT '路由缓存',
  `sort` int NULL DEFAULT 1 COMMENT '排序值',
  `status` char(1) CHARACTER SET utf8 COLLATE utf8_general_ci NULL DEFAULT '0' COMMENT '菜单状态（0显示 1隐藏）',
  `create_by` varchar(30) CHARACTER SET utf8 COLLATE utf8_general_ci NULL DEFAULT NULL COMMENT '创建人',
  `create_time` datetime NULL DEFAULT CURRENT_TIMESTAMP COMMENT '创建时间',
  `update_by` varchar(30) CHARACTER SET utf8 COLLATE utf8_general_ci NULL DEFAULT NULL COMMENT '修改人',
  `update_time` datetime NULL DEFAULT NULL ON UPDATE CURRENT_TIMESTAMP COMMENT '修改时间',
  `remarks` varchar(255) CHARACTER SET utf8mb4 COLLATE utf8mb4_bin NULL DEFAULT NULL COMMENT '备注',
  `del_flag` char(1) CHARACTER SET utf8mb4 COLLATE utf8mb4_bin NULL DEFAULT '0' COMMENT '删除标识（0-正常,1-删除）',
  PRIMARY KEY (`id`) USING BTREE
) ENGINE = InnoDB AUTO_INCREMENT = 247 CHARACTER SET = utf8mb4 COLLATE = utf8mb4_general_ci ROW_FORMAT = DYNAMIC;

-- ----------------------------
-- Records of sys_menu
-- ----------------------------
INSERT INTO `sys_menu` VALUES (1, '系统管理', 0, NULL, 1, 'M', 'system', '#', '', 'system', '0', 1, '0', 'admin', '2019-03-16 11:33:00', 'admin', '2021-05-03 21:35:16', '系统管理模块', '0');
INSERT INTO `sys_menu` VALUES (2, '运维监控', 0, NULL, 2, 'M', 'monitor', '#', '', 'monitor', '0', 20, '0', 'admin', '2019-03-16 11:33:00', 'admin', '2021-05-03 21:34:44', '运维监控模块', '0');
INSERT INTO `sys_menu` VALUES (3, '开发工具', 0, NULL, 2, 'M', 'toolkit', '#', '', 'tool', '0', 30, '0', 'admin', '2019-03-16 11:33:00', 'admin', '2021-03-26 22:01:59', '开发工具模块', '0');
INSERT INTO `sys_menu` VALUES (4, '机构管理', 1, NULL, 1, 'C', 'dept', 'system/dept/index', '', 'tree', '0', 1, '0', NULL, '2020-03-13 19:31:20', NULL, '2020-03-14 20:55:41', NULL, '0');
INSERT INTO `sys_menu` VALUES (5, '角色管理', 1, NULL, 1, 'C', 'role', 'system/role/index', '', 'peoples', '0', 2, '0', NULL, '2020-03-13 19:32:09', NULL, '2020-03-16 22:11:57', NULL, '0');
INSERT INTO `sys_menu` VALUES (6, '用户管理', 1, NULL, 1, 'C', 'user', 'system/user/index', '', 'user', '0', 3, '0', NULL, '2020-03-13 19:32:30', NULL, '2020-03-16 22:11:59', NULL, '0');
INSERT INTO `sys_menu` VALUES (7, '菜单管理', 1, NULL, 1, 'C', 'menu', 'system/menu/index', '', 'tree-table', '0', 4, '0', NULL, '2020-03-13 19:33:24', NULL, '2020-03-16 22:12:01', NULL, '0');
INSERT INTO `sys_menu` VALUES (8, '机构新增', 4, NULL, 1, 'F', NULL, '#', 'dept_add', NULL, '0', 1, '0', NULL, '2020-03-12 20:42:47', NULL, '2020-03-16 20:42:51', NULL, '0');
INSERT INTO `sys_menu` VALUES (9, '机构修改', 4, NULL, 1, 'F', NULL, '#', 'dept_edit', NULL, '0', 2, '0', NULL, '2020-03-12 20:42:52', NULL, '2020-03-16 20:42:56', NULL, '0');
INSERT INTO `sys_menu` VALUES (10, '机构删除', 4, NULL, 1, 'F', NULL, '#', 'dept_del', NULL, '0', 3, '0', NULL, '2020-03-12 20:42:57', NULL, '2020-03-16 20:43:02', NULL, '0');
INSERT INTO `sys_menu` VALUES (11, '机构查看', 4, NULL, 1, 'F', NULL, '#', 'dept_view', NULL, '0', 4, '0', NULL, '2020-03-12 20:43:03', NULL, '2020-03-16 20:43:06', NULL, '0');
INSERT INTO `sys_menu` VALUES (12, '机构导入', 4, NULL, 1, 'F', NULL, '#', 'dept_import', NULL, '0', 5, '0', 'admin', '2020-03-16 20:40:08', 'admin', '2020-03-16 20:42:10', NULL, '0');
INSERT INTO `sys_menu` VALUES (13, '角色新增', 5, NULL, 1, 'F', NULL, '#', 'role_add', NULL, '0', 1, '0', 'admin', '2020-03-16 11:50:24', NULL, '2020-03-16 20:41:51', NULL, '0');
INSERT INTO `sys_menu` VALUES (14, '角色修改', 5, NULL, 1, 'F', NULL, '#', 'role_edit', NULL, '0', 2, '0', 'admin', '2020-03-16 11:51:05', NULL, '2020-03-16 20:41:44', NULL, '0');
INSERT INTO `sys_menu` VALUES (15, '角色删除', 5, NULL, 1, 'F', NULL, '#', 'role_del', NULL, '0', 3, '0', 'admin', '2020-03-16 11:51:21', NULL, '2020-03-16 20:41:41', NULL, '0');
INSERT INTO `sys_menu` VALUES (16, '角色查看', 5, NULL, 1, 'F', NULL, '#', 'role_view', NULL, '0', 4, '0', 'admin', '2020-03-16 11:51:40', NULL, '2020-03-16 20:41:37', NULL, '0');
INSERT INTO `sys_menu` VALUES (17, '数据权限', 5, NULL, 1, 'F', NULL, '#', 'role_data', NULL, '0', 5, '0', 'admin', '2020-03-16 12:15:50', NULL, '2020-03-16 20:41:34', NULL, '0');
INSERT INTO `sys_menu` VALUES (18, '用户添加', 6, NULL, 1, 'F', NULL, '#', 'user_add', NULL, '0', 1, '0', 'admin', '2020-03-16 20:31:15', NULL, '2020-03-16 20:41:31', NULL, '0');
INSERT INTO `sys_menu` VALUES (19, '用户修改', 6, NULL, 1, 'F', NULL, '#', 'user_edit', NULL, '0', 2, '0', 'admin', '2020-03-16 20:32:19', 'admin', '2020-03-16 20:41:28', NULL, '0');
INSERT INTO `sys_menu` VALUES (20, '用户删除', 6, NULL, 1, 'F', NULL, '#', 'user_del', NULL, '0', 3, '0', 'admin', '2020-03-16 20:32:41', NULL, '2020-03-16 20:41:25', NULL, '0');
INSERT INTO `sys_menu` VALUES (21, '用户查看', 6, NULL, 1, 'F', NULL, '#', 'user_view', NULL, '0', 4, '0', 'admin', '2020-03-16 20:33:11', NULL, '2020-03-16 20:41:20', NULL, '0');
INSERT INTO `sys_menu` VALUES (22, '重置密码', 6, NULL, 1, 'F', NULL, '#', 'user_reset', NULL, '0', 5, '0', 'admin', '2020-03-16 20:34:22', 'admin', '2020-03-16 20:41:17', NULL, '0');
INSERT INTO `sys_menu` VALUES (23, '用户导入', 6, NULL, 1, 'F', NULL, '#', 'user_import', NULL, '0', 6, '0', 'admin', '2020-03-16 20:34:49', NULL, '2020-03-16 20:41:14', NULL, '0');
INSERT INTO `sys_menu` VALUES (24, '用户导出', 6, NULL, 1, 'F', NULL, '#', 'user_export', NULL, '0', 7, '0', 'admin', '2020-03-16 20:35:12', NULL, '2020-03-16 20:41:12', NULL, '0');
INSERT INTO `sys_menu` VALUES (25, '菜单新增', 7, NULL, 1, 'F', NULL, '#', 'menu_add', NULL, '0', 1, '0', 'admin', '2020-03-16 20:38:18', NULL, '2020-03-16 20:41:10', NULL, '0');
INSERT INTO `sys_menu` VALUES (26, '菜单修改', 7, NULL, 1, 'F', NULL, '#', 'menu_edit', NULL, '0', 2, '0', 'admin', '2020-03-16 20:38:41', 'admin', '2020-03-16 20:41:07', NULL, '0');
INSERT INTO `sys_menu` VALUES (27, '菜单删除', 7, NULL, 1, 'F', NULL, '#', 'menu_del', NULL, '0', 3, '0', 'admin', '2020-03-16 20:39:04', NULL, '2020-03-16 20:41:04', NULL, '0');
INSERT INTO `sys_menu` VALUES (28, '菜单查看', 7, NULL, 1, 'F', NULL, '#', 'menu_view', NULL, '0', 4, '0', 'admin', '2020-03-16 20:39:39', NULL, '2020-03-16 20:41:01', NULL, '0');
INSERT INTO `sys_menu` VALUES (29, '字典管理', 1, '6', 1, 'C', 'dict', 'system/dict/index', '', 'dict', '0', 5, '0', 'admin', '2020-03-16 11:33:00', '', '2020-03-16 11:33:00', '字典管理菜单', '0');
INSERT INTO `sys_menu` VALUES (30, '字典新增', 29, NULL, 1, 'F', NULL, '#', 'dict_add', NULL, '0', 1, '0', 'admin', '2020-03-16 20:50:45', NULL, NULL, NULL, '0');
INSERT INTO `sys_menu` VALUES (31, '字典修改', 29, NULL, 1, 'F', NULL, '#', 'dict_edit', NULL, '0', 2, '0', 'admin', '2020-03-16 20:51:01', NULL, NULL, NULL, '0');
INSERT INTO `sys_menu` VALUES (32, '字典删除', 29, NULL, 1, 'F', NULL, '#', 'dict_del', NULL, '0', 3, '0', 'admin', '2020-03-16 20:52:18', NULL, NULL, NULL, '0');
INSERT INTO `sys_menu` VALUES (33, '字典查看', 29, NULL, 1, 'F', NULL, '#', 'dict_view', NULL, '0', 4, '0', 'admin', '2020-03-16 20:52:38', NULL, NULL, NULL, '0');
INSERT INTO `sys_menu` VALUES (34, '数据增加', 29, NULL, 1, 'F', NULL, '#', 'dictData_add', NULL, '0', 5, '0', 'admin', '2020-03-16 21:49:18', NULL, NULL, NULL, '0');
INSERT INTO `sys_menu` VALUES (35, '数据修改', 29, NULL, 1, 'F', NULL, '#', 'dictData_edit', NULL, '0', 6, '0', 'admin', '2020-03-16 21:49:36', NULL, NULL, NULL, '0');
INSERT INTO `sys_menu` VALUES (36, '数据删除', 29, NULL, 1, 'F', NULL, '#', 'dictData_del', NULL, '0', 7, '0', 'admin', '2020-03-16 21:50:00', NULL, NULL, NULL, '0');
INSERT INTO `sys_menu` VALUES (37, '数据查看', 29, NULL, 1, 'F', NULL, '#', 'dictData_view', NULL, '0', 8, '0', 'admin', '2020-03-16 21:50:19', NULL, NULL, NULL, '0');
INSERT INTO `sys_menu` VALUES (38, '参数管理', 1, NULL, 1, 'C', 'config', 'system/config/index', NULL, 'list', '0', 6, '0', 'admin', '2020-03-16 22:06:52', NULL, '2020-03-16 22:11:13', NULL, '0');
INSERT INTO `sys_menu` VALUES (39, '参数新增', 38, NULL, 1, 'F', NULL, '#', 'config_add', NULL, '0', 1, '0', 'admin', '2020-03-16 22:07:16', NULL, NULL, NULL, '0');
INSERT INTO `sys_menu` VALUES (40, '参数修改', 38, NULL, 1, 'F', NULL, '#', 'config_edit', NULL, '0', 2, '0', 'admin', '2020-03-16 22:07:30', NULL, NULL, NULL, '0');
INSERT INTO `sys_menu` VALUES (41, '参数删除', 38, NULL, 1, 'F', NULL, '#', 'config_del', NULL, '0', 3, '0', 'admin', '2020-03-16 22:07:43', NULL, NULL, NULL, '0');
INSERT INTO `sys_menu` VALUES (42, '参数查看', 38, NULL, 1, 'F', NULL, '#', 'config_view', NULL, '0', 4, '0', 'admin', '2020-03-16 22:08:06', NULL, NULL, NULL, '0');
INSERT INTO `sys_menu` VALUES (43, '快捷方式', 1, NULL, 1, 'C', 'shortcut', 'system/shortcut/index', NULL, 'link', '0', 7, '0', 'admin', '2020-03-17 17:53:08', NULL, NULL, NULL, '0');
INSERT INTO `sys_menu` VALUES (44, '文件管理', 1, NULL, 1, 'C', 'fileInfo', 'system/fileInfo/index', NULL, 'zip', '0', 8, '0', 'admin', '2020-03-17 17:56:28', 'admin', '2020-03-20 22:33:35', NULL, '0');
INSERT INTO `sys_menu` VALUES (45, '终端管理', 1, NULL, 1, 'C', 'clientDetails', 'system/clientDetails/index', NULL, 'phone', '0', 9, '0', 'admin', '2020-03-17 17:57:46', NULL, NULL, NULL, '0');
INSERT INTO `sys_menu` VALUES (46, '数据备份', 1, NULL, 1, 'C', 'backup', 'system/backup/index', NULL, 'date-range', '0', 11, '0', 'admin', '2020-03-17 18:02:21', NULL, '2020-03-18 22:20:28', NULL, '0');
INSERT INTO `sys_menu` VALUES (47, '令牌管理', 2, NULL, 1, 'C', 'token', 'monitor/token/index', NULL, 'post', '0', 1, '0', 'admin', '2020-03-17 17:59:55', 'admin', '2020-05-10 22:32:05', NULL, '0');
INSERT INTO `sys_menu` VALUES (48, '定时任务', 2, NULL, 1, 'C', 'job', 'monitor/job/index', NULL, 'time-range', '0', 2, '0', 'admin', '2020-03-17 18:08:23', NULL, '2020-03-18 22:20:23', NULL, '0');
INSERT INTO `sys_menu` VALUES (49, '数据监控', 2, NULL, 1, 'C', 'druid', 'monitor/druid/index', NULL, 'druid', '0', 3, '0', 'admin', '2020-03-17 18:08:56', NULL, '2020-03-20 18:53:07', NULL, '0');
INSERT INTO `sys_menu` VALUES (50, '服务监控', 2, NULL, 1, 'C', 'server', 'monitor/server/index', NULL, 'server', '0', 4, '0', 'admin', '2020-03-17 18:09:39', 'admin', '2020-03-20 19:23:24', NULL, '0');
INSERT INTO `sys_menu` VALUES (51, 'API监控', 2, NULL, 1, 'C', 'apiStat', 'monitor/apiStat/index', 'apiStat_view', 'chart', '0', 6, '0', 'admin', '2020-03-17 18:15:13', 'admin', '2020-05-17 16:48:20', NULL, '0');
INSERT INTO `sys_menu` VALUES (52, '日志监控', 2, NULL, 1, 'M', 'log', '#', NULL, 'monitor', '0', 7, '0', 'admin', '2020-03-17 18:12:01', NULL, '2020-05-17 16:48:23', NULL, '0');
INSERT INTO `sys_menu` VALUES (53, '登录日志', 52, NULL, 1, 'C', 'loginLog', 'monitor/loginLog/index', NULL, 'logininfor', '0', 1, '0', 'admin', '2020-03-17 18:12:56', NULL, '2020-03-18 22:31:53', NULL, '0');
INSERT INTO `sys_menu` VALUES (54, '操作日志', 52, NULL, 1, 'C', 'operLog', 'monitor/operLog/index', NULL, 'log', '0', 2, '0', 'admin', '2020-03-17 18:13:52', 'admin', '2020-03-18 22:31:36', NULL, '0');
INSERT INTO `sys_menu` VALUES (55, '接口文档', 3, NULL, 2, 'C', 'swagger', 'toolkit/swagger/index', NULL, 'swagger', '0', 4, '0', 'admin', '2020-03-17 18:18:38', 'admin', '2021-03-26 21:59:08', NULL, '0');
INSERT INTO `sys_menu` VALUES (56, '模板管理', 3, NULL, 2, 'M', 'template', '#', NULL, 'drag', '0', 5, '0', 'admin', '2020-03-17 18:19:52', 'admin', '2021-03-26 21:59:08', NULL, '1');
INSERT INTO `sys_menu` VALUES (57, '表单构建', 3, NULL, 2, 'C', 'build', 'toolkit/build/index', NULL, 'form', '0', 6, '0', 'admin', '2020-03-17 18:21:32', 'admin', '2021-03-27 09:12:17', NULL, '1');
INSERT INTO `sys_menu` VALUES (58, '工作流', 0, NULL, 1, 'M', 'activiti', '#', NULL, 'skill', '1', 4, '0', 'admin', '2020-03-17 18:22:36', 'admin', '2021-05-03 21:34:31', NULL, '0');
INSERT INTO `sys_menu` VALUES (59, '终端新增', 45, NULL, 1, 'F', NULL, '#', 'clientDetails_add', NULL, '0', 1, '0', 'admin', '2020-03-18 15:18:36', NULL, NULL, NULL, '0');
INSERT INTO `sys_menu` VALUES (60, '终端修改', 45, NULL, 1, 'F', NULL, '#', 'clientDetails_edit', NULL, '0', 2, '0', 'admin', '2020-03-18 15:18:53', NULL, NULL, NULL, '0');
INSERT INTO `sys_menu` VALUES (61, '终端删除', 45, NULL, 1, 'F', NULL, '#', 'clientDetails_del', NULL, '0', 3, '0', 'admin', '2020-03-18 15:19:06', NULL, NULL, NULL, '0');
INSERT INTO `sys_menu` VALUES (62, '终端查看', 45, NULL, 1, 'F', NULL, '#', 'clientDetails_view', NULL, '0', 4, '0', 'admin', '2020-03-18 15:19:29', NULL, NULL, NULL, '0');
INSERT INTO `sys_menu` VALUES (63, '登录日志删除', 53, NULL, 1, 'F', NULL, '#', 'loginLog_del', NULL, '0', 1, '0', 'admin', '2020-03-19 11:50:34', NULL, NULL, NULL, '0');
INSERT INTO `sys_menu` VALUES (64, '登录日志查看', 53, NULL, 1, 'F', NULL, '#', 'loginLog_view', NULL, '0', 2, '0', 'admin', '2020-03-19 11:50:59', NULL, NULL, NULL, '0');
INSERT INTO `sys_menu` VALUES (65, '登录日志导出', 53, NULL, 1, 'F', NULL, '#', 'loginLog_export', NULL, '0', 3, '0', 'admin', '2020-03-19 11:52:05', NULL, NULL, NULL, '0');
INSERT INTO `sys_menu` VALUES (66, '操作日志删除', 54, NULL, 1, 'F', NULL, '#', 'operLog_del', NULL, '0', 1, '0', 'admin', '2020-03-19 11:52:25', NULL, NULL, NULL, '0');
INSERT INTO `sys_menu` VALUES (67, '操作日志查看', 54, NULL, 1, 'F', NULL, '#', 'operLog_view', NULL, '0', 2, '0', 'admin', '2020-03-19 11:52:45', NULL, NULL, NULL, '0');
INSERT INTO `sys_menu` VALUES (68, '操作日志导出', 54, NULL, 1, 'F', NULL, '#', 'operLog_export', NULL, '0', 3, '0', 'admin', '2020-03-19 11:53:09', NULL, NULL, NULL, '0');
INSERT INTO `sys_menu` VALUES (69, '备份新增', 46, NULL, 1, 'F', NULL, '#', 'backup_add', NULL, '0', 1, '0', 'admin', '2020-03-20 21:59:58', NULL, NULL, NULL, '0');
INSERT INTO `sys_menu` VALUES (70, '备份还原', 46, NULL, 1, 'F', NULL, '#', 'backup_restore', NULL, '0', 2, '0', 'admin', '2020-03-20 22:00:23', NULL, NULL, NULL, '0');
INSERT INTO `sys_menu` VALUES (71, '备份删除', 46, NULL, 1, 'F', NULL, '#', 'backup_del', NULL, '0', 3, '0', 'admin', '2020-03-20 22:00:41', NULL, NULL, NULL, '0');
INSERT INTO `sys_menu` VALUES (72, '备份查看', 46, NULL, 1, 'F', NULL, '#', 'backup_view', NULL, '0', 4, '0', 'admin', '2020-03-20 22:44:05', NULL, '2020-03-20 22:44:39', NULL, '0');
INSERT INTO `sys_menu` VALUES (73, '文件上传', 44, NULL, 1, 'F', NULL, '#', 'fileInfo_add', NULL, '0', 1, '0', 'admin', '2020-03-20 22:41:42', NULL, '2020-03-20 22:44:35', NULL, '0');
INSERT INTO `sys_menu` VALUES (74, '文件启用', 44, NULL, 1, 'F', NULL, '#', 'fileInfo_edit', NULL, '0', 2, '0', 'admin', '2020-03-20 22:42:07', 'admin', '2020-03-20 22:44:32', NULL, '0');
INSERT INTO `sys_menu` VALUES (75, '文件删除', 44, NULL, 1, 'F', NULL, '#', 'fileInfo_del', NULL, '0', 3, '0', 'admin', '2020-03-20 22:42:30', NULL, '2020-03-20 22:44:29', NULL, '0');
INSERT INTO `sys_menu` VALUES (76, '文件查看', 44, NULL, 1, 'F', NULL, '#', 'fileInfo_view', NULL, '0', 4, '0', 'admin', '2020-03-20 22:43:06', NULL, '2020-03-20 22:44:26', NULL, '0');
INSERT INTO `sys_menu` VALUES (77, '文件分享', 44, NULL, 1, 'F', NULL, '#', 'fileInfo_share', NULL, '0', 5, '0', 'admin', '2020-03-20 22:43:37', 'admin', '2020-03-20 22:44:23', NULL, '0');
INSERT INTO `sys_menu` VALUES (78, '数据库管理', 3, NULL, 2, 'C', 'datasource', 'toolkit/datasource/index', NULL, 'druid', '0', 1, '0', 'admin', '2020-03-21 11:05:47', 'admin', '2021-03-26 21:59:08', NULL, '0');
INSERT INTO `sys_menu` VALUES (79, '数据表管理', 3, NULL, 2, 'C', 'datatable', 'toolkit/datatable/index', NULL, 'table', '0', 2, '0', 'admin', '2020-03-21 11:07:23', 'admin', '2021-03-26 21:59:08', NULL, '0');
INSERT INTO `sys_menu` VALUES (81, '数据库新增', 78, NULL, 1, 'F', NULL, '#', 'datasource_add', NULL, '0', 1, '0', 'admin', '2020-03-21 11:27:26', NULL, NULL, NULL, '0');
INSERT INTO `sys_menu` VALUES (82, '数据库修改', 78, NULL, 1, 'F', NULL, '#', 'datasource_edit', NULL, '0', 2, '0', 'admin', '2020-03-21 11:27:46', NULL, NULL, NULL, '0');
INSERT INTO `sys_menu` VALUES (83, '数据库删除', 78, NULL, 1, 'F', NULL, '#', 'datasource_del', NULL, '0', 3, '0', 'admin', '2020-03-21 11:27:59', NULL, NULL, NULL, '0');
INSERT INTO `sys_menu` VALUES (84, '数据库查看', 78, NULL, 1, 'F', NULL, '#', 'datasource_view', NULL, '0', 4, '0', 'admin', '2020-03-21 11:28:11', NULL, NULL, NULL, '0');
INSERT INTO `sys_menu` VALUES (85, '模型管理', 58, NULL, 1, 'C', 'model', 'activiti/model/index', NULL, 'edit', '1', 1, '0', 'admin', '2020-03-24 12:48:54', NULL, NULL, NULL, '0');
INSERT INTO `sys_menu` VALUES (86, '模型新增', 85, NULL, 1, 'F', NULL, '#', 'model_add', NULL, '1', 1, '0', 'admin', '2020-03-24 12:52:47', NULL, NULL, NULL, '0');
INSERT INTO `sys_menu` VALUES (87, '模型删除', 85, NULL, 1, 'F', NULL, '#', 'model_del', NULL, '1', 2, '0', 'admin', '2020-03-24 12:53:43', NULL, NULL, NULL, '0');
INSERT INTO `sys_menu` VALUES (88, '模型查看', 85, NULL, 1, 'F', NULL, '#', 'model_view', NULL, '1', 3, '0', 'admin', '2020-03-24 12:53:56', NULL, NULL, NULL, '0');
INSERT INTO `sys_menu` VALUES (89, '模型部署', 85, NULL, 1, 'F', NULL, '#', 'model_deploy', NULL, '1', 4, '0', 'admin', '2020-03-24 12:54:19', NULL, NULL, NULL, '0');
INSERT INTO `sys_menu` VALUES (90, '表新增', 79, NULL, 1, 'F', NULL, '#', 'datatable_add', NULL, '0', 1, '0', 'admin', '2020-03-25 14:59:45', 'admin', '2020-03-25 15:00:14', NULL, '0');
INSERT INTO `sys_menu` VALUES (91, '表修改', 79, NULL, 1, 'F', NULL, '#', 'datatable_edit', NULL, '0', 2, '0', 'admin', '2020-03-25 15:00:31', NULL, NULL, NULL, '0');
INSERT INTO `sys_menu` VALUES (92, '表删除', 79, NULL, 1, 'F', NULL, '#', 'datatable_del', NULL, '0', 3, '0', 'admin', '2020-03-25 15:00:49', NULL, NULL, NULL, '0');
INSERT INTO `sys_menu` VALUES (93, '表查看', 79, NULL, 1, 'F', NULL, '#', 'datatable_view', NULL, '0', 4, '0', 'admin', '2020-03-25 15:01:06', NULL, NULL, NULL, '0');
INSERT INTO `sys_menu` VALUES (94, '表配置', 79, NULL, 1, 'F', NULL, '#', 'datatable_config', NULL, '0', 5, '0', 'admin', '2020-03-25 15:02:39', NULL, NULL, NULL, '0');
INSERT INTO `sys_menu` VALUES (95, '代码生成', 79, NULL, 1, 'F', NULL, '#', 'datatable_gen', NULL, '0', 6, '0', 'admin', '2020-03-25 15:03:06', NULL, NULL, NULL, '0');
INSERT INTO `sys_menu` VALUES (96, '任务新增', 48, NULL, 1, 'F', NULL, '#', 'job_add', NULL, '0', 1, '0', 'admin', '2020-03-26 15:34:44', NULL, NULL, NULL, '0');
INSERT INTO `sys_menu` VALUES (97, '任务编辑', 48, NULL, 1, 'F', NULL, '#', 'job_edit', NULL, '0', 2, '0', 'admin', '2020-03-26 15:34:59', NULL, NULL, NULL, '0');
INSERT INTO `sys_menu` VALUES (98, '任务删除', 48, NULL, 1, 'F', NULL, '#', 'job_del', NULL, '0', 3, '0', 'admin', '2020-03-26 15:35:17', NULL, NULL, NULL, '0');
INSERT INTO `sys_menu` VALUES (99, '任务查看', 48, NULL, 1, 'F', NULL, '#', 'job_view', NULL, '0', 4, '0', 'admin', '2020-03-26 15:35:32', NULL, NULL, NULL, '0');
INSERT INTO `sys_menu` VALUES (100, '任务暂定', 48, NULL, 1, 'F', NULL, '#', 'job_stop', NULL, '0', 5, '0', 'admin', '2020-03-26 15:37:16', NULL, NULL, NULL, '0');
INSERT INTO `sys_menu` VALUES (101, '任务启动', 48, NULL, 1, 'F', NULL, '#', 'job_start', NULL, '0', 6, '0', 'admin', '2020-03-26 15:37:35', NULL, NULL, NULL, '0');
INSERT INTO `sys_menu` VALUES (102, '任务重置', 48, NULL, 1, 'F', NULL, '#', 'job_refresh', NULL, '0', 7, '0', 'admin', '2020-03-26 15:37:56', NULL, NULL, NULL, '0');
INSERT INTO `sys_menu` VALUES (103, '任务日志查看', 48, NULL, 1, 'F', NULL, '#', 'jobLog_view', NULL, '0', 8, '0', 'admin', '2020-03-26 15:38:19', 'admin', '2020-03-26 15:38:35', NULL, '0');
INSERT INTO `sys_menu` VALUES (104, '任务日志删除', 48, NULL, 1, 'F', NULL, '#', 'jobLog_del', NULL, '0', 9, '0', 'admin', '2020-03-26 15:38:51', NULL, NULL, NULL, '0');
INSERT INTO `sys_menu` VALUES (105, '快捷方式新增', 43, NULL, 1, 'F', NULL, '#', 'shortcut_add', NULL, '0', 1, '0', 'admin', '2020-03-27 09:44:13', NULL, NULL, NULL, '0');
INSERT INTO `sys_menu` VALUES (106, '快捷方式修改', 43, NULL, 1, 'F', NULL, '#', 'shortcut_edit', NULL, '0', 2, '0', 'admin', '2020-03-27 09:44:36', NULL, NULL, NULL, '0');
INSERT INTO `sys_menu` VALUES (107, '快捷方式删除', 43, NULL, 1, 'F', NULL, '#', 'shortcut_del', NULL, '0', 3, '0', 'admin', '2020-03-27 09:44:57', NULL, NULL, NULL, '0');
INSERT INTO `sys_menu` VALUES (108, '快捷方式查看', 43, NULL, 1, 'F', NULL, '#', 'shortcut_view', NULL, '0', 4, '0', 'admin', '2020-03-27 09:45:16', NULL, NULL, NULL, '0');
INSERT INTO `sys_menu` VALUES (109, '数据源管理', 3, NULL, 2, 'C', 'dataset', 'toolkit/dataset/index', NULL, 'star', '1', 2, '0', 'admin', '2020-02-02 00:00:00', 'admin', '2021-03-26 22:17:28', '数据源菜单', '0');
INSERT INTO `sys_menu` VALUES (110, '数据源新增', 109, NULL, 1, 'F', NULL, '#', 'dataset_add', '#', '1', 1, '0', 'admin', '2020-02-02 00:00:00', 'admin', '2020-02-02 00:00:00', NULL, '0');
INSERT INTO `sys_menu` VALUES (111, '数据源修改', 109, NULL, 1, 'F', NULL, '#', 'dataset_edit', '#', '1', 2, '0', 'admin', '2020-02-02 00:00:00', 'admin', '2020-02-02 00:00:00', NULL, '0');
INSERT INTO `sys_menu` VALUES (112, '数据源删除', 109, NULL, 1, 'F', NULL, '#', 'dataset_del', '#', '1', 3, '0', 'admin', '2020-02-02 00:00:00', 'admin', '2020-02-02 00:00:00', NULL, '0');
INSERT INTO `sys_menu` VALUES (113, '数据源查询', 109, NULL, 1, 'F', NULL, '#', 'dataset_view', '#', '1', 4, '0', 'admin', '2020-02-02 00:00:00', 'admin', '2020-02-02 00:00:00', NULL, '0');
INSERT INTO `sys_menu` VALUES (114, '数据源导出', 109, NULL, 1, 'F', NULL, '#', 'dataset_export', '#', '1', 5, '0', 'admin', '2020-02-02 00:00:00', 'admin', '2020-02-02 00:00:00', NULL, '0');
INSERT INTO `sys_menu` VALUES (121, '流程定义', 58, NULL, 1, 'C', 'process', 'activiti/process/index', NULL, 'list', '0', 2, '0', 'admin', '2020-04-04 22:33:12', NULL, NULL, NULL, '0');
INSERT INTO `sys_menu` VALUES (122, '模型设计', 85, NULL, 1, 'F', NULL, '#', 'model_design', NULL, '0', 4, '0', 'admin', '2020-04-04 22:36:13', NULL, NULL, NULL, '0');
INSERT INTO `sys_menu` VALUES (123, '流程图', 121, NULL, 1, 'F', NULL, '#', 'process_img', NULL, '0', 1, '0', 'admin', '2020-04-04 22:49:07', NULL, NULL, NULL, '0');
INSERT INTO `sys_menu` VALUES (124, '流程状态改变', 121, NULL, 1, 'F', NULL, '#', 'process_change', NULL, '0', 2, '0', 'admin', '2020-04-04 22:49:46', NULL, '2020-04-05 00:40:17', NULL, '0');
INSERT INTO `sys_menu` VALUES (125, '流程删除', 121, NULL, 1, 'F', NULL, '#', 'process_del', NULL, '0', 3, '0', 'admin', '2020-04-04 22:50:05', NULL, NULL, NULL, '0');
INSERT INTO `sys_menu` VALUES (126, '流程查看', 121, NULL, 1, 'F', NULL, '#', 'process_view', NULL, '0', 4, '0', 'admin', '2020-04-04 22:50:30', 'admin', '2020-04-04 22:50:35', NULL, '0');
INSERT INTO `sys_menu` VALUES (127, '请假管理', 58, NULL, 1, 'C', 'leave', 'activiti/leave/index', NULL, 'tree-table', '0', 3, '0', 'admin', '2020-04-04 22:51:56', NULL, NULL, NULL, '0');
INSERT INTO `sys_menu` VALUES (128, '请假新增', 127, NULL, 1, 'F', NULL, '#', 'leave_add', NULL, '0', 1, '0', 'admin', '2020-04-04 22:52:44', NULL, NULL, NULL, '0');
INSERT INTO `sys_menu` VALUES (129, '请假修改', 127, NULL, 1, 'F', NULL, '#', 'leave_edit', NULL, '0', 2, '0', 'admin', '2020-04-04 22:53:01', NULL, NULL, NULL, '0');
INSERT INTO `sys_menu` VALUES (130, '请假删除', 127, NULL, 1, 'F', NULL, '#', 'leave_del', NULL, '0', 3, '0', 'admin', '2020-04-04 22:53:13', NULL, NULL, NULL, '0');
INSERT INTO `sys_menu` VALUES (131, '请假查看', 127, NULL, 1, 'F', NULL, '#', 'leave_view', NULL, '0', 4, '0', 'admin', '2020-04-04 22:53:26', NULL, NULL, NULL, '0');
INSERT INTO `sys_menu` VALUES (132, '请假导出', 127, NULL, 1, 'F', NULL, '#', 'leave_export', NULL, '0', 5, '0', 'admin', '2020-04-04 22:53:45', NULL, NULL, NULL, '0');
INSERT INTO `sys_menu` VALUES (133, '流程任务', 58, NULL, 1, 'C', 'task', 'activiti/task/index', NULL, 'checkbox', '0', 4, '0', 'admin', '2020-04-04 22:55:03', NULL, '2020-04-12 16:27:31', NULL, '0');
INSERT INTO `sys_menu` VALUES (134, '审批', 133, NULL, 1, 'F', NULL, '#', 'task_check', NULL, '0', 1, '0', 'admin', '2020-04-04 22:56:31', 'admin', '2020-04-12 16:27:33', NULL, '0');
INSERT INTO `sys_menu` VALUES (135, '批注', 133, NULL, 1, 'F', NULL, '#', 'task_comment', NULL, '0', 2, '0', 'admin', '2020-04-04 22:56:46', 'admin', '2020-04-12 16:19:54', NULL, '0');
INSERT INTO `sys_menu` VALUES (136, '流程追踪', 133, NULL, 1, 'F', NULL, '#', 'task_track', NULL, '0', 3, '0', 'admin', '2020-04-04 22:57:19', 'admin', '2020-04-05 13:04:51', NULL, '0');
INSERT INTO `sys_menu` VALUES (137, '任务查看', 133, NULL, 1, 'F', NULL, '#', 'task_view', NULL, '0', 4, '0', 'admin', '2020-04-04 22:57:19', 'admin', '2020-04-05 13:04:59', NULL, '0');
INSERT INTO `sys_menu` VALUES (138, '模板新增', 56, NULL, 1, 'F', NULL, '#', 'template_add', NULL, '1', 1, '0', 'admin', '2020-04-12 16:28:51', NULL, '2020-12-11 23:10:15', NULL, '1');
INSERT INTO `sys_menu` VALUES (139, '应用管理', 1, NULL, 1, 'C', 'application', 'system/application/index', NULL, 'tool', '1', 0, '0', 'admin', '2020-04-23 18:35:21', NULL, NULL, NULL, '0');
INSERT INTO `sys_menu` VALUES (140, '应用新增', 139, NULL, 1, 'F', NULL, '#', 'application_add', '#', '1', 1, '0', 'admin', '2020-02-02 00:00:00', 'admin', '2020-02-02 00:00:00', NULL, '0');
INSERT INTO `sys_menu` VALUES (141, '应用修改', 139, NULL, 1, 'F', NULL, '#', 'application_edit', '#', '1', 2, '0', 'admin', '2020-02-02 00:00:00', 'admin', '2020-02-02 00:00:00', NULL, '0');
INSERT INTO `sys_menu` VALUES (142, '应用删除', 139, NULL, 1, 'F', NULL, '#', 'application_del', '#', '1', 3, '0', 'admin', '2020-02-02 00:00:00', 'admin', '2020-02-02 00:00:00', NULL, '0');
INSERT INTO `sys_menu` VALUES (143, '应用查询', 139, NULL, 1, 'F', NULL, '#', 'application_view', '#', '1', 4, '0', 'admin', '2020-02-02 00:00:00', 'admin', '2020-02-02 00:00:00', NULL, '0');
INSERT INTO `sys_menu` VALUES (144, '应用导出', 139, NULL, 1, 'F', NULL, '#', 'application_export', '#', '1', 5, '0', 'admin', '2020-02-02 00:00:00', 'admin', '2020-02-02 00:00:00', NULL, '0');
INSERT INTO `sys_menu` VALUES (145, 'redis监控', 2, NULL, 1, 'C', 'redis', 'monitor/redis/index', NULL, 'component', '1', 5, '0', 'admin', '2020-04-24 22:26:31', 'admin', '2020-05-17 16:49:59', NULL, '0');
INSERT INTO `sys_menu` VALUES (146, '接口构建', 3, NULL, 2, 'C', 'apiinfo', 'toolkit/apiinfo/index', NULL, 'star', '1', 5, '0', 'admin', '2020-02-02 00:00:00', 'admin', '2021-03-26 21:59:08', '接口菜单', '0');
INSERT INTO `sys_menu` VALUES (147, '接口新增', 146, NULL, 1, 'F', NULL, '#', 'apiinfo_add', '#', '1', 1, '0', 'admin', '2020-02-02 00:00:00', 'admin', '2020-02-02 00:00:00', NULL, '0');
INSERT INTO `sys_menu` VALUES (148, '接口修改', 146, NULL, 1, 'F', NULL, '#', 'apiinfo_edit', '#', '1', 2, '0', 'admin', '2020-02-02 00:00:00', 'admin', '2020-02-02 00:00:00', NULL, '0');
INSERT INTO `sys_menu` VALUES (149, '接口删除', 146, NULL, 1, 'F', NULL, '#', 'apiinfo_del', '#', '1', 3, '0', 'admin', '2020-02-02 00:00:00', 'admin', '2020-02-02 00:00:00', NULL, '0');
INSERT INTO `sys_menu` VALUES (150, '接口查询', 146, NULL, 1, 'F', NULL, '#', 'apiinfo_view', '#', '1', 4, '0', 'admin', '2020-02-02 00:00:00', 'admin', '2020-02-02 00:00:00', NULL, '0');
INSERT INTO `sys_menu` VALUES (151, '接口导出', 146, NULL, 1, 'F', NULL, '#', 'apiinfo_export', '#', '1', 5, '0', 'admin', '2020-02-02 00:00:00', 'admin', '2020-02-02 00:00:00', NULL, '0');
INSERT INTO `sys_menu` VALUES (159, '令牌删除', 47, NULL, 1, 'F', NULL, '#', 'token_del', NULL, '1', 1, '0', 'admin', '2020-04-21 12:28:59', NULL, NULL, NULL, '0');
INSERT INTO `sys_menu` VALUES (160, '令牌查看', 47, NULL, 1, 'F', NULL, '#', 'token_view', NULL, '1', 2, '0', 'admin', '2020-04-21 12:29:19', NULL, NULL, NULL, '0');
INSERT INTO `sys_menu` VALUES (229, '表单管理', 3, NULL, 1, 'C', 'form', 'toolkit/form/index', '', 'build', '1', 3, '0', 'admin', '2020-02-02 00:00:00', 'admin', '2021-03-27 09:12:41', '表单管理菜单', '0');
INSERT INTO `sys_menu` VALUES (230, '表单管理新增', 229, NULL, 1, 'F', '', '#', 'form_add', '#', '1', 1, '0', 'admin', '2020-02-02 00:00:00', 'admin', '2020-02-02 00:00:00', '', '0');
INSERT INTO `sys_menu` VALUES (231, '表单管理修改', 229, NULL, 1, 'F', '', '#', 'form_edit', '#', '1', 2, '0', 'admin', '2020-02-02 00:00:00', 'admin', '2020-02-02 00:00:00', '', '0');
INSERT INTO `sys_menu` VALUES (232, '表单管理删除', 229, NULL, 1, 'F', '', '#', 'form_del', '#', '1', 3, '0', 'admin', '2020-02-02 00:00:00', 'admin', '2020-02-02 00:00:00', '', '0');
INSERT INTO `sys_menu` VALUES (233, '表单管理查询', 229, NULL, 1, 'F', '', '#', 'form_view', '#', '1', 4, '0', 'admin', '2020-02-02 00:00:00', 'admin', '2020-02-02 00:00:00', '', '0');
INSERT INTO `sys_menu` VALUES (234, '表单管理导出', 229, NULL, 1, 'F', '', '#', 'form_export', '#', '1', 5, '0', 'admin', '2020-02-02 00:00:00', 'admin', '2020-02-02 00:00:00', '', '0');
INSERT INTO `sys_menu` VALUES (235, '表单设计', 229, NULL, 2, 'F', NULL, '#', 'form_design', NULL, '1', 6, '0', 'admin', '2021-03-26 23:33:55', NULL, NULL, NULL, '0');
INSERT INTO `sys_menu` VALUES (236, '智能化配置', 0, NULL, 2, 'M', 'intelligent', '#', NULL, 'intelligent', '1', 40, '0', 'admin', '2021-03-30 04:58:39', 'admin', '2021-03-30 04:58:52', NULL, '0');
INSERT INTO `sys_menu` VALUES (237, '控件大管家', 236, NULL, 2, 'C', 'steward', 'intelligent/controlSteward/index', NULL, 'controls', '1', 1, '0', 'admin', '2021-03-30 05:07:43', 'admin', '2021-03-30 05:08:12', NULL, '0');
INSERT INTO `sys_menu` VALUES (238, '表单扩展模板', 236, NULL, 2, 'C', 'formExtend', 'intelligent/formExtend/index', NULL, 'template', '1', 2, '0', 'admin', '2021-03-30 05:09:20', NULL, NULL, NULL, '0');
INSERT INTO `sys_menu` VALUES (239, '表单扩展模板查看', 238, NULL, 2, 'F', NULL, '#', 'form_extend_view', NULL, '1', 1, '0', 'admin', '2021-03-30 05:10:24', 'admin', '2021-03-30 05:11:19', NULL, '0');
INSERT INTO `sys_menu` VALUES (240, '表单扩展模板新增', 238, NULL, 1, 'F', NULL, '#', 'form_extend_add', NULL, '1', 2, '0', 'admin', '2021-03-30 05:11:07', NULL, NULL, NULL, '0');
INSERT INTO `sys_menu` VALUES (241, '表单扩展模板编辑', 238, NULL, 2, 'F', '表单扩展模板编辑', '#', 'form_extend_edit', NULL, '1', 3, '0', 'admin', '2021-03-30 05:11:58', NULL, NULL, NULL, '0');
INSERT INTO `sys_menu` VALUES (242, '表单扩展模板删除', 238, NULL, 2, 'F', NULL, '#', 'form_extend_del', NULL, '1', 4, '0', 'admin', '2021-03-30 05:12:18', NULL, NULL, NULL, '0');
INSERT INTO `sys_menu` VALUES (243, '表单集成案例', 236, NULL, 1, 'C', 'demoUser', 'intelligent/demoUser/index', NULL, 'demo', '1', 3, '0', 'admin', '2021-03-30 05:13:37', NULL, NULL, NULL, '0');
INSERT INTO `sys_menu` VALUES (244, '设计模板', 238, NULL, 2, 'F', NULL, '#', 'form_extend_design', NULL, '1', 5, '0', 'admin', '2021-03-30 05:21:32', NULL, NULL, NULL, '0');
INSERT INTO `sys_menu` VALUES (245, '我发起流程', 58, NULL, 2, 'C', 'iInitiatedProcess', 'activiti/iInitiatedProcess/index', NULL, 'initiate', '1', 0, '0', '小狗', '2021-04-14 19:28:25', '小狗', '2021-04-14 19:28:54', NULL, '0');
INSERT INTO `sys_menu` VALUES (246, '表单引擎', 58, NULL, 2, 'C', 'formActivitiEngine', 'activiti/formActivitiEngine/index', NULL, 'form', '1', 0, '0', '小狗', '2021-04-19 23:26:38', '小狗', '2021-04-19 23:26:59', NULL, '0');

-- ----------------------------
-- Table structure for sys_oper_log
-- ----------------------------
DROP TABLE IF EXISTS `sys_oper_log`;
CREATE TABLE `sys_oper_log`  (
  `id` int NOT NULL AUTO_INCREMENT COMMENT '日志编号',
  `type` varchar(10) CHARACTER SET utf8 COLLATE utf8_general_ci NULL DEFAULT '1' COMMENT '日志类型',
  `title` varchar(255) CHARACTER SET utf8 COLLATE utf8_general_ci NULL DEFAULT '' COMMENT '日志标题',
  `method` varchar(100) CHARACTER SET utf8mb4 COLLATE utf8mb4_general_ci NULL DEFAULT '' COMMENT '方法名称',
  `user_agent` text CHARACTER SET utf8 COLLATE utf8_general_ci NULL COMMENT '用户代理',
  `oper_name` varchar(50) CHARACTER SET utf8mb4 COLLATE utf8mb4_general_ci NULL DEFAULT '' COMMENT '操作人员',
  `client_id` varchar(50) CHARACTER SET utf8mb4 COLLATE utf8mb4_general_ci NULL DEFAULT '' COMMENT '终端',
  `oper_url` varchar(255) CHARACTER SET utf8mb4 COLLATE utf8mb4_general_ci NULL DEFAULT '' COMMENT '请求URL',
  `oper_ip` varchar(50) CHARACTER SET utf8mb4 COLLATE utf8mb4_general_ci NULL DEFAULT '' COMMENT '主机地址',
  `oper_addr` varchar(255) CHARACTER SET utf8mb4 COLLATE utf8mb4_general_ci NULL DEFAULT '' COMMENT '操作地点',
  `oper_param` text CHARACTER SET utf8mb4 COLLATE utf8mb4_general_ci NULL COMMENT '请求参数',
  `status` int NULL DEFAULT 0 COMMENT '操作状态（0正常 1异常）',
  `error_msg` text CHARACTER SET utf8mb4 COLLATE utf8mb4_general_ci NULL COMMENT '错误消息',
  `execute_time` varchar(20) CHARACTER SET utf8mb4 COLLATE utf8mb4_general_ci NULL DEFAULT NULL COMMENT '执行时间',
  `oper_time` datetime NULL DEFAULT NULL COMMENT '操作时间',
  PRIMARY KEY (`id`) USING BTREE
) ENGINE = InnoDB AUTO_INCREMENT = 1816 CHARACTER SET = utf8 COLLATE = utf8_general_ci ROW_FORMAT = DYNAMIC;

-- ----------------------------
-- Records of sys_oper_log
-- ----------------------------
INSERT INTO `sys_oper_log` VALUES (1817, '1', '数据源列表', 'GET', 'Mozilla/5.0 (Windows NT 10.0; Win64; x64; rv:88.0) Gecko/20100101 Firefox/88.0', 'admin', 'webApp', '/toolkit/dataset/list', '127.0.0.1', '0|0|0|内网IP|内网IP', 'current=%5B1%5D&size=%5B10%5D&beginTime=%5B%5D&endTime=%5B%5D', 0, '', '68376', '2021-05-04 20:52:46');
INSERT INTO `sys_oper_log` VALUES (1818, '1', '数据源列表', 'GET', 'Mozilla/5.0 (Windows NT 10.0; Win64; x64; rv:88.0) Gecko/20100101 Firefox/88.0', 'admin', 'webApp', '/toolkit/dataset/list', '127.0.0.1', '0|0|0|内网IP|内网IP', 'current=%5B1%5D&size=%5B10%5D&beginTime=%5B%5D&endTime=%5B%5D', 0, '', '0', '2021-05-04 20:52:46');
INSERT INTO `sys_oper_log` VALUES (1819, '1', '应用新增', 'POST', 'Mozilla/5.0 (Windows NT 10.0; Win64; x64; rv:88.0) Gecko/20100101 Firefox/88.0', 'admin', 'webApp', '/system/application/save', '127.0.0.1', '0|0|0|内网IP|内网IP', '', 0, '', '0', '2021-05-04 21:01:57');
INSERT INTO `sys_oper_log` VALUES (1820, '1', '应用删除', 'DELETE', 'Mozilla/5.0 (Windows NT 10.0; Win64; x64; rv:88.0) Gecko/20100101 Firefox/88.0', 'admin', 'webApp', '/system/application/remove/3', '127.0.0.1', '0|0|0|内网IP|内网IP', '', 0, '', '18', '2021-05-04 21:02:09');
INSERT INTO `sys_oper_log` VALUES (1821, '1', '用户删除', 'DELETE', 'Mozilla/5.0 (Windows NT 10.0; Win64; x64; rv:88.0) Gecko/20100101 Firefox/88.0', 'admin', 'webApp', '/system/user/remove/7,8,9,10', '127.0.0.1', '0|0|0|内网IP|内网IP', '', 0, '', '5', '2021-05-04 21:02:37');
INSERT INTO `sys_oper_log` VALUES (1822, '1', '角色修改', 'PUT', 'Mozilla/5.0 (Windows NT 10.0; Win64; x64; rv:88.0) Gecko/20100101 Firefox/88.0', 'admin', 'webApp', '/system/role/update', '127.0.0.1', '0|0|0|内网IP|内网IP', '', 0, '', '0', '2021-05-04 21:30:55');
INSERT INTO `sys_oper_log` VALUES (1823, '1', '角色状态更改', 'PUT', 'Mozilla/5.0 (Windows NT 10.0; Win64; x64; rv:88.0) Gecko/20100101 Firefox/88.0', 'admin', 'webApp', '/system/role/changeStatus', '127.0.0.1', '0|0|0|内网IP|内网IP', '', 0, '', '43', '2021-05-04 21:30:58');
INSERT INTO `sys_oper_log` VALUES (1824, '1', '用户新增', 'POST', 'Mozilla/5.0 (Windows NT 10.0; Win64; x64; rv:88.0) Gecko/20100101 Firefox/88.0', 'admin', 'webApp', '/system/user/save', '127.0.0.1', '0|0|0|内网IP|内网IP', '', 0, '', '10', '2021-05-04 21:32:00');
INSERT INTO `sys_oper_log` VALUES (1825, '1', '用户头像修改', 'PUT', 'Mozilla/5.0 (Windows NT 10.0; Win64; x64; rv:88.0) Gecko/20100101 Firefox/88.0', 'admin', 'webApp', '/system/user/updateAvatar', '127.0.0.1', '0|0|0|内网IP|内网IP', '', 0, '', '3654', '2021-05-04 21:36:08');
INSERT INTO `sys_oper_log` VALUES (1826, '1', '用户信息修改', 'PUT', 'Mozilla/5.0 (Windows NT 10.0; Win64; x64; rv:88.0) Gecko/20100101 Firefox/88.0', 'admin', 'webApp', '/system/user/updateProfile', '127.0.0.1', '0|0|0|内网IP|内网IP', '', 0, '', '6', '2021-05-04 21:36:10');
INSERT INTO `sys_oper_log` VALUES (1827, '1', '用户头像修改', 'PUT', 'Mozilla/5.0 (Windows NT 10.0; Win64; x64; rv:88.0) Gecko/20100101 Firefox/88.0', 'admin', 'webApp', '/system/user/updateAvatar', '127.0.0.1', '0|0|0|内网IP|内网IP', '', 0, '', '0', '2021-05-04 21:41:38');
INSERT INTO `sys_oper_log` VALUES (1828, '1', '用户信息修改', 'PUT', 'Mozilla/5.0 (Windows NT 10.0; Win64; x64; rv:88.0) Gecko/20100101 Firefox/88.0', 'admin', 'webApp', '/system/user/updateProfile', '127.0.0.1', '0|0|0|内网IP|内网IP', '', 0, '', '11', '2021-05-04 21:42:56');
INSERT INTO `sys_oper_log` VALUES (1829, '1', '用户头像修改', 'PUT', 'Mozilla/5.0 (Windows NT 10.0; Win64; x64; rv:88.0) Gecko/20100101 Firefox/88.0', 'admin', 'webApp', '/system/user/updateAvatar', '127.0.0.1', '0|0|0|内网IP|内网IP', '', 0, '', '15', '2021-05-04 21:43:49');
INSERT INTO `sys_oper_log` VALUES (1830, '1', '用户头像修改', 'PUT', 'Mozilla/5.0 (Windows NT 10.0; Win64; x64; rv:88.0) Gecko/20100101 Firefox/88.0', 'admin', 'webApp', '/system/user/updateAvatar', '127.0.0.1', '0|0|0|内网IP|内网IP', '', 0, '', '5684', '2021-05-04 21:47:33');
INSERT INTO `sys_oper_log` VALUES (1831, '1', '用户信息修改', 'PUT', 'Mozilla/5.0 (Windows NT 10.0; Win64; x64; rv:88.0) Gecko/20100101 Firefox/88.0', 'admin', 'webApp', '/system/user/updateProfile', '127.0.0.1', '0|0|0|内网IP|内网IP', '', 0, '', '1', '2021-05-04 21:47:39');
INSERT INTO `sys_oper_log` VALUES (1832, '1', '机构修改', 'PUT', 'Mozilla/5.0 (Windows NT 10.0; Win64; x64; rv:88.0) Gecko/20100101 Firefox/88.0', 'admin', 'webApp', '/system/dept/update', '127.0.0.1', '0|0|0|内网IP|内网IP', '', 0, '', '19', '2021-05-04 23:20:52');
INSERT INTO `sys_oper_log` VALUES (1833, '1', '机构修改', 'PUT', 'Mozilla/5.0 (Windows NT 10.0; Win64; x64; rv:88.0) Gecko/20100101 Firefox/88.0', 'admin', 'webApp', '/system/dept/update', '127.0.0.1', '0|0|0|内网IP|内网IP', '', 0, '', '17', '2021-05-04 23:21:32');
INSERT INTO `sys_oper_log` VALUES (1834, '1', '机构修改', 'PUT', 'Mozilla/5.0 (Windows NT 10.0; Win64; x64; rv:88.0) Gecko/20100101 Firefox/88.0', 'admin', 'webApp', '/system/dept/update', '127.0.0.1', '0|0|0|内网IP|内网IP', '', 0, '', '7', '2021-05-04 23:21:47');
INSERT INTO `sys_oper_log` VALUES (1835, '1', '机构修改', 'PUT', 'Mozilla/5.0 (Windows NT 10.0; Win64; x64; rv:88.0) Gecko/20100101 Firefox/88.0', 'admin', 'webApp', '/system/dept/update', '127.0.0.1', '0|0|0|内网IP|内网IP', '', 0, '', '6', '2021-05-04 23:21:58');
INSERT INTO `sys_oper_log` VALUES (1836, '1', '登录日志清空', 'DELETE', 'Mozilla/5.0 (Windows NT 10.0; Win64; x64; rv:88.0) Gecko/20100101 Firefox/88.0', 'admin', 'webApp', '/monitor/loginLog/clean', '127.0.0.1', '0|0|0|内网IP|内网IP', '', 0, '', '7', '2021-05-04 23:27:11');
INSERT INTO `sys_oper_log` VALUES (1837, '1', 'token列表', 'GET', 'Mozilla/5.0 (Windows NT 10.0; Win64; x64; rv:88.0) Gecko/20100101 Firefox/88.0', 'admin', 'webApp', '/token/list', '127.0.0.1', '0|0|0|内网IP|内网IP', '', 0, '', '0', '2021-05-05 00:22:31');
INSERT INTO `sys_oper_log` VALUES (1838, '1', 'token列表', 'GET', 'Mozilla/5.0 (Windows NT 10.0; Win64; x64; rv:88.0) Gecko/20100101 Firefox/88.0', 'admin', 'webApp', '/token/list', '127.0.0.1', '0|0|0|内网IP|内网IP', '', 0, '', '0', '2021-05-05 00:26:17');
INSERT INTO `sys_oper_log` VALUES (1839, '1', '模型新增', 'POST', 'Mozilla/5.0 (Windows NT 10.0; Win64; x64; rv:88.0) Gecko/20100101 Firefox/88.0', 'admin', 'webApp', '/activiti/model/save', '127.0.0.1', '0|0|0|内网IP|内网IP', '', 0, '', '0', '2021-05-05 00:33:12');
INSERT INTO `sys_oper_log` VALUES (1840, '1', '读取资源', 'GET', 'Mozilla/5.0 (Windows NT 10.0; Win64; x64; rv:88.0) Gecko/20100101 Firefox/88.0', NULL, NULL, '/activiti/process/resource', '127.0.0.1', '0|0|0|内网IP|内网IP', '', 0, '', '238', '2021-05-05 01:37:03');
INSERT INTO `sys_oper_log` VALUES (1841, '1', '读取资源', 'GET', 'Mozilla/5.0 (Windows NT 10.0; Win64; x64; rv:88.0) Gecko/20100101 Firefox/88.0', NULL, NULL, '/activiti/process/resource', '127.0.0.1', '0|0|0|内网IP|内网IP', 'procInsId=%5B12501%5D&procDefId=%5Baaaa%3A1%3A12504%5D&resType=', 0, '', '10', '2021-05-05 01:37:23');
INSERT INTO `sys_oper_log` VALUES (1842, '1', '读取资源', 'GET', 'Mozilla/5.0 (Windows NT 10.0; Win64; x64; rv:88.0) Gecko/20100101 Firefox/88.0', NULL, NULL, '/activiti/process/resource', '127.0.0.1', '0|0|0|内网IP|内网IP', '', 0, '', '2', '2021-05-05 01:37:55');
INSERT INTO `sys_oper_log` VALUES (1843, '1', '读取资源', 'GET', 'Mozilla/5.0 (Windows NT 10.0; Win64; x64; rv:88.0) Gecko/20100101 Firefox/88.0', NULL, NULL, '/activiti/process/resource', '127.0.0.1', '0|0|0|内网IP|内网IP', 'procInsId=%5B2509%5D&procDefId=%5BLeave%3A2%3A2512%5D&resType=%5Bimage%5D', 0, '', '2', '2021-05-05 02:08:04');
INSERT INTO `sys_oper_log` VALUES (1844, '1', '读取资源', 'GET', 'PostmanRuntime/7.28.0', NULL, NULL, '/activiti/process/resource', '127.0.0.1', '0|0|0|内网IP|内网IP', '', 0, '', '3', '2021-05-05 02:09:07');
INSERT INTO `sys_oper_log` VALUES (1845, '1', '读取资源', 'GET', 'PostmanRuntime/7.28.0', NULL, NULL, '/activiti/process/resource', '127.0.0.1', '0|0|0|内网IP|内网IP', '', 0, '', '5', '2021-05-05 02:09:31');
INSERT INTO `sys_oper_log` VALUES (1846, '1', '读取资源', 'GET', 'PostmanRuntime/7.28.0', NULL, NULL, '/activiti/process/resource', '127.0.0.1', '0|0|0|内网IP|内网IP', '', 0, '', '1', '2021-05-05 02:09:46');
INSERT INTO `sys_oper_log` VALUES (1847, '1', '读取资源', 'GET', 'PostmanRuntime/7.28.0', NULL, NULL, '/activiti/process/resource', '127.0.0.1', '0|0|0|内网IP|内网IP', '', 0, '', '2', '2021-05-05 02:09:51');
INSERT INTO `sys_oper_log` VALUES (1848, '1', '读取资源', 'GET', 'PostmanRuntime/7.28.0', NULL, NULL, '/activiti/process/resource', '127.0.0.1', '0|0|0|内网IP|内网IP', '', 0, '', '3', '2021-05-05 02:09:53');
INSERT INTO `sys_oper_log` VALUES (1849, '1', '模型部署', 'POST', 'Mozilla/5.0 (Windows NT 10.0; Win64; x64; rv:88.0) Gecko/20100101 Firefox/88.0', 'admin', 'webApp', '/activiti/model/deploy/7501', '127.0.0.1', '0|0|0|内网IP|内网IP', '', 0, '', '2', '2021-05-05 03:26:18');
INSERT INTO `sys_oper_log` VALUES (1850, '1', '模型部署', 'POST', 'Mozilla/5.0 (Windows NT 10.0; Win64; x64; rv:88.0) Gecko/20100101 Firefox/88.0', 'admin', 'webApp', '/activiti/model/deploy/7501', '127.0.0.1', '0|0|0|内网IP|内网IP', '', 0, '', '143', '2021-05-05 03:26:41');
INSERT INTO `sys_oper_log` VALUES (1851, '1', '模型部署', 'POST', 'Mozilla/5.0 (Windows NT 10.0; Win64; x64; rv:88.0) Gecko/20100101 Firefox/88.0', 'admin', 'webApp', '/activiti/model/deploy/1', '127.0.0.1', '0|0|0|内网IP|内网IP', '', 0, '', '66', '2021-05-05 03:26:43');
INSERT INTO `sys_oper_log` VALUES (1852, '1', '模型新增', 'POST', 'Mozilla/5.0 (Windows NT 10.0; Win64; x64; rv:88.0) Gecko/20100101 Firefox/88.0', 'admin', 'webApp', '/activiti/model/save', '127.0.0.1', '0|0|0|内网IP|内网IP', '', 0, '', '40', '2021-05-05 03:26:56');
INSERT INTO `sys_oper_log` VALUES (1853, '1', '模型部署', 'POST', 'Mozilla/5.0 (Windows NT 10.0; Win64; x64; rv:88.0) Gecko/20100101 Firefox/88.0', 'admin', 'webApp', '/activiti/model/deploy/12517', '127.0.0.1', '0|0|0|内网IP|内网IP', '', 0, '', '22', '2021-05-05 03:27:25');
INSERT INTO `sys_oper_log` VALUES (1854, '1', '模型部署', 'POST', 'Mozilla/5.0 (Windows NT 10.0; Win64; x64; rv:88.0) Gecko/20100101 Firefox/88.0', 'admin', 'webApp', '/activiti/model/deploy/12517', '127.0.0.1', '0|0|0|内网IP|内网IP', '', 0, '', '23', '2021-05-05 03:27:48');
INSERT INTO `sys_oper_log` VALUES (1855, '1', '读取资源', 'GET', 'Mozilla/5.0 (Windows NT 10.0; Win64; x64; rv:88.0) Gecko/20100101 Firefox/88.0', NULL, NULL, '/activiti/process/resource', '127.0.0.1', '0|0|0|内网IP|内网IP', '', 0, '', '15', '2021-05-05 03:27:59');
INSERT INTO `sys_oper_log` VALUES (1856, '1', '流程状态改变', 'PUT', 'Mozilla/5.0 (Windows NT 10.0; Win64; x64; rv:88.0) Gecko/20100101 Firefox/88.0', 'admin', 'webApp', '/activiti/process/changeStatus', '127.0.0.1', '0|0|0|内网IP|内网IP', 'procDefId=%5BLeave%3A3%3A12516%5D&status=%5Bsuspend%5D', 0, '', '3', '2021-05-05 03:28:15');
INSERT INTO `sys_oper_log` VALUES (1857, '1', '流程状态改变', 'PUT', 'Mozilla/5.0 (Windows NT 10.0; Win64; x64; rv:88.0) Gecko/20100101 Firefox/88.0', 'admin', 'webApp', '/activiti/process/changeStatus', '127.0.0.1', '0|0|0|内网IP|内网IP', 'procDefId=%5BLeave%3A3%3A12516%5D&status=%5Bactive%5D', 0, '', '14', '2021-05-05 03:28:18');
INSERT INTO `sys_oper_log` VALUES (1858, '1', '模型新增', 'POST', 'Mozilla/5.0 (Windows NT 10.0; Win64; x64; rv:88.0) Gecko/20100101 Firefox/88.0', 'admin', 'webApp', '/activiti/model/save', '127.0.0.1', '0|0|0|内网IP|内网IP', '', 0, '', '5', '2021-05-05 03:38:56');
INSERT INTO `sys_oper_log` VALUES (1859, '1', '模型部署', 'POST', 'Mozilla/5.0 (Windows NT 10.0; Win64; x64; rv:88.0) Gecko/20100101 Firefox/88.0', 'admin', 'webApp', '/activiti/model/deploy/12524', '127.0.0.1', '0|0|0|内网IP|内网IP', '', 0, '', '10', '2021-05-05 03:39:39');
INSERT INTO `sys_oper_log` VALUES (1860, '1', '流程状态改变', 'PUT', 'Mozilla/5.0 (Windows NT 10.0; Win64; x64; rv:88.0) Gecko/20100101 Firefox/88.0', 'admin', 'webApp', '/activiti/process/changeStatus', '127.0.0.1', '0|0|0|内网IP|内网IP', 'procDefId=%5BLeave%3A3%3A12516%5D&status=%5Bsuspend%5D', 0, '', '15', '2021-05-05 03:48:25');
INSERT INTO `sys_oper_log` VALUES (1861, '1', '流程状态改变', 'PUT', 'Mozilla/5.0 (Windows NT 10.0; Win64; x64; rv:88.0) Gecko/20100101 Firefox/88.0', 'admin', 'webApp', '/activiti/process/changeStatus', '127.0.0.1', '0|0|0|内网IP|内网IP', 'procDefId=%5BLeave%3A3%3A12516%5D&status=%5Bactive%5D', 0, '', '7', '2021-05-05 03:48:41');
INSERT INTO `sys_oper_log` VALUES (1862, '1', '模型删除', 'DELETE', 'Mozilla/5.0 (Windows NT 10.0; Win64; x64; rv:88.0) Gecko/20100101 Firefox/88.0', 'admin', 'webApp', '/activiti/model/remove/12524', '127.0.0.1', '0|0|0|内网IP|内网IP', '', 0, '', '5', '2021-05-05 03:50:30');
INSERT INTO `sys_oper_log` VALUES (1863, '1', '模型删除', 'DELETE', 'Mozilla/5.0 (Windows NT 10.0; Win64; x64; rv:88.0) Gecko/20100101 Firefox/88.0', 'admin', 'webApp', '/activiti/model/remove/12517', '127.0.0.1', '0|0|0|内网IP|内网IP', '', 0, '', '22', '2021-05-05 03:50:32');
INSERT INTO `sys_oper_log` VALUES (1864, '1', '模型新增', 'POST', 'Mozilla/5.0 (Windows NT 10.0; Win64; x64; rv:88.0) Gecko/20100101 Firefox/88.0', 'admin', 'webApp', '/activiti/model/save', '127.0.0.1', '0|0|0|内网IP|内网IP', '', 0, '', '6', '2021-05-05 03:50:49');
INSERT INTO `sys_oper_log` VALUES (1865, '1', '模型部署', 'POST', 'Mozilla/5.0 (Windows NT 10.0; Win64; x64; rv:88.0) Gecko/20100101 Firefox/88.0', 'admin', 'webApp', '/activiti/model/deploy/12529', '127.0.0.1', '0|0|0|内网IP|内网IP', '', 0, '', '8', '2021-05-05 03:50:56');
INSERT INTO `sys_oper_log` VALUES (1866, '1', '读取资源', 'GET', 'Mozilla/5.0 (Windows NT 10.0; Win64; x64; rv:88.0) Gecko/20100101 Firefox/88.0', NULL, NULL, '/activiti/process/resource', '127.0.0.1', '0|0|0|内网IP|内网IP', 'procInsId=%5B12513%5D&procDefId=%5BLeave%3A3%3A12516%5D&resType=%5Bimage%5D', 0, '', '5', '2021-05-05 03:51:11');
INSERT INTO `sys_oper_log` VALUES (1867, '1', '读取资源', 'GET', 'Mozilla/5.0 (Windows NT 10.0; Win64; x64; rv:88.0) Gecko/20100101 Firefox/88.0', NULL, NULL, '/activiti/process/resource', '127.0.0.1', '0|0|0|内网IP|内网IP', '', 0, '', '2', '2021-05-05 03:51:17');
INSERT INTO `sys_oper_log` VALUES (1868, '1', '数据源列表', 'GET', 'Mozilla/5.0 (Windows NT 10.0; Win64; x64) AppleWebKit/537.36 (KHTML, like Gecko) Chrome/90.0.4430.93 Safari/537.36 Edg/90.0.818.51', 'admin', 'webApp', '/toolkit/dataset/list', '127.0.0.1', '0|0|0|内网IP|内网IP', 'current=%5B1%5D&size=%5B10%5D&beginTime=%5B%5D&endTime=%5B%5D', 0, '', '0', '2021-05-05 11:12:48');
INSERT INTO `sys_oper_log` VALUES (1869, '1', '数据源列表', 'GET', 'Mozilla/5.0 (Windows NT 10.0; Win64; x64; rv:88.0) Gecko/20100101 Firefox/88.0', 'admin', 'webApp', '/toolkit/dataset/list', '127.0.0.1', '0|0|0|内网IP|内网IP', 'current=%5B1%5D&size=%5B10%5D&beginTime=%5B%5D&endTime=%5B%5D', 0, '', '165', '2021-05-05 11:15:21');
INSERT INTO `sys_oper_log` VALUES (1870, '1', '数据源新增', 'POST', 'Mozilla/5.0 (Windows NT 10.0; Win64; x64; rv:88.0) Gecko/20100101 Firefox/88.0', 'admin', 'webApp', '/toolkit/dataset/save', '127.0.0.1', '0|0|0|内网IP|内网IP', '', 0, '', '14', '2021-05-05 11:19:30');
INSERT INTO `sys_oper_log` VALUES (1871, '1', '数据源列表', 'GET', 'Mozilla/5.0 (Windows NT 10.0; Win64; x64; rv:88.0) Gecko/20100101 Firefox/88.0', 'admin', 'webApp', '/toolkit/dataset/list', '127.0.0.1', '0|0|0|内网IP|内网IP', 'current=%5B1%5D&size=%5B10%5D&beginTime=%5B%5D&endTime=%5B%5D', 0, '', '15', '2021-05-05 11:19:30');
INSERT INTO `sys_oper_log` VALUES (1872, '1', '数据源查询', 'GET', 'Mozilla/5.0 (Windows NT 10.0; Win64; x64; rv:88.0) Gecko/20100101 Firefox/88.0', 'admin', 'webApp', '/toolkit/dataset/2', '127.0.0.1', '0|0|0|内网IP|内网IP', '', 0, '', '11', '2021-05-05 11:19:49');
INSERT INTO `sys_oper_log` VALUES (1873, '1', '数据源列表', 'GET', 'Mozilla/5.0 (Windows NT 10.0; Win64; x64; rv:88.0) Gecko/20100101 Firefox/88.0', 'admin', 'webApp', '/toolkit/dataset/list', '127.0.0.1', '0|0|0|内网IP|内网IP', 'current=%5B1%5D&size=%5B10%5D&beginTime=%5B%5D&endTime=%5B%5D', 0, '', '12', '2021-05-05 11:21:06');
INSERT INTO `sys_oper_log` VALUES (1874, '1', '表单列表', 'GET', 'Mozilla/5.0 (Windows NT 10.0; Win64; x64; rv:88.0) Gecko/20100101 Firefox/88.0', 'admin', 'webApp', '/toolkit/form/list', '127.0.0.1', '0|0|0|内网IP|内网IP', 'current=%5B1%5D&size=%5B10%5D&beginTime=%5B%5D&endTime=%5B%5D', 0, '', '3', '2021-05-05 11:21:11');
INSERT INTO `sys_oper_log` VALUES (1875, '1', '表单列表', 'GET', 'Mozilla/5.0 (Windows NT 10.0; Win64; x64; rv:88.0) Gecko/20100101 Firefox/88.0', 'admin', 'webApp', '/toolkit/form/list', '127.0.0.1', '0|0|0|内网IP|内网IP', 'current=%5B1%5D&size=%5B10%5D&beginTime=%5B%5D&endTime=%5B%5D', 0, '', '12', '2021-05-05 11:21:37');
INSERT INTO `sys_oper_log` VALUES (1876, '1', '表单查询', 'GET', 'Mozilla/5.0 (Windows NT 10.0; Win64; x64; rv:88.0) Gecko/20100101 Firefox/88.0', 'admin', 'webApp', '/toolkit/form/1', '127.0.0.1', '0|0|0|内网IP|内网IP', '', 0, '', '6', '2021-05-05 11:21:58');

-- ----------------------------
-- Table structure for sys_role
-- ----------------------------
DROP TABLE IF EXISTS `sys_role`;
CREATE TABLE `sys_role`  (
  `id` int NOT NULL AUTO_INCREMENT,
  `name` varchar(60) CHARACTER SET utf8mb4 COLLATE utf8mb4_bin NOT NULL COMMENT '角色名称',
  `code` varchar(60) CHARACTER SET utf8mb4 COLLATE utf8mb4_bin NOT NULL COMMENT '角色代码',
  `applications` varchar(255) CHARACTER SET utf8mb4 COLLATE utf8mb4_general_ci NULL DEFAULT NULL COMMENT '所属应用',
  `data_scope` char(1) CHARACTER SET utf8mb4 COLLATE utf8mb4_bin NOT NULL DEFAULT '2' COMMENT '数据权限范围',
  `sort` int NULL DEFAULT NULL COMMENT '排序',
  `status` char(1) CHARACTER SET utf8mb4 COLLATE utf8mb4_general_ci NULL DEFAULT '0' COMMENT '状态',
  `create_by` varchar(30) CHARACTER SET utf8 COLLATE utf8_general_ci NULL DEFAULT NULL COMMENT '创建人',
  `create_time` datetime NULL DEFAULT NULL COMMENT '创建时间',
  `update_by` varchar(30) CHARACTER SET utf8 COLLATE utf8_general_ci NULL DEFAULT NULL COMMENT '修改人',
  `update_time` datetime NULL DEFAULT NULL ON UPDATE CURRENT_TIMESTAMP COMMENT '修改时间',
  `remarks` varchar(255) CHARACTER SET utf8mb4 COLLATE utf8mb4_bin NULL DEFAULT NULL COMMENT '备注',
  `del_flag` char(1) CHARACTER SET utf8mb4 COLLATE utf8mb4_bin NULL DEFAULT '0' COMMENT '删除标识（0-正常,1-删除）',
  PRIMARY KEY (`id`) USING BTREE
) ENGINE = InnoDB AUTO_INCREMENT = 3 CHARACTER SET = utf8mb4 COLLATE = utf8mb4_general_ci ROW_FORMAT = DYNAMIC;

-- ----------------------------
-- Records of sys_role
-- ----------------------------
INSERT INTO `sys_role` VALUES (1, '管理员', 'admin', 'app1', '1', 1, '0', 'admin', '2020-03-13 20:54:34', 'admin', '2020-08-02 21:44:58', NULL, '0');
INSERT INTO `sys_role` VALUES (2, '测试角色', 'test', 'app1', '2', 1, '0', 'admin', '2020-03-14 18:15:51', 'admin', '2021-05-04 21:30:58', NULL, '0');

-- ----------------------------
-- Table structure for sys_role_dept
-- ----------------------------
DROP TABLE IF EXISTS `sys_role_dept`;
CREATE TABLE `sys_role_dept`  (
  `role_id` int NOT NULL COMMENT '角色ID',
  `dept_id` int NOT NULL COMMENT '部门ID'
) ENGINE = InnoDB CHARACTER SET = utf8mb4 COLLATE = utf8mb4_general_ci ROW_FORMAT = DYNAMIC;

-- ----------------------------
-- Records of sys_role_dept
-- ----------------------------
INSERT INTO `sys_role_dept` VALUES (2, 2);

-- ----------------------------
-- Table structure for sys_role_menu
-- ----------------------------
DROP TABLE IF EXISTS `sys_role_menu`;
CREATE TABLE `sys_role_menu`  (
  `role_id` int NULL DEFAULT NULL,
  `menu_id` int NULL DEFAULT NULL
) ENGINE = InnoDB CHARACTER SET = utf8mb4 COLLATE = utf8mb4_general_ci ROW_FORMAT = DYNAMIC;

-- ----------------------------
-- Records of sys_role_menu
-- ----------------------------
INSERT INTO `sys_role_menu` VALUES (3, 109);
INSERT INTO `sys_role_menu` VALUES (3, 110);
INSERT INTO `sys_role_menu` VALUES (3, 111);
INSERT INTO `sys_role_menu` VALUES (3, 112);
INSERT INTO `sys_role_menu` VALUES (3, 113);
INSERT INTO `sys_role_menu` VALUES (3, 114);
INSERT INTO `sys_role_menu` VALUES (3, 3);
INSERT INTO `sys_role_menu` VALUES (1, 58);
INSERT INTO `sys_role_menu` VALUES (1, 245);
INSERT INTO `sys_role_menu` VALUES (1, 246);
INSERT INTO `sys_role_menu` VALUES (1, 85);
INSERT INTO `sys_role_menu` VALUES (1, 86);
INSERT INTO `sys_role_menu` VALUES (1, 87);
INSERT INTO `sys_role_menu` VALUES (1, 88);
INSERT INTO `sys_role_menu` VALUES (1, 89);
INSERT INTO `sys_role_menu` VALUES (1, 122);
INSERT INTO `sys_role_menu` VALUES (1, 121);
INSERT INTO `sys_role_menu` VALUES (1, 123);
INSERT INTO `sys_role_menu` VALUES (1, 124);
INSERT INTO `sys_role_menu` VALUES (1, 125);
INSERT INTO `sys_role_menu` VALUES (1, 126);
INSERT INTO `sys_role_menu` VALUES (1, 127);
INSERT INTO `sys_role_menu` VALUES (1, 128);
INSERT INTO `sys_role_menu` VALUES (1, 129);
INSERT INTO `sys_role_menu` VALUES (1, 130);
INSERT INTO `sys_role_menu` VALUES (1, 131);
INSERT INTO `sys_role_menu` VALUES (1, 132);
INSERT INTO `sys_role_menu` VALUES (1, 133);
INSERT INTO `sys_role_menu` VALUES (1, 134);
INSERT INTO `sys_role_menu` VALUES (1, 135);
INSERT INTO `sys_role_menu` VALUES (1, 136);
INSERT INTO `sys_role_menu` VALUES (1, 137);
INSERT INTO `sys_role_menu` VALUES (1, 1);
INSERT INTO `sys_role_menu` VALUES (1, 139);
INSERT INTO `sys_role_menu` VALUES (1, 140);
INSERT INTO `sys_role_menu` VALUES (1, 141);
INSERT INTO `sys_role_menu` VALUES (1, 142);
INSERT INTO `sys_role_menu` VALUES (1, 143);
INSERT INTO `sys_role_menu` VALUES (1, 144);
INSERT INTO `sys_role_menu` VALUES (1, 4);
INSERT INTO `sys_role_menu` VALUES (1, 8);
INSERT INTO `sys_role_menu` VALUES (1, 9);
INSERT INTO `sys_role_menu` VALUES (1, 10);
INSERT INTO `sys_role_menu` VALUES (1, 11);
INSERT INTO `sys_role_menu` VALUES (1, 12);
INSERT INTO `sys_role_menu` VALUES (1, 5);
INSERT INTO `sys_role_menu` VALUES (1, 13);
INSERT INTO `sys_role_menu` VALUES (1, 14);
INSERT INTO `sys_role_menu` VALUES (1, 15);
INSERT INTO `sys_role_menu` VALUES (1, 16);
INSERT INTO `sys_role_menu` VALUES (1, 17);
INSERT INTO `sys_role_menu` VALUES (1, 6);
INSERT INTO `sys_role_menu` VALUES (1, 18);
INSERT INTO `sys_role_menu` VALUES (1, 19);
INSERT INTO `sys_role_menu` VALUES (1, 20);
INSERT INTO `sys_role_menu` VALUES (1, 21);
INSERT INTO `sys_role_menu` VALUES (1, 22);
INSERT INTO `sys_role_menu` VALUES (1, 23);
INSERT INTO `sys_role_menu` VALUES (1, 24);
INSERT INTO `sys_role_menu` VALUES (1, 7);
INSERT INTO `sys_role_menu` VALUES (1, 25);
INSERT INTO `sys_role_menu` VALUES (1, 26);
INSERT INTO `sys_role_menu` VALUES (1, 27);
INSERT INTO `sys_role_menu` VALUES (1, 28);
INSERT INTO `sys_role_menu` VALUES (1, 29);
INSERT INTO `sys_role_menu` VALUES (1, 30);
INSERT INTO `sys_role_menu` VALUES (1, 31);
INSERT INTO `sys_role_menu` VALUES (1, 32);
INSERT INTO `sys_role_menu` VALUES (1, 33);
INSERT INTO `sys_role_menu` VALUES (1, 34);
INSERT INTO `sys_role_menu` VALUES (1, 35);
INSERT INTO `sys_role_menu` VALUES (1, 36);
INSERT INTO `sys_role_menu` VALUES (1, 37);
INSERT INTO `sys_role_menu` VALUES (1, 38);
INSERT INTO `sys_role_menu` VALUES (1, 39);
INSERT INTO `sys_role_menu` VALUES (1, 40);
INSERT INTO `sys_role_menu` VALUES (1, 41);
INSERT INTO `sys_role_menu` VALUES (1, 42);
INSERT INTO `sys_role_menu` VALUES (1, 43);
INSERT INTO `sys_role_menu` VALUES (1, 105);
INSERT INTO `sys_role_menu` VALUES (1, 106);
INSERT INTO `sys_role_menu` VALUES (1, 107);
INSERT INTO `sys_role_menu` VALUES (1, 108);
INSERT INTO `sys_role_menu` VALUES (1, 44);
INSERT INTO `sys_role_menu` VALUES (1, 73);
INSERT INTO `sys_role_menu` VALUES (1, 74);
INSERT INTO `sys_role_menu` VALUES (1, 75);
INSERT INTO `sys_role_menu` VALUES (1, 76);
INSERT INTO `sys_role_menu` VALUES (1, 77);
INSERT INTO `sys_role_menu` VALUES (1, 45);
INSERT INTO `sys_role_menu` VALUES (1, 59);
INSERT INTO `sys_role_menu` VALUES (1, 60);
INSERT INTO `sys_role_menu` VALUES (1, 61);
INSERT INTO `sys_role_menu` VALUES (1, 62);
INSERT INTO `sys_role_menu` VALUES (1, 46);
INSERT INTO `sys_role_menu` VALUES (1, 69);
INSERT INTO `sys_role_menu` VALUES (1, 70);
INSERT INTO `sys_role_menu` VALUES (1, 71);
INSERT INTO `sys_role_menu` VALUES (1, 72);
INSERT INTO `sys_role_menu` VALUES (1, 2);
INSERT INTO `sys_role_menu` VALUES (1, 47);
INSERT INTO `sys_role_menu` VALUES (1, 159);
INSERT INTO `sys_role_menu` VALUES (1, 160);
INSERT INTO `sys_role_menu` VALUES (1, 48);
INSERT INTO `sys_role_menu` VALUES (1, 96);
INSERT INTO `sys_role_menu` VALUES (1, 97);
INSERT INTO `sys_role_menu` VALUES (1, 98);
INSERT INTO `sys_role_menu` VALUES (1, 99);
INSERT INTO `sys_role_menu` VALUES (1, 100);
INSERT INTO `sys_role_menu` VALUES (1, 101);
INSERT INTO `sys_role_menu` VALUES (1, 102);
INSERT INTO `sys_role_menu` VALUES (1, 103);
INSERT INTO `sys_role_menu` VALUES (1, 104);
INSERT INTO `sys_role_menu` VALUES (1, 49);
INSERT INTO `sys_role_menu` VALUES (1, 50);
INSERT INTO `sys_role_menu` VALUES (1, 145);
INSERT INTO `sys_role_menu` VALUES (1, 51);
INSERT INTO `sys_role_menu` VALUES (1, 52);
INSERT INTO `sys_role_menu` VALUES (1, 53);
INSERT INTO `sys_role_menu` VALUES (1, 63);
INSERT INTO `sys_role_menu` VALUES (1, 64);
INSERT INTO `sys_role_menu` VALUES (1, 65);
INSERT INTO `sys_role_menu` VALUES (1, 54);
INSERT INTO `sys_role_menu` VALUES (1, 66);
INSERT INTO `sys_role_menu` VALUES (1, 67);
INSERT INTO `sys_role_menu` VALUES (1, 68);
INSERT INTO `sys_role_menu` VALUES (1, 3);
INSERT INTO `sys_role_menu` VALUES (1, 78);
INSERT INTO `sys_role_menu` VALUES (1, 81);
INSERT INTO `sys_role_menu` VALUES (1, 82);
INSERT INTO `sys_role_menu` VALUES (1, 83);
INSERT INTO `sys_role_menu` VALUES (1, 84);
INSERT INTO `sys_role_menu` VALUES (1, 79);
INSERT INTO `sys_role_menu` VALUES (1, 90);
INSERT INTO `sys_role_menu` VALUES (1, 91);
INSERT INTO `sys_role_menu` VALUES (1, 92);
INSERT INTO `sys_role_menu` VALUES (1, 93);
INSERT INTO `sys_role_menu` VALUES (1, 94);
INSERT INTO `sys_role_menu` VALUES (1, 95);
INSERT INTO `sys_role_menu` VALUES (1, 109);
INSERT INTO `sys_role_menu` VALUES (1, 110);
INSERT INTO `sys_role_menu` VALUES (1, 111);
INSERT INTO `sys_role_menu` VALUES (1, 112);
INSERT INTO `sys_role_menu` VALUES (1, 113);
INSERT INTO `sys_role_menu` VALUES (1, 114);
INSERT INTO `sys_role_menu` VALUES (1, 229);
INSERT INTO `sys_role_menu` VALUES (1, 230);
INSERT INTO `sys_role_menu` VALUES (1, 231);
INSERT INTO `sys_role_menu` VALUES (1, 232);
INSERT INTO `sys_role_menu` VALUES (1, 233);
INSERT INTO `sys_role_menu` VALUES (1, 234);
INSERT INTO `sys_role_menu` VALUES (1, 235);
INSERT INTO `sys_role_menu` VALUES (1, 55);
INSERT INTO `sys_role_menu` VALUES (1, 146);
INSERT INTO `sys_role_menu` VALUES (1, 147);
INSERT INTO `sys_role_menu` VALUES (1, 148);
INSERT INTO `sys_role_menu` VALUES (1, 149);
INSERT INTO `sys_role_menu` VALUES (1, 150);
INSERT INTO `sys_role_menu` VALUES (1, 151);
INSERT INTO `sys_role_menu` VALUES (1, 236);
INSERT INTO `sys_role_menu` VALUES (1, 237);
INSERT INTO `sys_role_menu` VALUES (1, 238);
INSERT INTO `sys_role_menu` VALUES (1, 239);
INSERT INTO `sys_role_menu` VALUES (1, 240);
INSERT INTO `sys_role_menu` VALUES (1, 241);
INSERT INTO `sys_role_menu` VALUES (1, 242);
INSERT INTO `sys_role_menu` VALUES (1, 244);
INSERT INTO `sys_role_menu` VALUES (1, 243);
INSERT INTO `sys_role_menu` VALUES (2, 11);
INSERT INTO `sys_role_menu` VALUES (2, 16);
INSERT INTO `sys_role_menu` VALUES (2, 7);
INSERT INTO `sys_role_menu` VALUES (2, 25);
INSERT INTO `sys_role_menu` VALUES (2, 26);
INSERT INTO `sys_role_menu` VALUES (2, 27);
INSERT INTO `sys_role_menu` VALUES (2, 28);
INSERT INTO `sys_role_menu` VALUES (2, 33);
INSERT INTO `sys_role_menu` VALUES (2, 78);
INSERT INTO `sys_role_menu` VALUES (2, 81);
INSERT INTO `sys_role_menu` VALUES (2, 82);
INSERT INTO `sys_role_menu` VALUES (2, 83);
INSERT INTO `sys_role_menu` VALUES (2, 84);
INSERT INTO `sys_role_menu` VALUES (2, 79);
INSERT INTO `sys_role_menu` VALUES (2, 90);
INSERT INTO `sys_role_menu` VALUES (2, 91);
INSERT INTO `sys_role_menu` VALUES (2, 92);
INSERT INTO `sys_role_menu` VALUES (2, 93);
INSERT INTO `sys_role_menu` VALUES (2, 94);
INSERT INTO `sys_role_menu` VALUES (2, 95);
INSERT INTO `sys_role_menu` VALUES (2, 109);
INSERT INTO `sys_role_menu` VALUES (2, 110);
INSERT INTO `sys_role_menu` VALUES (2, 111);
INSERT INTO `sys_role_menu` VALUES (2, 112);
INSERT INTO `sys_role_menu` VALUES (2, 113);
INSERT INTO `sys_role_menu` VALUES (2, 114);
INSERT INTO `sys_role_menu` VALUES (2, 55);
INSERT INTO `sys_role_menu` VALUES (2, 1);
INSERT INTO `sys_role_menu` VALUES (2, 4);
INSERT INTO `sys_role_menu` VALUES (2, 5);
INSERT INTO `sys_role_menu` VALUES (2, 29);
INSERT INTO `sys_role_menu` VALUES (2, 3);

-- ----------------------------
-- Table structure for sys_shortcut
-- ----------------------------
DROP TABLE IF EXISTS `sys_shortcut`;
CREATE TABLE `sys_shortcut`  (
  `id` int NOT NULL AUTO_INCREMENT,
  `name` varchar(30) CHARACTER SET utf8 COLLATE utf8_general_ci NULL DEFAULT NULL COMMENT '名称',
  `region` varchar(20) CHARACTER SET utf8 COLLATE utf8_general_ci NULL DEFAULT NULL COMMENT '区域',
  `icon` varchar(255) CHARACTER SET utf8 COLLATE utf8_general_ci NULL DEFAULT NULL COMMENT '图标',
  `bg_color` varchar(10) CHARACTER SET utf8 COLLATE utf8_general_ci NULL DEFAULT '#409EFF' COMMENT '背景颜色',
  `path` varchar(120) CHARACTER SET utf8 COLLATE utf8_general_ci NULL DEFAULT NULL COMMENT '路径',
  `sort` int NULL DEFAULT NULL COMMENT '顺序',
  `create_by` varchar(64) CHARACTER SET utf8mb4 COLLATE utf8mb4_general_ci NULL DEFAULT '' COMMENT '创建者',
  `create_time` datetime NULL DEFAULT NULL COMMENT '创建时间',
  `update_by` varchar(64) CHARACTER SET utf8mb4 COLLATE utf8mb4_general_ci NULL DEFAULT '' COMMENT '更新者',
  `update_time` datetime NULL DEFAULT NULL COMMENT '更新时间',
  `remarks` varchar(500) CHARACTER SET utf8mb4 COLLATE utf8mb4_general_ci NULL DEFAULT NULL COMMENT '备注',
  `del_flag` char(1) CHARACTER SET utf8mb4 COLLATE utf8mb4_bin NULL DEFAULT '0' COMMENT '0-正常，1-删除',
  PRIMARY KEY (`id`) USING BTREE
) ENGINE = InnoDB AUTO_INCREMENT = 3 CHARACTER SET = utf8 COLLATE = utf8_general_ci ROW_FORMAT = DYNAMIC;

-- ----------------------------
-- Records of sys_shortcut
-- ----------------------------
INSERT INTO `sys_shortcut` VALUES (1, '登录日志', '2', 'form', '#2883CD', 'monitor/log/loginLog', 1, 'admin', '2020-03-27 10:09:11', '', '2020-03-27 10:12:39', '1', '0');
INSERT INTO `sys_shortcut` VALUES (2, '内容管理', '2', 'edit', '#EB7024', '/cms/article', 2, 'admin', '2020-04-15 22:44:58', '', '2020-06-02 08:59:06', NULL, '0');

-- ----------------------------
-- Table structure for sys_user
-- ----------------------------
DROP TABLE IF EXISTS `sys_user`;
CREATE TABLE `sys_user`  (
  `id` int NOT NULL AUTO_INCREMENT COMMENT '用户ID',
  `user_name` varchar(30) CHARACTER SET utf8mb4 COLLATE utf8mb4_general_ci NULL DEFAULT NULL COMMENT '用户账号',
  `nick_name` varchar(30) CHARACTER SET utf8mb4 COLLATE utf8mb4_general_ci NULL DEFAULT NULL COMMENT '用户昵称',
  `type` varchar(2) CHARACTER SET utf8mb4 COLLATE utf8mb4_general_ci NULL DEFAULT '00' COMMENT '用户类型（00系统用户）',
  `password` varchar(100) CHARACTER SET utf8mb4 COLLATE utf8mb4_general_ci NULL DEFAULT '' COMMENT '密码',
  `dept_id` int NULL DEFAULT NULL COMMENT '机构ID',
  `dept_name` varchar(120) CHARACTER SET utf8mb4 COLLATE utf8mb4_general_ci NULL DEFAULT NULL COMMENT '机构名称',
  `email` varchar(50) CHARACTER SET utf8mb4 COLLATE utf8mb4_general_ci NULL DEFAULT '' COMMENT '用户邮箱',
  `qq` varchar(30) CHARACTER SET utf8mb4 COLLATE utf8mb4_general_ci NULL DEFAULT NULL COMMENT 'QQ',
  `phone` varchar(11) CHARACTER SET utf8mb4 COLLATE utf8mb4_general_ci NULL DEFAULT '' COMMENT '手机号码',
  `sex` char(1) CHARACTER SET utf8mb4 COLLATE utf8mb4_general_ci NULL DEFAULT '0' COMMENT '用户性别（0男 1女 2未知）',
  `avatar` varchar(100) CHARACTER SET utf8mb4 COLLATE utf8mb4_general_ci NULL DEFAULT '' COMMENT '头像地址',
  `status` char(1) CHARACTER SET utf8mb4 COLLATE utf8mb4_general_ci NULL DEFAULT '0' COMMENT '帐号状态（0正常 1停用）',
  `login_ip` varchar(50) CHARACTER SET utf8mb4 COLLATE utf8mb4_general_ci NULL DEFAULT '' COMMENT '最后登陆IP',
  `login_time` datetime NULL DEFAULT NULL COMMENT '最后登陆时间',
  `create_by` varchar(64) CHARACTER SET utf8mb4 COLLATE utf8mb4_general_ci NULL DEFAULT '' COMMENT '创建者',
  `create_time` datetime NULL DEFAULT NULL COMMENT '创建时间',
  `update_by` varchar(64) CHARACTER SET utf8mb4 COLLATE utf8mb4_general_ci NULL DEFAULT '' COMMENT '更新者',
  `update_time` datetime NULL DEFAULT NULL COMMENT '更新时间',
  `remarks` varchar(500) CHARACTER SET utf8mb4 COLLATE utf8mb4_general_ci NULL DEFAULT NULL COMMENT '备注',
  `del_flag` char(1) CHARACTER SET utf8mb4 COLLATE utf8mb4_general_ci NULL DEFAULT '0' COMMENT '删除标志（0代表存在 1代表删除）',
  PRIMARY KEY (`id`) USING BTREE
) ENGINE = InnoDB AUTO_INCREMENT = 11 CHARACTER SET = utf8mb4 COLLATE = utf8mb4_general_ci COMMENT = '用户信息表' ROW_FORMAT = DYNAMIC;

-- ----------------------------
-- Records of sys_user
-- ----------------------------
INSERT INTO `sys_user` VALUES (1, 'admin', '管理员', '00', '$2a$10$N0EAFRVjSYipHK/HDqzuEuVJZBabVTD7Z.NrXrnas984.1wjkaLK.', 1, '华康集团', '111@qq.com', NULL, '15611111111', '1', '/profile/avatar/avatar1589722134317.png', '0', '', NULL, 'admin', '2020-03-13 20:56:44', '', '2021-05-04 23:21:33', '全栈工程师', '0');
INSERT INTO `sys_user` VALUES (2, 'test', '测试01', '00', '$2a$10$Yq7NRB8VO4n1AxcThlwJweM1WE8fwvFRl0krQkNihGxiCRW/Gfp/.', 1, '重庆总公司', '', NULL, '', '0', '', '0', '', NULL, 'admin', '2020-03-14 18:14:11', '', NULL, NULL, '1');
INSERT INTO `sys_user` VALUES (7, '小猫', '小猫', '00', '$2a$10$algx6IS1lUK6sQX6OakbVOq7dXrShIr2IMrEh8JguRw7VhDy5FwBS', 1, '', '1827945911@qq.com', NULL, '13272461811', '0', '', '0', '', NULL, 'admin', '2021-04-04 17:24:07', '', '2021-04-04 17:24:17', NULL, '1');
INSERT INTO `sys_user` VALUES (8, '小可爱', '小可爱', '00', '$2a$10$/ofeR7BxtYaRkmuU6S4Jq.lJ.lLUTN3UPYULqbhcYiOkcQcUQur3q', 1, '', '1827945911@qq.com', NULL, '13272461811', '0', '', '0', '', NULL, 'admin', '2021-04-04 17:25:02', '', NULL, NULL, '1');
INSERT INTO `sys_user` VALUES (9, '小狗', '小狗', '00', '$2a$10$W3qfJHogHT3NHtLbasw6gO9iNADkJWsrbczvgNb8H09rhLXAzGA5i', 1, '', '1827945911@qq.com', NULL, '13272461811', '0', '', '0', '', NULL, 'admin', '2021-04-04 17:27:49', '', NULL, NULL, '1');
INSERT INTO `sys_user` VALUES (10, '小猪', '小猪', '00', '$2a$10$iLAi75SNyPu5BPFhHk6Os.QyCdl7EqrOpHIOgPlmr3f89EHFK/pRi', 1, '', '1827945911@qq.com', NULL, '13272461811', '0', '', '0', '', NULL, 'admin', '2021-04-04 17:28:34', '', NULL, NULL, '1');
INSERT INTO `sys_user` VALUES (11, 'xuke', '不太冷', '00', '$2a$10$pEaKf2aaxXgaTWXCVADJteUkT6Gk5W0Cn9f7eyqn1iuD9JvWakFa2', 1, '华康集团', '136@qq.com', NULL, '13631255222', '0', '', '0', '', NULL, NULL, '2021-05-04 21:32:00', '', '2021-05-04 23:21:33', '测试', '1');

-- ----------------------------
-- Table structure for sys_user_role
-- ----------------------------
DROP TABLE IF EXISTS `sys_user_role`;
CREATE TABLE `sys_user_role`  (
  `user_id` int NULL DEFAULT NULL,
  `role_id` int NULL DEFAULT NULL
) ENGINE = InnoDB CHARACTER SET = utf8mb4 COLLATE = utf8mb4_general_ci ROW_FORMAT = DYNAMIC;

-- ----------------------------
-- Records of sys_user_role
-- ----------------------------
INSERT INTO `sys_user_role` VALUES (1, 1);
INSERT INTO `sys_user_role` VALUES (2, 2);
INSERT INTO `sys_user_role` VALUES (4, 2);
INSERT INTO `sys_user_role` VALUES (3, 2);
INSERT INTO `sys_user_role` VALUES (5, 2);
INSERT INTO `sys_user_role` VALUES (8, 2);
INSERT INTO `sys_user_role` VALUES (9, 2);
INSERT INTO `sys_user_role` VALUES (3, 1);
INSERT INTO `sys_user_role` VALUES (4, 1);
INSERT INTO `sys_user_role` VALUES (5, 1);
INSERT INTO `sys_user_role` VALUES (6, 1);
INSERT INTO `sys_user_role` VALUES (7, 1);
INSERT INTO `sys_user_role` VALUES (8, 1);
INSERT INTO `sys_user_role` VALUES (9, 1);
INSERT INTO `sys_user_role` VALUES (10, 1);
INSERT INTO `sys_user_role` VALUES (11, 2);

-- ----------------------------
-- Table structure for test
-- ----------------------------
DROP TABLE IF EXISTS `test`;
CREATE TABLE `test`  (
  `id` int NOT NULL AUTO_INCREMENT COMMENT '编号',
  `create_by` varchar(60) CHARACTER SET utf8mb4 COLLATE utf8mb4_general_ci NULL DEFAULT NULL COMMENT '创建人',
  `create_time` datetime NULL DEFAULT NULL COMMENT '创建时间',
  `update_by` varchar(60) CHARACTER SET utf8mb4 COLLATE utf8mb4_general_ci NULL DEFAULT NULL COMMENT '更新人',
  `update_time` datetime NULL DEFAULT NULL COMMENT '更新时间',
  `remarks` varchar(255) CHARACTER SET utf8mb4 COLLATE utf8mb4_general_ci NULL DEFAULT NULL COMMENT '备注',
  `del_flag` char(1) CHARACTER SET utf8mb4 COLLATE utf8mb4_general_ci NULL DEFAULT '0' COMMENT '删除标识（0-正常，1-删除）',
  PRIMARY KEY (`id`) USING BTREE
) ENGINE = InnoDB AUTO_INCREMENT = 1 CHARACTER SET = utf8mb4 COLLATE = utf8mb4_general_ci COMMENT = '测试' ROW_FORMAT = DYNAMIC;

-- ----------------------------
-- Records of test
-- ----------------------------

SET FOREIGN_KEY_CHECKS = 1;
